model,sampler,subnet,task,c2st,c2st_std,c2st_median,c2st_mad,time,time_std
flow_matching,ode-euler,mlp,gaussian_mixture,0.667519998550415,0.04640810876153348,0.6732249855995178,0.04129999876022339,6.0313665247522295,0.31099379755173434
flow_matching,ode-euler,mlp,sir,0.596215009689331,0.05357982107467766,0.5699250102043152,0.01962500810623169,6.095231259148568,0.3101534427891445
flow_matching,ode-euler,mlp,gaussian_linear,0.503055003285408,0.0010598224972443793,0.502700001001358,0.0006249845027923584,6.042067453358323,0.31114178734825093
flow_matching,ode-euler,mlp,gaussian_linear_uniform,0.5073450028896331,0.0035336592612286817,0.5062250196933746,0.0017249882221221924,6.06536325532943,0.30157675435263626
flow_matching,ode-euler,mlp,lotka_volterra,0.8520799994468689,0.07158781769293547,0.848374992609024,0.04117497801780701,6.095662763901055,0.3070085402690497
flow_matching,ode-euler,mlp,slcp,0.7527349948883056,0.0980491145904583,0.7180249989032745,0.04765000939369202,6.020528305508196,0.30812152578905627
flow_matching,ode-euler,mlp,two_moons,0.6340649962425232,0.054777841737027336,0.6253249943256378,0.04450002312660217,6.02238360028714,0.3097088782541809
flow_matching,ode-euler,mlp,bernoulli_glm,0.5583150029182434,0.032710585113602114,0.5581749975681305,0.032649993896484375,6.045892116706819,0.3216521877862801
flow_matching,ode-euler,mlp,slcp_distractors,0.7666899919509887,0.09488644621678836,0.7243750095367432,0.052450031042099,6.127693694457411,0.3203324567041538
flow_matching,ode-euler,mlp,bernoulli_glm_raw,0.5417249977588654,0.014526555931439044,0.5418999791145325,0.011875003576278687,6.17652153512463,0.3006509570788513
flow_matching,ode-euler,time_mlp,gaussian_mixture,0.5443599939346313,0.009330801823831667,0.5425749719142914,0.006750017404556274,12.96876073786989,0.4743134846029277
flow_matching,ode-euler,time_mlp,sir,0.5534749984741211,0.02204211001440455,0.5503749847412109,0.010774999856948853,12.845015542954206,0.4858142753378649
flow_matching,ode-euler,time_mlp,gaussian_linear,0.5034700036048889,0.0028930243042688316,0.5031750202178955,0.0018250346183776855,12.73188085956499,0.48385484303662063
flow_matching,ode-euler,time_mlp,gaussian_linear_uniform,0.5047999948263169,0.0020057422790868804,0.5054000020027161,0.0014249980449676514,12.92010114910081,0.4799535034468517
flow_matching,ode-euler,time_mlp,lotka_volterra,0.7073000013828278,0.10338016983647522,0.6791500151157379,0.054150015115737915,12.89987660665065,0.482810185929379
flow_matching,ode-euler,time_mlp,slcp,0.6414249956607818,0.0985611224790391,0.5836749970912933,0.02287501096725464,12.72569532468915,0.47571347354804827
flow_matching,ode-euler,time_mlp,two_moons,0.5209699928760528,0.013091885615890881,0.5172500014305115,0.007624983787536621,13.0804287686944,0.48390140078306554
flow_matching,ode-euler,time_mlp,bernoulli_glm,0.5111649990081787,0.005084581040861946,0.5102249979972839,0.0034500062465667725,12.883788920100779,0.47850414783058054
flow_matching,ode-euler,time_mlp,slcp_distractors,0.6726050019264221,0.10361277552798083,0.6247499883174896,0.05814999341964722,13.02465740730986,0.4833416655532227
flow_matching,ode-euler,time_mlp,bernoulli_glm_raw,0.5122250080108642,0.005292361234628144,0.5123500227928162,0.003475010395050049,12.640999149717391,0.4550923432981675
flow_matching_edm,ode-euler,mlp,gaussian_mixture,0.6513749957084656,0.04485058486346771,0.6427499949932098,0.035750001668930054,6.083065560553223,0.2861355472837052
flow_matching_edm,ode-euler,mlp,sir,0.5875599980354309,0.056529143943699206,0.565850019454956,0.020775020122528076,6.089725918974727,0.29259819364334905
flow_matching_edm,ode-euler,mlp,gaussian_linear,0.5045399963855743,0.0016153625395526475,0.5045749843120575,0.0010000020265579224,6.116641491465271,0.3037264335956461
flow_matching_edm,ode-euler,mlp,gaussian_linear_uniform,0.5063549965620041,0.0024043187843719328,0.5066750049591064,0.0005249977111816406,6.34578723879531,0.7096503069807114
flow_matching_edm,ode-euler,mlp,lotka_volterra,0.8204850018024444,0.08927569520371677,0.8457750082015991,0.06859999895095825,6.02759519116953,0.2818555554943465
flow_matching_edm,ode-euler,mlp,slcp,0.7035550057888031,0.10284954874957859,0.6658250093460083,0.058300018310546875,5.929034041427076,0.29365541945232254
flow_matching_edm,ode-euler,mlp,two_moons,0.5709300011396408,0.05530454705040989,0.5623999834060669,0.04177498817443848,6.065626036282628,0.2901536983622256
flow_matching_edm,ode-euler,mlp,bernoulli_glm,0.5621999979019165,0.03675201964621034,0.5554499924182892,0.031374990940093994,5.982787225022912,0.30423881862228336
flow_matching_edm,ode-euler,mlp,slcp_distractors,0.7586250007152557,0.09025914541559542,0.7211499810218811,0.040349990129470825,5.837912833690643,0.28947784659036513
flow_matching_edm,ode-euler,mlp,bernoulli_glm_raw,0.5555700063705444,0.028483107189355598,0.5466500222682953,0.024925023317337036,6.100211038440466,0.2826496189518465
flow_matching_edm,ode-euler,time_mlp,gaussian_mixture,0.543295007944107,0.006562062169689654,0.5426750183105469,0.005225002765655518,13.018716636765749,0.4790569887833047
flow_matching_edm,ode-euler,time_mlp,sir,0.5474799990653991,0.010149215963161902,0.5487250089645386,0.006424993276596069,12.65634082481265,0.429781252585444
flow_matching_edm,ode-euler,time_mlp,gaussian_linear,0.5046649962663651,0.002416714196744273,0.5041249990463257,0.0019250065088272095,12.852230042777956,0.47599883670669196
flow_matching_edm,ode-euler,time_mlp,gaussian_linear_uniform,0.507385003566742,0.004055364285745564,0.5073000192642212,0.0020000040531158447,12.89245592392981,0.4942722115846644
flow_matching_edm,ode-euler,time_mlp,lotka_volterra,0.6865799963474274,0.09131475862818453,0.6653249859809875,0.060049980878829956,13.024151380825788,0.4839025731993002
flow_matching_edm,ode-euler,time_mlp,slcp,0.6228549897670745,0.08508152981052498,0.5756250023841858,0.027950018644332886,12.925565395411104,0.508666620238456
flow_matching_edm,ode-euler,time_mlp,two_moons,0.5244899988174438,0.012239238513198561,0.5235499739646912,0.007724970579147339,11.926054457668215,0.4939579751020788
flow_matching_edm,ode-euler,time_mlp,bernoulli_glm,0.5162300050258637,0.003210699691179158,0.5167250037193298,0.0020000040531158447,12.67516551055014,0.45781097431014967
flow_matching_edm,ode-euler,time_mlp,slcp_distractors,0.6550449967384339,0.078830335532453,0.6500749886035919,0.05717498064041138,12.819596370309592,0.4872216231409595
flow_matching_edm,ode-euler,time_mlp,bernoulli_glm_raw,0.5174749970436097,0.005904802090364937,0.5168249905109406,0.0034499764442443848,12.743913158029319,0.4692191142769873
ot_flow_matching,ode-euler,mlp,gaussian_mixture,0.9066750109195709,0.025439038279529192,0.9100500047206879,0.020999997854232788,6.024458144418896,0.29827766652756504
ot_flow_matching,ode-euler,mlp,sir,0.8976999998092652,0.025192540599820346,0.8952000141143799,0.024925023317337036,6.033309631794691,0.3033691652159346
ot_flow_matching,ode-euler,mlp,gaussian_linear,0.7684550106525421,0.04192292970988019,0.7658750116825104,0.029774993658065796,6.158522954955697,0.292994961912183
ot_flow_matching,ode-euler,mlp,gaussian_linear_uniform,0.8391500055789948,0.018307464574222592,0.8394249975681305,0.014899998903274536,6.069514597859234,0.28659091356141514
ot_flow_matching,ode-euler,mlp,lotka_volterra,0.9796900033950806,0.010175713399430374,0.9804500043392181,0.007450014352798462,5.991119964513928,0.2924512354291445
ot_flow_matching,ode-euler,mlp,slcp,0.8812649965286254,0.04303818996720457,0.8831250071525574,0.04945001006126404,5.596468040812761,0.2470395125385772
ot_flow_matching,ode-euler,mlp,two_moons,0.880685007572174,0.041532270072331706,0.8639499843120575,0.027824968099594116,6.0784388113766905,0.28349518244450456
ot_flow_matching,ode-euler,mlp,bernoulli_glm,0.9077300012111664,0.027310542256697445,0.9095750153064728,0.025624990463256836,6.085518445447088,0.30838960192732606
ot_flow_matching,ode-euler,mlp,slcp_distractors,0.8853949964046478,0.04348888268939749,0.8883999884128571,0.04280000925064087,6.093331394717097,0.29613070656775153
ot_flow_matching,ode-euler,mlp,bernoulli_glm_raw,0.904559999704361,0.02824869935989407,0.9057750105857849,0.028224974870681763,6.0408174837008115,0.27374268991849626
ot_flow_matching,ode-euler,time_mlp,gaussian_mixture,0.909865003824234,0.02378812491233574,0.9127250015735626,0.020424991846084595,12.873421396221966,0.419539921751242
ot_flow_matching,ode-euler,time_mlp,sir,0.8924800038337708,0.026496526373548667,0.8928000032901764,0.025924980640411377,12.965981472749263,0.4811143012182897
ot_flow_matching,ode-euler,time_mlp,gaussian_linear,0.7635300040245057,0.039491930630876394,0.7608250081539154,0.02739998698234558,12.887046745140106,0.47323590420125905
ot_flow_matching,ode-euler,time_mlp,gaussian_linear_uniform,0.8364900052547455,0.019228118070301132,0.8349500000476837,0.013000011444091797,12.751700979098677,0.4512393406283802
ot_flow_matching,ode-euler,time_mlp,lotka_volterra,0.9598600089550018,0.017984354296447493,0.9548750221729279,0.013500005006790161,13.115724894683808,0.4666738255886398
ot_flow_matching,ode-euler,time_mlp,slcp,0.8649599969387054,0.04207733662563762,0.8745750188827515,0.028374969959259033,11.889930964726954,0.47173227844531984
ot_flow_matching,ode-euler,time_mlp,two_moons,0.8584949970245361,0.036398358237316485,0.8461499810218811,0.02922499179840088,12.75839297939092,0.4633800224670626
ot_flow_matching,ode-euler,time_mlp,bernoulli_glm,0.8899299919605255,0.02184839482189062,0.8936749994754791,0.021624982357025146,12.703666064422578,0.4392447603032648
ot_flow_matching,ode-euler,time_mlp,slcp_distractors,0.8627949953079224,0.038597110936264806,0.8716749846935272,0.031200021505355835,12.867931817099452,0.47413711682227216
ot_flow_matching,ode-euler,time_mlp,bernoulli_glm_raw,0.8895949959754944,0.023755461679916885,0.890749990940094,0.02287501096725464,12.667100899107755,0.4710079322641588
ot_partial_flow_matching,ode-euler,mlp,gaussian_mixture,0.9249899983406067,0.020572622127369596,0.92535001039505,0.017199993133544922,6.091139591112733,0.3014302882869592
ot_partial_flow_matching,ode-euler,mlp,sir,0.9184349954128266,0.021305542248602326,0.9170249998569489,0.019675016403198242,6.067004105169326,0.2990300846946115
ot_partial_flow_matching,ode-euler,mlp,gaussian_linear,0.7877600073814393,0.04749219117677883,0.7823000252246857,0.03819999098777771,6.001145834382624,0.30255456573884365
ot_partial_flow_matching,ode-euler,mlp,gaussian_linear_uniform,0.8551249921321868,0.023732077119147203,0.8566000163555145,0.019350022077560425,6.170503914821893,0.2956046829589771
ot_partial_flow_matching,ode-euler,mlp,lotka_volterra,0.9832850098609924,0.010649161883572048,0.9828500151634216,0.008949995040893555,5.69782115155831,0.2630764400472372
ot_partial_flow_matching,ode-euler,mlp,slcp,0.8905900001525879,0.04044472435791365,0.8922249972820282,0.037025004625320435,6.103610510472208,0.2901525064499094
ot_partial_flow_matching,ode-euler,mlp,two_moons,0.9009049952030181,0.033763240915070276,0.8858999907970428,0.024199992418289185,5.950690520741046,0.3013072375101529
ot_partial_flow_matching,ode-euler,mlp,bernoulli_glm,0.9191449999809265,0.03672624394150194,0.9211999773979187,0.0350249707698822,6.073569800332189,0.2843662420882022
ot_partial_flow_matching,ode-euler,mlp,slcp_distractors,0.8978850066661834,0.04112081978303679,0.9116750061511993,0.03727501630783081,6.1098941844888035,0.29617146871555183
ot_partial_flow_matching,ode-euler,mlp,bernoulli_glm_raw,0.9174549996852874,0.03742327669812829,0.9202750027179718,0.037400007247924805,6.128653716482222,0.30917356841801663
ot_partial_flow_matching,ode-euler,time_mlp,gaussian_mixture,0.9261700093746186,0.01974401766957759,0.9271500110626221,0.014050006866455078,12.674844829831272,0.4755977796959733
ot_partial_flow_matching,ode-euler,time_mlp,sir,0.9153650045394898,0.0236123722333238,0.9171500205993652,0.023950010538101196,12.773270102683455,0.4648461341206011
ot_partial_flow_matching,ode-euler,time_mlp,gaussian_linear,0.7883749902248383,0.05011572932005403,0.7850500047206879,0.03897497057914734,12.896061063744128,0.4630567413468502
ot_partial_flow_matching,ode-euler,time_mlp,gaussian_linear_uniform,0.850805002450943,0.023495410081345293,0.8529250025749207,0.019524991512298584,12.87811044100672,0.41148627795241244
ot_partial_flow_matching,ode-euler,time_mlp,lotka_volterra,0.9691449880599976,0.017429865219068877,0.9653749763965607,0.013874977827072144,13.020632608793676,0.5550150954941958
ot_partial_flow_matching,ode-euler,time_mlp,slcp,0.8780699968338013,0.03866881242594114,0.8781749904155731,0.034074991941452026,13.068240049947054,0.4001760207368377
ot_partial_flow_matching,ode-euler,time_mlp,two_moons,0.8830349922180176,0.033628798109365164,0.8715749979019165,0.027274996042251587,13.117354532610625,0.4964164821587263
ot_partial_flow_matching,ode-euler,time_mlp,bernoulli_glm,0.9103350102901459,0.03741128819849654,0.9085250198841095,0.03545001149177551,12.016139715816825,0.485426154383392
ot_partial_flow_matching,ode-euler,time_mlp,slcp_distractors,0.87885000705719,0.03642376782483655,0.883774995803833,0.03380000591278076,12.963107602577656,0.4707800763675595
ot_partial_flow_matching,ode-euler,time_mlp,bernoulli_glm_raw,0.9065399944782258,0.03889183777321945,0.9061749875545502,0.0361500084400177,12.698630263097584,0.47052696350408474
cot_flow_matching,ode-euler,mlp,gaussian_mixture,0.6841199934482575,0.06708118801507948,0.669950008392334,0.05832502245903015,6.068401607498527,0.2975261648621843
cot_flow_matching,ode-euler,mlp,sir,0.6037950098514557,0.06680697161012689,0.5622000098228455,0.018099993467330933,6.095289805904031,0.3181262358520537
cot_flow_matching,ode-euler,mlp,gaussian_linear,0.50348000228405,0.0025221222713081525,0.5033999979496002,0.0018499940633773804,6.3556020393967625,0.356233323260874
cot_flow_matching,ode-euler,mlp,gaussian_linear_uniform,0.5061749994754792,0.0024174643629707136,0.5060250163078308,0.0017749965190887451,5.741139504127204,0.2754280432828228
cot_flow_matching,ode-euler,mlp,lotka_volterra,0.8492550015449524,0.05490480359524037,0.853549987077713,0.03939998149871826,6.053491735365242,0.2901935408078992
cot_flow_matching,ode-euler,mlp,slcp,0.7254249930381775,0.10602609359327156,0.6695249974727631,0.056275010108947754,6.061900939512998,0.2908141705284739
cot_flow_matching,ode-euler,mlp,two_moons,0.640559995174408,0.07665811695708177,0.6427749991416931,0.03259998559951782,6.079477040562779,0.302429603160645
cot_flow_matching,ode-euler,mlp,bernoulli_glm,0.5545199990272522,0.03185040067203179,0.5555999875068665,0.02995002269744873,6.0470966816879805,0.3054349392625181
cot_flow_matching,ode-euler,mlp,slcp_distractors,0.7648999989032745,0.1069277953903362,0.7192749977111816,0.06772497296333313,6.041103732213378,0.2995069736740011
cot_flow_matching,ode-euler,mlp,bernoulli_glm_raw,0.5426249980926514,0.015834411594621366,0.5424749851226807,0.01812499761581421,5.798943472653628,0.3786848302673563
cot_flow_matching,ode-euler,time_mlp,gaussian_mixture,0.5684400022029876,0.03494070518858831,0.5531499981880188,0.02182498574256897,12.97517136828974,0.46663670491626075
cot_flow_matching,ode-euler,time_mlp,sir,0.5769800007343292,0.05320396668700978,0.5579749941825867,0.023074984550476074,13.566341053135693,0.5809640366479679
cot_flow_matching,ode-euler,time_mlp,gaussian_linear,0.5025349974632263,0.0022654037901990664,0.5014249980449677,0.0004750192165374756,12.858772614691407,0.4968113526641641
cot_flow_matching,ode-euler,time_mlp,gaussian_linear_uniform,0.5052850008010864,0.003395813134898943,0.504925012588501,0.002674996852874756,13.495315684191883,0.6066214048683223
cot_flow_matching,ode-euler,time_mlp,lotka_volterra,0.689329993724823,0.08804287148260961,0.6600500047206879,0.04309996962547302,13.018638417683542,0.46286221553447815
cot_flow_matching,ode-euler,time_mlp,slcp,0.635684996843338,0.09696384725988459,0.5883499979972839,0.03802499175071716,12.993657821044327,0.46123036058199784
cot_flow_matching,ode-euler,time_mlp,two_moons,0.5552750051021575,0.0383684627322093,0.5484500229358673,0.03560003638267517,12.911481650359928,0.4888311670204095
cot_flow_matching,ode-euler,time_mlp,bernoulli_glm,0.5142250061035156,0.007418492148608838,0.5144500136375427,0.006825000047683716,12.795811580307781,0.4778645382267324
cot_flow_matching,ode-euler,time_mlp,slcp_distractors,0.6361649990081787,0.08813521997152292,0.5839750170707703,0.034075021743774414,12.645591589156538,0.4552472422608163
cot_flow_matching,ode-euler,time_mlp,bernoulli_glm_raw,0.5155350029468536,0.004990938807300951,0.5151000022888184,0.0016250014305114746,12.818990346509963,0.4890948990138967
cot_0_02_flow_matching,ode-euler,mlp,gaussian_mixture,0.7071300029754639,0.06854765388970949,0.6827250123023987,0.04657500982284546,6.4334719780832526,0.35186070285841636
cot_0_02_flow_matching,ode-euler,mlp,sir,0.6338699996471405,0.08600620042412245,0.5943250060081482,0.04377502202987671,6.029489479213953,0.3293395780884919
cot_0_02_flow_matching,ode-euler,mlp,gaussian_linear,0.5115900039672852,0.0047169204621949875,0.511000007390976,0.0025500059127807617,6.432943004276604,0.6021916698785822
cot_0_02_flow_matching,ode-euler,mlp,gaussian_linear_uniform,0.5088249981403351,0.003562389775338354,0.5077250003814697,0.0004499852657318115,6.136014175787568,0.29912177329440454
cot_0_02_flow_matching,ode-euler,mlp,lotka_volterra,0.8566199958324432,0.05521831474050357,0.8510500192642212,0.037150025367736816,6.0786064140498635,0.3003001376592579
cot_0_02_flow_matching,ode-euler,mlp,slcp,0.7170800030231476,0.09330373097539595,0.6643249988555908,0.03880000114440918,6.108426097314805,0.3051255887748911
cot_0_02_flow_matching,ode-euler,mlp,two_moons,0.6431150019168854,0.07696096973331217,0.6482999920845032,0.04937499761581421,6.550548620894551,0.3749919338606761
cot_0_02_flow_matching,ode-euler,mlp,bernoulli_glm,0.5664449989795685,0.04698716874858829,0.5647250115871429,0.04469999670982361,6.0845484319143,0.29920192302872406
cot_0_02_flow_matching,ode-euler,mlp,slcp_distractors,0.7519299924373627,0.08847242772074891,0.7146250009536743,0.05217501521110535,6.179017258156091,0.2996841067520474
cot_0_02_flow_matching,ode-euler,mlp,bernoulli_glm_raw,0.5493900060653687,0.022061060210187354,0.5499750077724457,0.02347499132156372,5.998139106854796,0.2971576326660651
cot_0_02_flow_matching,ode-euler,time_mlp,gaussian_mixture,0.5889850080013275,0.04592547540557079,0.5741499960422516,0.03290000557899475,12.978169593121857,0.47986301057401565
cot_0_02_flow_matching,ode-euler,time_mlp,sir,0.6092899978160858,0.08909847084623349,0.5841249823570251,0.038924992084503174,12.972748896107078,0.47303703801929614
cot_0_02_flow_matching,ode-euler,time_mlp,gaussian_linear,0.510605001449585,0.007760872444801609,0.509850025177002,0.006449997425079346,12.892197929043324,0.44159207538030787
cot_0_02_flow_matching,ode-euler,time_mlp,gaussian_linear_uniform,0.5068499922752381,0.004324587470233752,0.5064249932765961,0.003224998712539673,12.822718073334546,0.4712160529281159
cot_0_02_flow_matching,ode-euler,time_mlp,lotka_volterra,0.7181849956512452,0.10191549637566293,0.6619249880313873,0.0372999906539917,13.06577457981184,0.48189169251443426
cot_0_02_flow_matching,ode-euler,time_mlp,slcp,0.6536549985408783,0.08233900238426557,0.6209250092506409,0.053474992513656616,12.60251698680222,0.46076505013338315
cot_0_02_flow_matching,ode-euler,time_mlp,two_moons,0.5619449943304062,0.04744969110424335,0.5512000024318695,0.03860001266002655,12.715099959541112,0.5622485197536509
cot_0_02_flow_matching,ode-euler,time_mlp,bernoulli_glm,0.5203099966049194,0.014647522820822795,0.5193249881267548,0.01260000467300415,12.81745250383392,0.48279854697223956
cot_0_02_flow_matching,ode-euler,time_mlp,slcp_distractors,0.648595005273819,0.08712365366479295,0.6076749861240387,0.04024997353553772,13.944855831749738,0.5150823829105196
cot_0_02_flow_matching,ode-euler,time_mlp,bernoulli_glm_raw,0.5178149938583374,0.007010168316618559,0.5185250043869019,0.005649983882904053,13.030527077242732,0.5371914927194356
cot_0_05_flow_matching,ode-euler,mlp,gaussian_mixture,0.727875006198883,0.07012661413154911,0.7023000121116638,0.03670001029968262,6.208348515909165,0.31281046879149993
cot_0_05_flow_matching,ode-euler,mlp,sir,0.711930000782013,0.07103512812567687,0.6896249949932098,0.060049980878829956,6.126255076006055,0.32751668942239565
cot_0_05_flow_matching,ode-euler,mlp,gaussian_linear,0.5496450066566467,0.023747371248440407,0.546099990606308,0.01902499794960022,6.071028085146099,0.3010085310531965
cot_0_05_flow_matching,ode-euler,mlp,gaussian_linear_uniform,0.5361999988555908,0.017452810094745273,0.5383999943733215,0.011124998331069946,6.153191094845534,0.3034737532857316
cot_0_05_flow_matching,ode-euler,mlp,lotka_volterra,0.8699500024318695,0.05302554015657724,0.869049996137619,0.021474987268447876,6.071345336735249,0.2764865179401432
cot_0_05_flow_matching,ode-euler,mlp,slcp,0.733174991607666,0.08743533177269372,0.7097249925136566,0.052875012159347534,6.068570073880255,0.30934488319756126
cot_0_05_flow_matching,ode-euler,mlp,two_moons,0.7042550086975098,0.0872148894365298,0.7219500243663788,0.06929999589920044,6.175235234759748,0.2944507376464298
cot_0_05_flow_matching,ode-euler,mlp,bernoulli_glm,0.6118249893188477,0.08484701743021575,0.6166749894618988,0.08869999647140503,6.449737409129739,0.3387726020090248
cot_0_05_flow_matching,ode-euler,mlp,slcp_distractors,0.7510049998760223,0.09225313338347531,0.7148750126361847,0.07165002822875977,6.014017562754452,0.28316309558092295
cot_0_05_flow_matching,ode-euler,mlp,bernoulli_glm_raw,0.581690001487732,0.05093299252184211,0.5701499879360199,0.04577496647834778,6.123340694792569,0.314736259573385
cot_0_05_flow_matching,ode-euler,time_mlp,gaussian_mixture,0.6600300014019013,0.06077295053997987,0.6440749764442444,0.04977497458457947,12.789901000633837,0.486491457725065
cot_0_05_flow_matching,ode-euler,time_mlp,sir,0.694254994392395,0.08377895166393354,0.6760750114917755,0.06617501378059387,13.136242283321916,0.4917671137866579
cot_0_05_flow_matching,ode-euler,time_mlp,gaussian_linear,0.5567050099372863,0.028995661679832623,0.5498250126838684,0.021225005388259888,12.93829285465181,0.49700749864756133
cot_0_05_flow_matching,ode-euler,time_mlp,gaussian_linear_uniform,0.5366299986839295,0.019938195258276895,0.5336000025272369,0.013574987649917603,12.992079163901508,0.486635015524873
cot_0_05_flow_matching,ode-euler,time_mlp,lotka_volterra,0.7634950041770935,0.0847499236462947,0.7304750084877014,0.047975003719329834,12.734539985749871,0.4640483845445035
cot_0_05_flow_matching,ode-euler,time_mlp,slcp,0.686409991979599,0.0776970956231981,0.6642749905586243,0.04264998435974121,12.926458313502371,0.5091040174051547
cot_0_05_flow_matching,ode-euler,time_mlp,two_moons,0.613744992017746,0.06486651626450259,0.6177499890327454,0.05074998736381531,12.872599348891526,0.47952114661443046
cot_0_05_flow_matching,ode-euler,time_mlp,bernoulli_glm,0.5679149985313415,0.048061747762510106,0.5632250010967255,0.044349998235702515,13.00666970508173,0.5393385206535687
cot_0_05_flow_matching,ode-euler,time_mlp,slcp_distractors,0.670799994468689,0.09079150258276293,0.6438249945640564,0.06457501649856567,12.70905672730878,0.4587634432156075
cot_0_05_flow_matching,ode-euler,time_mlp,bernoulli_glm_raw,0.540625,0.028418218570761846,0.5378749966621399,0.028275012969970703,13.068496242631227,0.48230345385677015
cot_0_1_flow_matching,ode-euler,mlp,gaussian_mixture,0.750614994764328,0.0697072661581383,0.745849996805191,0.06462499499320984,6.0206912323832515,0.29953681008374794
cot_0_1_flow_matching,ode-euler,mlp,sir,0.7372449934482574,0.07190822675237536,0.7086499929428101,0.05862501263618469,5.915084781870246,0.31432673041581566
cot_0_1_flow_matching,ode-euler,mlp,gaussian_linear,0.6072450041770935,0.03644502912364058,0.5981750190258026,0.030925005674362183,6.006703494116664,0.31021726655653675
cot_0_1_flow_matching,ode-euler,mlp,gaussian_linear_uniform,0.6048449993133544,0.02843522990644033,0.6085749864578247,0.019749999046325684,5.957174676656723,0.28912910177350426
cot_0_1_flow_matching,ode-euler,mlp,lotka_volterra,0.8883000016212463,0.05130152733502942,0.8723500072956085,0.0504000186920166,5.959899625740945,0.2940465470261538
cot_0_1_flow_matching,ode-euler,mlp,slcp,0.7510999917984009,0.07836256285810068,0.7294749915599823,0.055150002241134644,5.882355570979416,0.2998634124565526
cot_0_1_flow_matching,ode-euler,mlp,two_moons,0.7330749988555908,0.08077894603588635,0.7218250036239624,0.061549991369247437,6.232160832639783,0.3228258249836319
cot_0_1_flow_matching,ode-euler,mlp,bernoulli_glm,0.6691449999809265,0.1145564307021136,0.685575008392334,0.10682499408721924,6.092532292567194,0.3025500170278661
cot_0_1_flow_matching,ode-euler,mlp,slcp_distractors,0.7731450080871582,0.08021090722507407,0.7589000165462494,0.06902500987052917,6.043535543233157,0.30978872496392423
cot_0_1_flow_matching,ode-euler,mlp,bernoulli_glm_raw,0.6462800085544587,0.0930839943633508,0.6477750241756439,0.0952250063419342,6.142168159503489,0.3223600655142327
cot_0_1_flow_matching,ode-euler,time_mlp,gaussian_mixture,0.7133050084114074,0.06673321555577928,0.6989500224590302,0.05140000581741333,12.88755150027573,0.49290990754983666
cot_0_1_flow_matching,ode-euler,time_mlp,sir,0.7382049977779388,0.07807263231710959,0.7259249985218048,0.06642499566078186,12.62373290034011,0.4936388984898274
cot_0_1_flow_matching,ode-euler,time_mlp,gaussian_linear,0.6090950012207031,0.04024698509942041,0.602150022983551,0.030050039291381836,12.720972705073654,0.45429726974332374
cot_0_1_flow_matching,ode-euler,time_mlp,gaussian_linear_uniform,0.6093499958515167,0.032179694473585055,0.6106750071048737,0.02619999647140503,12.846820292435586,0.4757415726668002
cot_0_1_flow_matching,ode-euler,time_mlp,lotka_volterra,0.8105399966239929,0.08903825786613359,0.7818999886512756,0.0640999972820282,13.154529346898197,0.4805951237777166
cot_0_1_flow_matching,ode-euler,time_mlp,slcp,0.7159549951553345,0.0549851257150062,0.7214999794960022,0.05080002546310425,12.964020868949593,0.4893844805492965
cot_0_1_flow_matching,ode-euler,time_mlp,two_moons,0.6635800004005432,0.06567403519043183,0.6439999938011169,0.05757501721382141,12.969950507767498,0.49331476220529147
cot_0_1_flow_matching,ode-euler,time_mlp,bernoulli_glm,0.631520003080368,0.08565061907068894,0.6462250053882599,0.07647499442100525,12.820080981217325,0.5052438456823869
cot_0_1_flow_matching,ode-euler,time_mlp,slcp_distractors,0.7034649968147277,0.04946239774486597,0.6957499980926514,0.038375020027160645,12.841766766272485,0.4453362275908106
cot_0_1_flow_matching,ode-euler,time_mlp,bernoulli_glm_raw,0.6099350035190583,0.07882330704798214,0.6071749925613403,0.08402499556541443,13.246974810119719,0.548586923659158
cot_partial_flow_matching,ode-euler,mlp,gaussian_mixture,0.6994650065898895,0.08359556146405435,0.682200014591217,0.07175001502037048,6.572899085097015,0.3436762651433485
cot_partial_flow_matching,ode-euler,mlp,sir,0.6156999945640564,0.07838104011693245,0.5734249949455261,0.029150009155273438,6.153456071484834,0.30986298611836843
cot_partial_flow_matching,ode-euler,mlp,gaussian_linear,0.5128250062465668,0.004947841708376559,0.5110250115394592,0.0024499893188476562,6.063359312992543,0.301312858830839
cot_partial_flow_matching,ode-euler,mlp,gaussian_linear_uniform,0.5133450031280518,0.004464615017247328,0.5136749744415283,0.0032500028610229492,6.02950501088053,0.30062715424237174
cot_partial_flow_matching,ode-euler,mlp,lotka_volterra,0.8366600036621094,0.0765456772119352,0.8215000033378601,0.03647500276565552,5.987618308514357,0.3031288298576191
cot_partial_flow_matching,ode-euler,mlp,slcp,0.712295001745224,0.09059506144949524,0.690750002861023,0.056124985218048096,6.091079599037767,0.30258474042478134
cot_partial_flow_matching,ode-euler,mlp,two_moons,0.6470899939537048,0.09298409579247811,0.6487500071525574,0.06630000472068787,6.210001534409821,0.2995377024418154
cot_partial_flow_matching,ode-euler,mlp,bernoulli_glm,0.5940549969673157,0.07577431181169243,0.590925008058548,0.07020002603530884,6.102047719061375,0.29517207280819435
cot_partial_flow_matching,ode-euler,mlp,slcp_distractors,0.775299996137619,0.10480270795151511,0.7522999942302704,0.10817500948905945,6.15720031298697,0.33683376398790715
cot_partial_flow_matching,ode-euler,mlp,bernoulli_glm_raw,0.5751550078392029,0.04994907632360077,0.5655250251293182,0.04022502899169922,6.12631441950798,0.30761996318196094
cot_partial_flow_matching,ode-euler,time_mlp,gaussian_mixture,0.6012600004673004,0.06630030140293296,0.5791749954223633,0.0305749773979187,12.654280247632414,0.4363097625376331
cot_partial_flow_matching,ode-euler,time_mlp,sir,0.5861499905586243,0.06285531949463374,0.5659499764442444,0.022149980068206787,13.601072402950376,0.6484807540119466
cot_partial_flow_matching,ode-euler,time_mlp,gaussian_linear,0.5135700047016144,0.009927467758414953,0.5109000205993652,0.00565001368522644,12.7864198544994,0.4914509203566944
cot_partial_flow_matching,ode-euler,time_mlp,gaussian_linear_uniform,0.5088699936866761,0.007532863007252483,0.5068999826908112,0.003524988889694214,13.046573766693474,0.49301005864651315
cot_partial_flow_matching,ode-euler,time_mlp,lotka_volterra,0.7039349973201752,0.09409126500514269,0.6571000218391418,0.02020004391670227,12.895853335876017,0.44612374568843216
cot_partial_flow_matching,ode-euler,time_mlp,slcp,0.6525399863719941,0.07442617338841079,0.6480749845504761,0.05820000171661377,13.013906031101943,0.48755110845989325
cot_partial_flow_matching,ode-euler,time_mlp,two_moons,0.5721449971199035,0.059688393558718064,0.559499979019165,0.03877502679824829,12.980962685961277,0.4983082044791428
cot_partial_flow_matching,ode-euler,time_mlp,bernoulli_glm,0.5435350060462951,0.038601289315617786,0.5311500132083893,0.02482500672340393,14.033253996632993,0.5629039475634458
cot_partial_flow_matching,ode-euler,time_mlp,slcp_distractors,0.6604850053787231,0.08942407963565652,0.6362999975681305,0.055575013160705566,12.979491693899035,0.4627461805639706
cot_partial_flow_matching,ode-euler,time_mlp,bernoulli_glm_raw,0.5298649966716766,0.023838963631449384,0.5258750021457672,0.021975010633468628,12.812006289698184,0.48109098502691616
consistency_model,ode-euler,mlp,gaussian_mixture,0.6626849949359894,0.04177570214798918,0.652899980545044,0.03714996576309204,0.24991055205464363,0.285937990316521
consistency_model,ode-euler,mlp,sir,0.614284998178482,0.05853939977874244,0.6022749841213226,0.033775001764297485,0.25184003040194514,0.2942197949791951
consistency_model,ode-euler,mlp,gaussian_linear,0.5103799998760223,0.003732634632541091,0.510450005531311,0.0021999776363372803,0.25037860153242947,0.29029253272628436
consistency_model,ode-euler,mlp,gaussian_linear_uniform,0.5364849984645843,0.006251604433372023,0.5368500053882599,0.002974987030029297,0.25263328487053516,0.28577562257267775
consistency_model,ode-euler,mlp,lotka_volterra,0.8951299965381623,0.04130252022921692,0.8815750181674957,0.029100030660629272,0.24625911647453905,0.2819535883617409
consistency_model,ode-euler,mlp,slcp,0.7686400055885315,0.06700134019972931,0.7526749968528748,0.04342499375343323,0.24921436617150902,0.2826218052677671
consistency_model,ode-euler,mlp,two_moons,0.5501599997282028,0.05240117304394639,0.5202000141143799,0.017600014805793762,0.2524000957608223,0.29192234653983284
consistency_model,ode-euler,mlp,bernoulli_glm,0.5684450030326843,0.03957463360201303,0.5577999949455261,0.034074991941452026,0.24728129925206305,0.28356627876075075
consistency_model,ode-euler,mlp,slcp_distractors,0.801104998588562,0.0657688227597447,0.7940250039100647,0.06040000915527344,0.25004855301231144,0.27957230553478485
consistency_model,ode-euler,mlp,bernoulli_glm_raw,0.5549650073051453,0.02935671764476027,0.5492500066757202,0.021699994802474976,0.25129947643727063,0.28031015880611077
consistency_model,ode-euler,time_mlp,gaussian_mixture,0.6064600050449371,0.01567046821972125,0.6074000000953674,0.012199997901916504,0.43445073189213873,0.4417260613664972
consistency_model,ode-euler,time_mlp,sir,0.5599199950695037,0.018817984948335288,0.5570499897003174,0.015724986791610718,0.4389606344513595,0.4454857915439238
consistency_model,ode-euler,time_mlp,gaussian_linear,0.5300050020217896,0.008372116707273503,0.5301499962806702,0.007575005292892456,0.4398736829869449,0.44604432352468276
consistency_model,ode-euler,time_mlp,gaussian_linear_uniform,0.5338350057601928,0.003126903308460389,0.5344000160694122,0.0024499893188476562,0.44261903055012225,0.464453557645227
consistency_model,ode-euler,time_mlp,lotka_volterra,0.7459549963474273,0.10234753284971801,0.7055749893188477,0.046249985694885254,0.4343321867287159,0.4397202788303838
consistency_model,ode-euler,time_mlp,slcp,0.6780099928379059,0.08851644109167194,0.6584499776363373,0.06162497401237488,0.43654007809236645,0.44227173844972717
consistency_model,ode-euler,time_mlp,two_moons,0.5205350041389465,0.012869530605340207,0.5189999938011169,0.00845000147819519,0.43810884980484843,0.44391578498125295
consistency_model,ode-euler,time_mlp,bernoulli_glm,0.531045001745224,0.004991960427929725,0.5304250121116638,0.003724992275238037,0.4367082674987614,0.4430742396550762
consistency_model,ode-euler,time_mlp,slcp_distractors,0.6612900018692016,0.0737758118279389,0.6269749999046326,0.04132497310638428,0.4238943988457322,0.432782034301712
consistency_model,ode-euler,time_mlp,bernoulli_glm_raw,0.5572200000286103,0.00958862208466082,0.5579250156879425,0.006449997425079346,0.4405975708737969,0.45085060128240284
stable_consistency_model,ode-euler,mlp,gaussian_mixture,0.6003400027751923,0.034855647687503884,0.5830749869346619,0.01887500286102295,0.3918740273453295,0.5006478299465413
stable_consistency_model,ode-euler,mlp,sir,0.625044995546341,0.06417925812919002,0.5960249900817871,0.018749982118606567,0.3945495504885912,0.5095378578323254
stable_consistency_model,ode-euler,mlp,gaussian_linear,0.5921850025653839,0.007262038017682278,0.5899499952793121,0.0035499930381774902,0.3954523880034685,0.5196969032152784
stable_consistency_model,ode-euler,mlp,gaussian_linear_uniform,0.5517099976539612,0.007225845230048491,0.5524749755859375,0.005750000476837158,0.39012428298592566,0.5012545943107063
stable_consistency_model,ode-euler,mlp,lotka_volterra,0.8798949956893921,0.049652007332217175,0.8681749999523163,0.020125001668930054,0.36208273880183695,0.45243792665934046
stable_consistency_model,ode-euler,mlp,slcp,0.7889100074768066,0.0664469909767623,0.7809749841690063,0.05172500014305115,0.3940939731895924,0.5029096212477214
stable_consistency_model,ode-euler,mlp,two_moons,0.5666749954223633,0.031677565410920955,0.5527749955654144,0.018224984407424927,0.4271324680186808,0.5334147584406096
stable_consistency_model,ode-euler,mlp,bernoulli_glm,0.5653749942779541,0.04115025293744481,0.5576249957084656,0.03512498736381531,0.3870464464649558,0.49478072115254645
stable_consistency_model,ode-euler,mlp,slcp_distractors,0.826500004529953,0.05925226129716509,0.80035001039505,0.038300007581710815,0.3923848416656256,0.5031673916042374
stable_consistency_model,ode-euler,mlp,bernoulli_glm_raw,0.5724650025367737,0.03645822372810843,0.5764750242233276,0.03457498550415039,0.3940508088096976,0.5016235496705839
stable_consistency_model,ode-euler,time_mlp,gaussian_mixture,0.5811450004577636,0.01224367252150898,0.5835750102996826,0.007575005292892456,0.7092717504128814,0.750347245381562
stable_consistency_model,ode-euler,time_mlp,sir,0.5620700001716614,0.014037085030649816,0.5617749989032745,0.012324988842010498,0.6038254249840975,0.6296055368259083
stable_consistency_model,ode-euler,time_mlp,gaussian_linear,0.6021549999713898,0.004901956288303023,0.6024750173091888,0.0033749639987945557,0.6490468772128224,0.6584930645444061
stable_consistency_model,ode-euler,time_mlp,gaussian_linear_uniform,0.566285002231598,0.004674400495230706,0.5666750073432922,0.0022999942302703857,0.6831529337912798,0.7056750571919717
stable_consistency_model,ode-euler,time_mlp,lotka_volterra,0.7618799984455109,0.06486952280828588,0.7435500025749207,0.03365001082420349,0.6952552417293191,0.7101784254589052
stable_consistency_model,ode-euler,time_mlp,slcp,0.6885499954223633,0.09383259433610548,0.6345499753952026,0.016550004482269287,0.5865890677087009,0.5917634221355453
stable_consistency_model,ode-euler,time_mlp,two_moons,0.5410549938678741,0.013390156670273658,0.5426499843597412,0.008275002241134644,0.6575338280759752,0.6899571564150213
stable_consistency_model,ode-euler,time_mlp,bernoulli_glm,0.5508150041103363,0.010584233423320202,0.5515000224113464,0.006700009107589722,0.6449434543959797,0.6615005803891619
stable_consistency_model,ode-euler,time_mlp,slcp_distractors,0.6924100041389465,0.0721054261074857,0.6707749962806702,0.046174973249435425,0.6326603533700108,0.646911227663488
stable_consistency_model,ode-euler,time_mlp,bernoulli_glm_raw,0.5484349966049195,0.01297667512028674,0.5497999787330627,0.008375018835067749,0.6575414475984871,0.6916114094915062
diffusion_edm_vp,ode-euler,mlp,gaussian_mixture,0.6379599928855896,0.055758704404896525,0.6252999901771545,0.046624988317489624,8.592429210245609,0.436507237925998
diffusion_edm_vp,ode-euler,mlp,sir,0.6243449985980988,0.08058302641859592,0.5864500105381012,0.028674989938735962,8.203184998687357,0.3342143378150765
diffusion_edm_vp,ode-euler,mlp,gaussian_linear,0.5035750091075897,0.0024203585709959164,0.5035000145435333,0.0018500089645385742,8.316009498666972,0.32836296375486734
diffusion_edm_vp,ode-euler,mlp,gaussian_linear_uniform,0.5096199929714202,0.004548799988315657,0.5100249946117401,0.004325002431869507,7.6866156934760514,0.29831478935251854
diffusion_edm_vp,ode-euler,mlp,lotka_volterra,0.8517549932003021,0.06120780038611068,0.8673250079154968,0.05085000395774841,8.103990619629622,0.33696898627436406
diffusion_edm_vp,ode-euler,mlp,slcp,0.7032199919223785,0.08793857540313907,0.6875499784946442,0.06697499752044678,8.218286380171776,0.3609355740734394
diffusion_edm_vp,ode-euler,mlp,two_moons,0.5620350003242492,0.04077070257745854,0.5369749963283539,0.008325010538101196,7.922450575977564,0.33801179238864704
diffusion_edm_vp,ode-euler,mlp,bernoulli_glm,0.5948449969291687,0.05759421184251161,0.5891999900341034,0.05927500128746033,8.312571994028986,0.35068307983617225
diffusion_edm_vp,ode-euler,mlp,slcp_distractors,0.7248699903488159,0.09652473779716106,0.708299994468689,0.06084999442100525,8.26206995882094,0.3595158456413978
diffusion_edm_vp,ode-euler,mlp,bernoulli_glm_raw,0.5765749990940094,0.042069981454888286,0.5665749907493591,0.03169998526573181,8.130896945111454,0.3319450981431628
diffusion_edm_vp,ode-euler,time_mlp,gaussian_mixture,0.530429995059967,0.006272002702258424,0.5304999947547913,0.004224985837936401,15.070974321477115,0.5064031218679285
diffusion_edm_vp,ode-euler,time_mlp,sir,0.5420249998569489,0.017885536165049787,0.543150007724762,0.015199989080429077,14.85087038455531,0.4835158543456236
diffusion_edm_vp,ode-euler,time_mlp,gaussian_linear,0.5040049970149993,0.0032937351421290367,0.5027250051498413,0.00039999186992645264,15.038859869167208,0.521597049238066
diffusion_edm_vp,ode-euler,time_mlp,gaussian_linear_uniform,0.5162850022315979,0.0039019977188213322,0.5162749886512756,0.0027750134468078613,15.02140501961112,0.4968392071063169
diffusion_edm_vp,ode-euler,time_mlp,lotka_volterra,0.7130150020122528,0.0923715328627876,0.6818999946117401,0.03849998116493225,15.1373471589759,0.5183060385280154
diffusion_edm_vp,ode-euler,time_mlp,slcp,0.6504449844360352,0.09049627044246344,0.6248499751091003,0.05625000596046448,14.881974315177649,0.5319718116456683
diffusion_edm_vp,ode-euler,time_mlp,two_moons,0.5235499978065491,0.0137861497984807,0.5174499750137329,0.005649954080581665,14.709218157362193,0.43801985785005
diffusion_edm_vp,ode-euler,time_mlp,bernoulli_glm,0.5205900073051453,0.00695872002479942,0.5205000042915344,0.004949986934661865,15.234989679232239,0.4882318720590349
diffusion_edm_vp,ode-euler,time_mlp,slcp_distractors,0.6501399993896484,0.0719337644850117,0.6390500068664551,0.06347498297691345,14.934682753309607,0.534521931791518
diffusion_edm_vp,ode-euler,time_mlp,bernoulli_glm_raw,0.5213849902153015,0.0038314471538971975,0.5219749808311462,0.0031999945640563965,14.815429093316197,0.5115840807307016
diffusion_edm_vp_ema,ode-euler,mlp,gaussian_mixture,0.6537850022315979,0.0506920700312009,0.6449249982833862,0.04867500066757202,8.191803478263319,0.34074460963361813
diffusion_edm_vp_ema,ode-euler,mlp,sir,0.6356299996376038,0.08506048567328724,0.6000000238418579,0.03290000557899475,8.101015615649521,0.34183937327564773
diffusion_edm_vp_ema,ode-euler,mlp,gaussian_linear,0.5031699985265732,0.0025119895055925445,0.5033250004053116,0.0016749948263168335,8.329911058209836,0.29741691181678476
diffusion_edm_vp_ema,ode-euler,mlp,gaussian_linear_uniform,0.5092549920082092,0.0036582375529333284,0.5090749859809875,0.0036250054836273193,8.160681058745832,0.34108873578485527
diffusion_edm_vp_ema,ode-euler,mlp,lotka_volterra,0.8665350019931793,0.07445335701694156,0.9054250121116638,0.03274998068809509,8.080380807071924,0.33800582704425763
diffusion_edm_vp_ema,ode-euler,mlp,slcp,0.7016850054264069,0.09848059974687787,0.6662749946117401,0.035599976778030396,8.104163280315698,0.34722503726653386
diffusion_edm_vp_ema,ode-euler,mlp,two_moons,0.565955001115799,0.0415842476080545,0.5424250066280365,0.01372501254081726,8.162272064387798,0.3299603961100209
diffusion_edm_vp_ema,ode-euler,mlp,bernoulli_glm,0.6010500073432923,0.06055491451902508,0.6001000106334686,0.06210002303123474,8.083415417652578,0.33504200866317346
diffusion_edm_vp_ema,ode-euler,mlp,slcp_distractors,0.7277349889278412,0.08876658678138959,0.7149249911308289,0.04597499966621399,8.031772931665182,0.32724522164009234
diffusion_edm_vp_ema,ode-euler,mlp,bernoulli_glm_raw,0.5752249956130981,0.037018131204744835,0.585875004529953,0.033174991607666016,8.11633957605809,0.3237783565848289
diffusion_edm_vp_ema,ode-euler,time_mlp,gaussian_mixture,0.5370999991893768,0.008833654698276808,0.5385249853134155,0.005174994468688965,14.866628741659223,0.508138833805707
diffusion_edm_vp_ema,ode-euler,time_mlp,sir,0.547460001707077,0.01713862456835499,0.5475000143051147,0.008550018072128296,15.064713088050485,0.5144504785726075
diffusion_edm_vp_ema,ode-euler,time_mlp,gaussian_linear,0.5056849896907807,0.0038143813180096225,0.5046499967575073,0.0028000175952911377,14.838221587985753,0.47871767497811507
diffusion_edm_vp_ema,ode-euler,time_mlp,gaussian_linear_uniform,0.5148849964141846,0.004783247468768694,0.5141499936580658,0.001949995756149292,15.162379960436374,0.48180389098713955
diffusion_edm_vp_ema,ode-euler,time_mlp,lotka_volterra,0.6965099930763244,0.09196097678213144,0.6463249921798706,0.026300013065338135,16.01980533655733,0.6479480619652656
diffusion_edm_vp_ema,ode-euler,time_mlp,slcp,0.6315299928188324,0.06346299941000835,0.612625002861023,0.02664998173713684,15.045099710207433,0.49577023487807376
diffusion_edm_vp_ema,ode-euler,time_mlp,two_moons,0.517469996213913,0.011945187415910958,0.5136500000953674,0.006125003099441528,15.728446327243,0.3204701266636969
diffusion_edm_vp_ema,ode-euler,time_mlp,bernoulli_glm,0.525285005569458,0.005766108934560974,0.5238250195980072,0.0031999945640563965,15.456554577779025,0.5877453990114525
diffusion_edm_vp_ema,ode-euler,time_mlp,slcp_distractors,0.66109499335289,0.08677857030317224,0.6276499927043915,0.06290000677108765,14.659157586563378,0.4838022937247696
diffusion_edm_vp_ema,ode-euler,time_mlp,bernoulli_glm_raw,0.5239449918270112,0.006587089992051532,0.5229499936103821,0.006424993276596069,14.67497249674052,0.4801850194786729
diffusion_edm_ve,ode-euler,mlp,gaussian_mixture,0.7662450015544892,0.06913320093490066,0.7656500041484833,0.06687498092651367,8.18386192927137,0.34247574609453385
diffusion_edm_ve,ode-euler,mlp,sir,0.6560649991035461,0.038198673586632634,0.6518000066280365,0.015000015497207642,8.121473104599863,0.3389641608746301
diffusion_edm_ve,ode-euler,mlp,gaussian_linear,0.7939250051975251,0.009238085722460232,0.794174998998642,0.008049994707107544,8.215794981736689,0.3466160246542664
diffusion_edm_ve,ode-euler,mlp,gaussian_linear_uniform,0.7868950009346009,0.013352019888685267,0.7869249880313873,0.00882500410079956,7.840527127031237,0.36850344089683384
diffusion_edm_ve,ode-euler,mlp,lotka_volterra,0.8791249930858612,0.050772244943261546,0.8905500173568726,0.018174976110458374,8.097654897347093,0.34058269634113975
diffusion_edm_ve,ode-euler,mlp,slcp,0.8092949986457825,0.04471130740766851,0.8082249760627747,0.018325001001358032,8.269245741236954,0.33471074291341024
diffusion_edm_ve,ode-euler,mlp,two_moons,0.6439149916172028,0.06422808546408408,0.6265749931335449,0.03674998879432678,8.063409461360425,0.3362970116809531
diffusion_edm_ve,ode-euler,mlp,bernoulli_glm,0.8293849945068359,0.06615827538769488,0.8307250142097473,0.06437501311302185,8.272040815278888,0.32740810381657054
diffusion_edm_ve,ode-euler,mlp,slcp_distractors,0.8068600058555603,0.04793553990074077,0.7986000180244446,0.024949997663497925,8.273893721867353,0.3536495392004528
diffusion_edm_ve,ode-euler,mlp,bernoulli_glm_raw,0.8297699868679047,0.06487819126766253,0.8364749848842621,0.05904999375343323,8.339418464712798,0.3426154019254597
diffusion_edm_ve,ode-euler,time_mlp,gaussian_mixture,0.6346099972724915,0.015818347724520964,0.6273999810218811,0.01222500205039978,14.959021074790508,0.5109258839090803
diffusion_edm_ve,ode-euler,time_mlp,sir,0.6361150145530701,0.016829030124893198,0.6371750235557556,0.01774999499320984,15.001689359359442,0.4890872743088242
diffusion_edm_ve,ode-euler,time_mlp,gaussian_linear,0.8088250041007996,0.016980110027536924,0.8044750094413757,0.014299988746643066,14.891032634302974,0.514762544138403
diffusion_edm_ve,ode-euler,time_mlp,gaussian_linear_uniform,0.7814699947834015,0.014705901739850966,0.7840500175952911,0.011675029993057251,13.976025755051523,0.4708964474313169
diffusion_edm_ve,ode-euler,time_mlp,lotka_volterra,0.7337249994277955,0.07365169864607811,0.6910000145435333,0.022150009870529175,15.031812123116106,0.5001892617709551
diffusion_edm_ve,ode-euler,time_mlp,slcp,0.7932449996471405,0.03677879266549838,0.7991999983787537,0.035425007343292236,15.101877908408643,0.4646836525059562
diffusion_edm_ve,ode-euler,time_mlp,two_moons,0.6492749929428101,0.031802261379860926,0.6444000005722046,0.018824994564056396,14.646943109016865,0.48719905655471385
diffusion_edm_ve,ode-euler,time_mlp,bernoulli_glm,0.7559149980545044,0.04485585277659514,0.7567999958992004,0.046000003814697266,15.145202565286308,0.4971073187037803
diffusion_edm_ve,ode-euler,time_mlp,slcp_distractors,0.7921050012111663,0.026679569850611016,0.7984249889850616,0.017949998378753662,15.826638631429523,0.6255606638992001
diffusion_edm_ve,ode-euler,time_mlp,bernoulli_glm_raw,0.7495349943637848,0.04802608555303393,0.7476499974727631,0.04757499694824219,14.979203542973845,0.5198483602832439
diffusion_cosine_F,ode-euler,mlp,gaussian_mixture,0.6340250015258789,0.056380179735682004,0.6251250207424164,0.057325005531311035,9.179661434702576,0.36680389024790555
diffusion_cosine_F,ode-euler,mlp,sir,0.6176500022411346,0.08312690793461867,0.5851500034332275,0.029075026512145996,8.40703635076061,0.35415745171975505
diffusion_cosine_F,ode-euler,mlp,gaussian_linear,0.5028200030326844,0.0019588602544111334,0.5024749934673309,0.00172501802444458,8.372597579378635,0.3582983246977395
diffusion_cosine_F,ode-euler,mlp,gaussian_linear_uniform,0.5043749928474426,0.003330853144950012,0.5032249987125397,0.0018250048160552979,8.669834221713245,0.3338783584703019
diffusion_cosine_F,ode-euler,mlp,lotka_volterra,0.8457850098609925,0.07228996922626718,0.840149998664856,0.04372498393058777,8.428978460561485,0.35265052490377563
diffusion_cosine_F,ode-euler,mlp,slcp,0.7387000024318695,0.09477566247103414,0.7230499982833862,0.09117498993873596,8.935520597733557,0.3928213452558318
diffusion_cosine_F,ode-euler,mlp,two_moons,0.5879149973392487,0.0497848017416023,0.5723249912261963,0.027649998664855957,8.38490532990545,0.3590595264148912
diffusion_cosine_F,ode-euler,mlp,bernoulli_glm,0.5662249982357025,0.04597139748389399,0.5629249811172485,0.043674975633621216,8.431971095036715,0.3460899354373267
diffusion_cosine_F,ode-euler,mlp,slcp_distractors,0.7793350040912628,0.07924835650208215,0.7671999931335449,0.05730000138282776,9.27477226657793,0.3635857011896045
diffusion_cosine_F,ode-euler,mlp,bernoulli_glm_raw,0.5602949976921081,0.03808151887702983,0.556425005197525,0.03622499108314514,8.463182650133968,0.3412694124254747
diffusion_cosine_F,ode-euler,time_mlp,gaussian_mixture,0.5235999941825866,0.011986952977160488,0.5213499963283539,0.009350001811981201,15.172032458521425,0.5000287440246897
diffusion_cosine_F,ode-euler,time_mlp,sir,0.5463649988174438,0.01523208883984447,0.5436500012874603,0.011525005102157593,15.249674686137586,0.4945427712372545
diffusion_cosine_F,ode-euler,time_mlp,gaussian_linear,0.5026749968528748,0.0018894713441517613,0.5020749866962433,0.0011999905109405518,14.905716461502015,0.49002961038833664
diffusion_cosine_F,ode-euler,time_mlp,gaussian_linear_uniform,0.5065199971199036,0.0025982749152614875,0.5061750113964081,0.0022749900817871094,15.19662062851712,0.5022709991537061
diffusion_cosine_F,ode-euler,time_mlp,lotka_volterra,0.7233849942684174,0.07014239354064035,0.7111000120639801,0.04692500829696655,15.353799106832593,0.47713297528040094
diffusion_cosine_F,ode-euler,time_mlp,slcp,0.6617299973964691,0.10329075743754197,0.5990250110626221,0.03607502579689026,14.999414069764317,0.5054456244032245
diffusion_cosine_F,ode-euler,time_mlp,two_moons,0.515800005197525,0.005891044871563455,0.5171999931335449,0.003949999809265137,15.154526307061314,0.4798436859913855
diffusion_cosine_F,ode-euler,time_mlp,bernoulli_glm,0.5119649946689606,0.0064255396834043835,0.5109999775886536,0.005250006914138794,15.0634198599495,0.5135377503517509
diffusion_cosine_F,ode-euler,time_mlp,slcp_distractors,0.6641000032424926,0.09689560874969684,0.6154250204563141,0.041175007820129395,15.386379692610353,0.4957781731089951
diffusion_cosine_F,ode-euler,time_mlp,bernoulli_glm_raw,0.5159349977970124,0.006585486098951843,0.5177499949932098,0.004675000905990601,16.19571619722992,0.7244404192536995
diffusion_cosine_v,ode-euler,mlp,gaussian_mixture,0.6356350004673004,0.05573790854330134,0.6352750062942505,0.06059998273849487,7.890559044014663,0.3333033545582259
diffusion_cosine_v,ode-euler,mlp,sir,0.6079200029373169,0.09199710104712461,0.5661500096321106,0.03925001621246338,8.39793561976403,0.4644992893680165
diffusion_cosine_v,ode-euler,mlp,gaussian_linear,0.5022649973630905,0.0008330846634916543,0.5022750049829483,0.00047500431537628174,8.765091163292528,0.4049635102949499
diffusion_cosine_v,ode-euler,mlp,gaussian_linear_uniform,0.5086949944496155,0.00428902499354731,0.5089499950408936,0.003950029611587524,7.970443043019623,0.37654946598573946
diffusion_cosine_v,ode-euler,mlp,lotka_volterra,0.8488949954509735,0.06225166443387671,0.8463999927043915,0.06502500176429749,7.959256691392511,0.35348989573854406
diffusion_cosine_v,ode-euler,mlp,slcp,0.7137799918651581,0.08887042003185552,0.690324991941452,0.05932500958442688,8.022116115316749,0.3184300966055125
diffusion_cosine_v,ode-euler,mlp,two_moons,0.5889350056648255,0.050008983689888285,0.5702250003814697,0.028025001287460327,7.979745709337294,0.3547003437515444
diffusion_cosine_v,ode-euler,mlp,bernoulli_glm,0.5723049998283386,0.041942882769328296,0.5683999955654144,0.04127499461174011,7.74877539826557,0.3341776774429145
diffusion_cosine_v,ode-euler,mlp,slcp_distractors,0.7763249993324279,0.08634138319072467,0.7618249952793121,0.05550000071525574,8.064844574872405,0.34057784103419586
diffusion_cosine_v,ode-euler,mlp,bernoulli_glm_raw,0.557400006055832,0.03161062042593866,0.5575000047683716,0.03177499771118164,7.966015068907291,0.3724086299964854
diffusion_cosine_v,ode-euler,time_mlp,gaussian_mixture,0.5280200064182281,0.00934093589454556,0.5248250067234039,0.008650004863739014,14.510880451370031,0.49068708524726073
diffusion_cosine_v,ode-euler,time_mlp,sir,0.5450649917125702,0.019633904061648794,0.536549985408783,0.010350018739700317,14.747933341283352,0.5129049870853649
diffusion_cosine_v,ode-euler,time_mlp,gaussian_linear,0.5026549875736237,0.0024452404909118403,0.5017249882221222,0.0014249831438064575,14.496842293813824,0.5036871097914709
diffusion_cosine_v,ode-euler,time_mlp,gaussian_linear_uniform,0.505259993672371,0.0027975672574056237,0.5053249895572662,0.002925008535385132,14.812968948855996,0.5060385719452615
diffusion_cosine_v,ode-euler,time_mlp,lotka_volterra,0.7318150043487549,0.10139329968198811,0.6823750138282776,0.040724992752075195,14.812413380760699,0.5107628063163925
diffusion_cosine_v,ode-euler,time_mlp,slcp,0.6461950004100799,0.09764370156875084,0.5905749797821045,0.022824972867965698,15.10136212380603,0.6274744639331796
diffusion_cosine_v,ode-euler,time_mlp,two_moons,0.5113700091838836,0.006402227442642342,0.5101500153541565,0.00452500581741333,14.956278724968433,0.5097271368113654
diffusion_cosine_v,ode-euler,time_mlp,bernoulli_glm,0.5156099975109101,0.005383485669552402,0.5141500234603882,0.0045500099658966064,14.43586079897359,0.5072478091665412
diffusion_cosine_v,ode-euler,time_mlp,slcp_distractors,0.6343900024890899,0.09052393371875796,0.5776750147342682,0.015650004148483276,14.977404877450317,0.49492638706214925
diffusion_cosine_v,ode-euler,time_mlp,bernoulli_glm_raw,0.5177550137042999,0.007623012316362826,0.5185500085353851,0.006274998188018799,14.717159800231457,0.5025687075334809
diffusion_cosine_v_lw,ode-euler,mlp,gaussian_mixture,0.6529550015926361,0.057294913557191234,0.6413750052452087,0.04254999756813049,7.998832087591291,0.3332391813023325
diffusion_cosine_v_lw,ode-euler,mlp,sir,0.6079150021076203,0.08941425675804493,0.5671499967575073,0.035299986600875854,8.009002929367124,0.3514701037337846
diffusion_cosine_v_lw,ode-euler,mlp,gaussian_linear,0.5049300044775009,0.0027542057314617874,0.5055500268936157,0.002650022506713867,8.433647396229208,0.4019384855518248
diffusion_cosine_v_lw,ode-euler,mlp,gaussian_linear_uniform,0.5089600026607514,0.003933558236080459,0.5081250071525574,0.0022999942302703857,7.943126047495753,0.3495676491101877
diffusion_cosine_v_lw,ode-euler,mlp,lotka_volterra,0.873769998550415,0.052060335414043535,0.8905749917030334,0.02695000171661377,7.849092332553118,0.3524489940717442
diffusion_cosine_v_lw,ode-euler,mlp,slcp,0.7215950012207031,0.10821398662227544,0.6845749914646149,0.07134997844696045,8.020617223531008,0.33580594574160794
diffusion_cosine_v_lw,ode-euler,mlp,two_moons,0.5965950071811676,0.05208450675785176,0.5872749984264374,0.04407498240470886,8.076419677119702,0.33384542661960603
diffusion_cosine_v_lw,ode-euler,mlp,bernoulli_glm,0.5741699993610382,0.040049091044583374,0.5776000022888184,0.03802499175071716,8.345852883160115,0.3960449167945322
diffusion_cosine_v_lw,ode-euler,mlp,slcp_distractors,0.739680004119873,0.08585284500688237,0.6981000006198883,0.043224990367889404,8.009711703192442,0.33896983889071997
diffusion_cosine_v_lw,ode-euler,mlp,bernoulli_glm_raw,0.5551349997520447,0.02588617774725056,0.558775007724762,0.029850006103515625,7.948434713296592,0.353557798839604
diffusion_cosine_v_lw,ode-euler,time_mlp,gaussian_mixture,0.5426549971103668,0.012153937615176469,0.5437500178813934,0.005799978971481323,14.649899416603148,0.4349187828317876
diffusion_cosine_v_lw,ode-euler,time_mlp,sir,0.5430349946022034,0.019856970011882403,0.5389499962329865,0.009849995374679565,14.553199844434857,0.4656677913688251
diffusion_cosine_v_lw,ode-euler,time_mlp,gaussian_linear,0.5040550023317337,0.003534222534800809,0.5030750036239624,0.0022999942302703857,14.625559523515403,0.4852837544036668
diffusion_cosine_v_lw,ode-euler,time_mlp,gaussian_linear_uniform,0.506304994225502,0.003262244769944376,0.5055499970912933,0.0027000010013580322,14.73137116646394,0.49624779933489827
diffusion_cosine_v_lw,ode-euler,time_mlp,lotka_volterra,0.7164049923419953,0.08282176230934823,0.6990499794483185,0.036424994468688965,14.925323739740998,0.5140194047225646
diffusion_cosine_v_lw,ode-euler,time_mlp,slcp,0.6499599993228913,0.09706057483026305,0.6119999885559082,0.05207499861717224,15.027040067780764,0.5181845101377597
diffusion_cosine_v_lw,ode-euler,time_mlp,two_moons,0.5323949933052063,0.012392308993177661,0.5302749872207642,0.007049977779388428,15.076830446068197,0.49933431118247634
diffusion_cosine_v_lw,ode-euler,time_mlp,bernoulli_glm,0.5161549985408783,0.0065743905726524075,0.5157999992370605,0.006049990653991699,14.69880605172366,0.5168853403470359
diffusion_cosine_v_lw,ode-euler,time_mlp,slcp_distractors,0.6587150037288666,0.09695217866618282,0.6120499968528748,0.04422500729560852,14.706217166502029,0.4941631438433821
diffusion_cosine_v_lw,ode-euler,time_mlp,bernoulli_glm_raw,0.5226599991321563,0.005299651633715965,0.5224249958992004,0.0040000081062316895,14.87874222137034,0.4807003578404459
diffusion_cosine_noise,ode-euler,mlp,gaussian_mixture,0.6574999988079071,0.0562809660988837,0.6615000069141388,0.05779999494552612,8.909313896857203,0.367146872302288
diffusion_cosine_noise,ode-euler,mlp,sir,0.6320100009441376,0.08711564902169908,0.601624995470047,0.03314998745918274,8.085950398631393,0.3709745356725298
diffusion_cosine_noise,ode-euler,mlp,gaussian_linear,0.5237800121307373,0.011259703098428641,0.522475004196167,0.004074990749359131,8.037779484689235,0.32944379046835287
diffusion_cosine_noise,ode-euler,mlp,gaussian_linear_uniform,0.5251550018787384,0.005816721429144615,0.5239750146865845,0.0022250115871429443,7.975102538615465,0.3518952102065214
diffusion_cosine_noise,ode-euler,mlp,lotka_volterra,0.8793800055980683,0.0482047817774492,0.8938000202178955,0.04217499494552612,8.215964921750128,0.5489164801507996
diffusion_cosine_noise,ode-euler,mlp,slcp,0.75621999502182,0.097875185354179,0.733474999666214,0.07707500457763672,8.10414127772674,0.3483723632069711
diffusion_cosine_noise,ode-euler,mlp,two_moons,0.5976350009441376,0.04610185057776948,0.5773250162601471,0.02527502179145813,8.00912863370031,0.3677379341645036
diffusion_cosine_noise,ode-euler,mlp,bernoulli_glm,0.6235200047492981,0.03824930676703067,0.6128999888896942,0.02582499384880066,7.831747040618211,0.3576025040964219
diffusion_cosine_noise,ode-euler,mlp,slcp_distractors,0.7876850008964539,0.07370236181145802,0.7527750134468079,0.018800020217895508,8.063632591441273,0.37166491874839797
diffusion_cosine_noise,ode-euler,mlp,bernoulli_glm_raw,0.706124997138977,0.018324326920483552,0.706375002861023,0.016775012016296387,8.013059309590608,0.33578565711541364
diffusion_cosine_noise,ode-euler,time_mlp,gaussian_mixture,0.6260450065135956,0.01495465439230116,0.6227000057697296,0.004875004291534424,14.962811998929828,0.514078424633152
diffusion_cosine_noise,ode-euler,time_mlp,sir,0.6063212633132935,0.018775801831622408,0.6018249988555908,0.009865164756774902,14.805243279132991,0.5175720690280949
diffusion_cosine_noise,ode-euler,time_mlp,gaussian_linear,0.5948949992656708,0.019559901490398025,0.6000500023365021,0.014125019311904907,14.761046453937889,0.5004099654621706
diffusion_cosine_noise,ode-euler,time_mlp,gaussian_linear_uniform,0.6511949956417084,0.01456514726620124,0.6539750099182129,0.0063250064849853516,15.0188491798006,0.5127127780024326
diffusion_cosine_noise,ode-euler,time_mlp,lotka_volterra,0.7342235445976257,0.10851324023471576,0.7059000134468079,0.0662534236907959,14.833492618054152,0.4826620103395799
diffusion_cosine_noise,ode-euler,time_mlp,slcp,0.7303149998188019,0.07620344996673835,0.7010999917984009,0.03494998812675476,14.565258127264679,0.50543128346088
diffusion_cosine_noise,ode-euler,time_mlp,two_moons,0.5985650002956391,0.025546901730703963,0.5934749841690063,0.022450000047683716,14.87458909889683,0.5379779355575897
diffusion_cosine_noise,ode-euler,time_mlp,bernoulli_glm,0.7589700043201446,0.03011507422330824,0.7500750124454498,0.012425005435943604,15.550845877826214,0.6989948915281962
diffusion_cosine_noise,ode-euler,time_mlp,slcp_distractors,0.7389250040054322,0.09018638913186054,0.7217250168323517,0.04655000567436218,14.675162125844508,0.5108918299339302
diffusion_cosine_noise,ode-euler,time_mlp,bernoulli_glm_raw,0.6664950013160705,0.027328225321159586,0.6607750058174133,0.013450026512145996,14.905710784811527,0.5865339398360309
flow_matching,ode-euler-mini,mlp,gaussian_mixture,0.7319800078868866,0.03634328340797583,0.7276999950408936,0.0203000009059906,0.1258629033342004,0.0007574912458278287
flow_matching,ode-euler-mini,mlp,sir,0.7530099987983704,0.057716060968212676,0.7567000091075897,0.04052498936653137,0.1269843677058816,0.0005757110050554664
flow_matching,ode-euler-mini,mlp,gaussian_linear,0.555334997177124,0.004818665924418823,0.5565249919891357,0.002974987030029297,0.12611403716728092,0.0004929561786670267
flow_matching,ode-euler-mini,mlp,gaussian_linear_uniform,0.582749992609024,0.005943102313129656,0.5826499760150909,0.00377500057220459,0.12729409309104084,0.000519654079113813
flow_matching,ode-euler-mini,mlp,lotka_volterra,0.9479949951171875,0.016086209517064267,0.9473000168800354,0.009375005960464478,0.12740107886493207,0.0007526486560456882
flow_matching,ode-euler-mini,mlp,slcp,0.7700850069522858,0.10280012108320372,0.722650021314621,0.04289999604225159,0.1259618884883821,0.0006163710009284556
flow_matching,ode-euler-mini,mlp,two_moons,0.685290002822876,0.03528360543140075,0.6932500004768372,0.02459999918937683,0.12547724451869727,0.000655856974897273
flow_matching,ode-euler-mini,mlp,bernoulli_glm,0.7019299983978271,0.013859082831315869,0.7031750082969666,0.014050006866455078,0.12634293343871833,0.0009726705284161442
flow_matching,ode-euler-mini,mlp,slcp_distractors,0.7764899909496308,0.09779857361293474,0.7438749969005585,0.0573749840259552,0.1283658053725958,0.00046605437811420166
flow_matching,ode-euler-mini,mlp,bernoulli_glm_raw,0.6922149956226349,0.008798396907434766,0.6916249990463257,0.008049994707107544,0.1293108112178743,0.0005342843197778944
flow_matching,ode-euler-mini,time_mlp,gaussian_mixture,0.6364299952983856,0.02421332608813331,0.6327750086784363,0.010650008916854858,0.2641996004618704,0.001147255798958882
flow_matching,ode-euler-mini,time_mlp,sir,0.8675700068473816,0.03683096893763463,0.8726249933242798,0.017574995756149292,0.26109776087105274,0.0005889138035725137
flow_matching,ode-euler-mini,time_mlp,gaussian_linear,0.5553850054740905,0.004428154228493138,0.555649995803833,0.0030249953269958496,0.25861162059009074,0.00046496402867750845
flow_matching,ode-euler-mini,time_mlp,gaussian_linear_uniform,0.5695199966430664,0.0059127349488224575,0.5703499913215637,0.004224985837936401,0.263366882968694,0.0006585763887596895
flow_matching,ode-euler-mini,time_mlp,lotka_volterra,0.9430949985980988,0.030438594556005043,0.9458750188350677,0.027624964714050293,0.26212517796084284,0.0010119746885730945
flow_matching,ode-euler-mini,time_mlp,slcp,0.6971199989318848,0.10590717975954446,0.6660999953746796,0.05550000071525574,0.26264092810451983,0.00973941476742618
flow_matching,ode-euler-mini,time_mlp,two_moons,0.7721950054168701,0.10200435237408378,0.7788500189781189,0.06027501821517944,0.2660738290287554,0.0008501918770713754
flow_matching,ode-euler-mini,time_mlp,bernoulli_glm,0.6591600000858306,0.012751745678602128,0.6568000018596649,0.009850025177001953,0.26172447903081775,0.0006037519544944737
flow_matching,ode-euler-mini,time_mlp,slcp_distractors,0.7428699970245362,0.105023500438808,0.7162750065326691,0.08115002512931824,0.26516228253021834,0.0007455383481649895
flow_matching,ode-euler-mini,time_mlp,bernoulli_glm_raw,0.6607550024986267,0.012894982600527008,0.6586000025272369,0.010275006294250488,0.2565763870254159,0.0008402129804746826
flow_matching_edm,ode-euler-mini,mlp,gaussian_mixture,0.7215200066566467,0.03285079706966295,0.7041999995708466,0.0153999924659729,0.12684619948267936,0.0005184880086511779
flow_matching_edm,ode-euler-mini,mlp,sir,0.7995850026607514,0.07280099552625592,0.7996500134468079,0.056800007820129395,0.12726450199261308,0.0011270926149576535
flow_matching_edm,ode-euler-mini,mlp,gaussian_linear,0.5596149981021881,0.004776931094034263,0.5602500140666962,0.0032500028610229492,0.12761884098872542,0.0005661091318170991
flow_matching_edm,ode-euler-mini,mlp,gaussian_linear_uniform,0.5804099977016449,0.005844780027108148,0.5805999934673309,0.003800004720687866,0.13814475061371922,0.01042813586498116
flow_matching_edm,ode-euler-mini,mlp,lotka_volterra,0.9529899954795837,0.02880867508396773,0.9467749893665314,0.01662498712539673,0.1256884672679007,0.0008734038976669403
flow_matching_edm,ode-euler-mini,mlp,slcp,0.7402750015258789,0.10730873248781408,0.7061749994754791,0.06982499361038208,0.12414528913795948,0.0006615542663850866
flow_matching_edm,ode-euler-mini,mlp,two_moons,0.7169100046157837,0.08161783329380529,0.7277750074863434,0.03662499785423279,0.12650813469663263,0.0006479903064664371
flow_matching_edm,ode-euler-mini,mlp,bernoulli_glm,0.7090349912643432,0.016311943636468183,0.7038750052452087,0.013875007629394531,0.12441307445988059,0.0005861315788682717
flow_matching_edm,ode-euler-mini,mlp,slcp_distractors,0.7823649942874908,0.10252042598990685,0.7454500198364258,0.07157504558563232,0.12445724131539464,0.0023658601585351655
flow_matching_edm,ode-euler-mini,mlp,bernoulli_glm_raw,0.7055649936199189,0.013578431078354422,0.7037249803543091,0.012049973011016846,0.12760397810488938,0.0007733773267358463
flow_matching_edm,ode-euler-mini,time_mlp,gaussian_mixture,0.6318799972534179,0.022468951092828343,0.6252999901771545,0.014975011348724365,0.2651305740699172,0.001699402873317383
flow_matching_edm,ode-euler-mini,time_mlp,sir,0.8865750014781952,0.017786542377842263,0.894225001335144,0.013099998235702515,0.25770452255383136,0.0013856010462214062
flow_matching_edm,ode-euler-mini,time_mlp,gaussian_linear,0.5521499991416932,0.0034921446154206138,0.5507000088691711,0.0021499991416931152,0.2608893936499953,0.0005402952643537247
flow_matching_edm,ode-euler-mini,time_mlp,gaussian_linear_uniform,0.5784950077533721,0.006086647300695019,0.5798250138759613,0.002875000238418579,0.2629623751156032,0.0009874956473578066
flow_matching_edm,ode-euler-mini,time_mlp,lotka_volterra,0.9203100025653839,0.032383173574502454,0.9354749917984009,0.009700000286102295,0.26476459940895436,0.0006940884474700178
flow_matching_edm,ode-euler-mini,time_mlp,slcp,0.6985899984836579,0.08943170105152932,0.676274985074997,0.05434998869895935,0.26346167353913186,0.0017105525751322332
flow_matching_edm,ode-euler-mini,time_mlp,two_moons,0.7997150003910065,0.0690118059854049,0.7986499965190887,0.05790001153945923,0.24897854626178742,0.008821466983572317
flow_matching_edm,ode-euler-mini,time_mlp,bernoulli_glm,0.6647399961948395,0.02175673742851039,0.660524994134903,0.010699987411499023,0.2571592398919165,0.0008260518400441028
flow_matching_edm,ode-euler-mini,time_mlp,slcp_distractors,0.7211900055408478,0.07996918690119115,0.7252750098705292,0.07052502036094666,0.26054552756249905,0.0007123353384938929
flow_matching_edm,ode-euler-mini,time_mlp,bernoulli_glm_raw,0.665865010023117,0.011362262497252149,0.6651750206947327,0.004225015640258789,0.2584334502927959,0.0005713054664405646
ot_flow_matching,ode-euler-mini,mlp,gaussian_mixture,0.8994949936866761,0.028885097043652705,0.9021500051021576,0.019674986600875854,0.1257210338488221,0.0006221225395472027
ot_flow_matching,ode-euler-mini,mlp,sir,0.8587700128555298,0.040109837163215964,0.86285001039505,0.038450002670288086,0.12604564297944307,0.000735750384072411
ot_flow_matching,ode-euler-mini,mlp,gaussian_linear,0.7572099924087524,0.04182435472509213,0.7515999972820282,0.03700000047683716,0.1285573392175138,0.0005911781351650152
ot_flow_matching,ode-euler-mini,mlp,gaussian_linear_uniform,0.8165949940681457,0.021662648983789997,0.8183499872684479,0.019724994897842407,0.1278189486823976,0.0010797806208809714
ot_flow_matching,ode-euler-mini,mlp,lotka_volterra,0.9587300002574921,0.02450992531428939,0.9672499895095825,0.019675016403198242,0.1265220873989165,0.0035913713194508545
ot_flow_matching,ode-euler-mini,mlp,slcp,0.8703799962997436,0.04490852482122303,0.8687499761581421,0.047975003719329834,0.11995356185361743,0.006255926984627446
ot_flow_matching,ode-euler-mini,mlp,two_moons,0.846135002374649,0.05619260948912027,0.817550003528595,0.03327500820159912,0.1269246717914939,0.0004923883972263067
ot_flow_matching,ode-euler-mini,mlp,bernoulli_glm,0.894145005941391,0.03487323197295116,0.8980000019073486,0.03244999051094055,0.1263271969743073,0.0007478254363734548
ot_flow_matching,ode-euler-mini,mlp,slcp_distractors,0.8760149955749512,0.0470828827789521,0.8863250017166138,0.04394999146461487,0.12758577093482018,0.0004349892108737857
ot_flow_matching,ode-euler-mini,mlp,bernoulli_glm_raw,0.8886300027370453,0.035098986336976806,0.8893750011920929,0.03297498822212219,0.12629982065409423,0.0006005451942461113
ot_flow_matching,ode-euler-mini,time_mlp,gaussian_mixture,0.9010299980640412,0.025933310721820653,0.9042499959468842,0.018849998712539673,0.26150508848950266,0.0013321919652521236
ot_flow_matching,ode-euler-mini,time_mlp,sir,0.8426299929618836,0.045955847040681536,0.838699996471405,0.04387500882148743,0.2637917912565172,0.0010691804896516117
ot_flow_matching,ode-euler-mini,time_mlp,gaussian_linear,0.7487599968910217,0.039662654246781864,0.7423000037670135,0.034150004386901855,0.26202488541603086,0.0008689090784034406
ot_flow_matching,ode-euler-mini,time_mlp,gaussian_linear_uniform,0.8109699964523316,0.02299052160614858,0.810699999332428,0.017024993896484375,0.2601212339475751,0.0011354103387156138
ot_flow_matching,ode-euler-mini,time_mlp,lotka_volterra,0.9218999922275544,0.03353352953746669,0.9108999967575073,0.022374987602233887,0.26705529578030107,0.0010469293491916338
ot_flow_matching,ode-euler-mini,time_mlp,slcp,0.8514500021934509,0.04349205974867181,0.856249988079071,0.033475011587142944,0.2316572155803442,0.01374463082551476
ot_flow_matching,ode-euler-mini,time_mlp,two_moons,0.804434996843338,0.051044199656889895,0.8022750020027161,0.04447498917579651,0.25896802041679623,0.0010294259148638505
ot_flow_matching,ode-euler-mini,time_mlp,bernoulli_glm,0.8707499980926514,0.027703278518299564,0.8750500082969666,0.024050027132034302,0.25785467531532047,0.0006661897680357963
ot_flow_matching,ode-euler-mini,time_mlp,slcp_distractors,0.8499850034713745,0.04052945190239749,0.8538250029087067,0.039224982261657715,0.2625593066215515,0.006184364853202551
ot_flow_matching,ode-euler-mini,time_mlp,bernoulli_glm_raw,0.8715599954128266,0.03073284870308077,0.8733499944210052,0.028499990701675415,0.257379299774766,0.0014151787775937112
ot_partial_flow_matching,ode-euler-mini,mlp,gaussian_mixture,0.9207800030708313,0.022034874899386894,0.9210750162601471,0.015524983406066895,0.12729883566498756,0.0009738491924659397
ot_partial_flow_matching,ode-euler-mini,mlp,sir,0.8881200075149536,0.03580963317604344,0.8867000043392181,0.03232499957084656,0.12627881886437536,0.0010314800459466334
ot_partial_flow_matching,ode-euler-mini,mlp,gaussian_linear,0.7766300082206726,0.050973963920086005,0.771399974822998,0.04000005125999451,0.12520965589210392,0.0005670046582353901
ot_partial_flow_matching,ode-euler-mini,mlp,gaussian_linear_uniform,0.8323900103569031,0.02755422430658408,0.8376000225543976,0.015974998474121094,0.12975013135001062,0.0006515654185256643
ot_partial_flow_matching,ode-euler-mini,mlp,lotka_volterra,0.9702199995517731,0.022613464012318927,0.9738999903202057,0.016974985599517822,0.11870689019560814,0.007722142913171494
ot_partial_flow_matching,ode-euler-mini,mlp,slcp,0.8803999900817872,0.04012132036999287,0.8784249722957611,0.030999988317489624,0.12786884056404232,0.0005383811597083383
ot_partial_flow_matching,ode-euler-mini,mlp,two_moons,0.874685001373291,0.04616066693991076,0.854200005531311,0.034150004386901855,0.12425089683383703,0.0009249640366221062
ot_partial_flow_matching,ode-euler-mini,mlp,bernoulli_glm,0.9072349965572357,0.045585922412455966,0.9112000167369843,0.04287499189376831,0.12675962187349796,0.0006125757745919199
ot_partial_flow_matching,ode-euler-mini,mlp,slcp_distractors,0.8905700087547302,0.041043163920603885,0.9023250043392181,0.03470000624656677,0.1279723751358688,0.0006502679693576796
ot_partial_flow_matching,ode-euler-mini,mlp,bernoulli_glm_raw,0.9055099964141846,0.04428604347440427,0.9058249890804291,0.04362499713897705,0.12797188069671392,0.0005871483546601691
ot_partial_flow_matching,ode-euler-mini,time_mlp,gaussian_mixture,0.9206699967384339,0.02336082354700594,0.9219749867916107,0.016274988651275635,0.258413206692785,0.0031398265148480757
ot_partial_flow_matching,ode-euler-mini,time_mlp,sir,0.871370005607605,0.04389632616690439,0.8655500113964081,0.04414999485015869,0.2598504605703056,0.0051309657847559585
ot_partial_flow_matching,ode-euler-mini,time_mlp,gaussian_linear,0.7756899952888489,0.05349409391267378,0.7734499871730804,0.038599997758865356,0.26148458775132893,0.0010347358959299775
ot_partial_flow_matching,ode-euler-mini,time_mlp,gaussian_linear_uniform,0.8325150012969971,0.027307223020644443,0.8350249826908112,0.025850027799606323,0.2621309764683247,0.0009538250945231974
ot_partial_flow_matching,ode-euler-mini,time_mlp,lotka_volterra,0.9418599903583527,0.03349484104783143,0.9384499788284302,0.03134998679161072,0.2655590148642659,0.003213304563148426
ot_partial_flow_matching,ode-euler-mini,time_mlp,slcp,0.8694650053977966,0.04019049260931384,0.8695250153541565,0.03812500834465027,0.26416761204600336,0.0046087473453934645
ot_partial_flow_matching,ode-euler-mini,time_mlp,two_moons,0.8328499972820282,0.05007878691430923,0.8275749981403351,0.03970000147819519,0.2669816709123552,0.0015167849093045873
ot_partial_flow_matching,ode-euler-mini,time_mlp,bernoulli_glm,0.8962599992752075,0.043213449464031224,0.8967750072479248,0.043974995613098145,0.24019904052838684,0.017563714029052484
ot_partial_flow_matching,ode-euler-mini,time_mlp,slcp_distractors,0.868105000257492,0.037865370142912864,0.8654749989509583,0.0330750048160553,0.2649071834050119,0.0007912849073172775
ot_partial_flow_matching,ode-euler-mini,time_mlp,bernoulli_glm_raw,0.8935849905014038,0.04738158877103629,0.8937999904155731,0.044874995946884155,0.2583125142380595,0.00046650179758880156
cot_flow_matching,ode-euler-mini,mlp,gaussian_mixture,0.723404997587204,0.05198060101533325,0.7080000042915344,0.028925001621246338,0.12693747598677874,0.0006379413555022534
cot_flow_matching,ode-euler-mini,mlp,sir,0.7878049969673157,0.05747408067821487,0.7799249887466431,0.044274985790252686,0.12728678211569786,0.0005395337791270646
cot_flow_matching,ode-euler-mini,mlp,gaussian_linear,0.5472800016403199,0.0038899317386548917,0.5464750230312347,0.0016749799251556396,0.13388355523347856,0.0014278086342927403
cot_flow_matching,ode-euler-mini,mlp,gaussian_linear_uniform,0.5785349905490875,0.00642651291029338,0.5776749849319458,0.005225002765655518,0.11533353878185153,0.007188379603420422
cot_flow_matching,ode-euler-mini,mlp,lotka_volterra,0.94685999751091,0.03384792727406917,0.9564499855041504,0.018525004386901855,0.12655459912493824,0.0006723845227999976
cot_flow_matching,ode-euler-mini,mlp,slcp,0.7343850076198578,0.10246710817401827,0.7045749723911285,0.061499953269958496,0.1268730631098151,0.0006363909204921358
cot_flow_matching,ode-euler-mini,mlp,two_moons,0.6844799935817718,0.05742942689775375,0.679749995470047,0.016550004482269287,0.12708689048886299,0.0006767513625354228
cot_flow_matching,ode-euler-mini,mlp,bernoulli_glm,0.6941650032997131,0.011415142081603196,0.6944000124931335,0.007025003433227539,0.12683245306834579,0.0037849984472430637
cot_flow_matching,ode-euler-mini,mlp,slcp_distractors,0.7755400002002716,0.11001295572699846,0.7464750111103058,0.07505002617835999,0.12647052574902773,0.0006986804542875325
cot_flow_matching,ode-euler-mini,mlp,bernoulli_glm_raw,0.6890399932861329,0.010665335449522981,0.6887249946594238,0.007049977779388428,0.12395853502675891,0.004937246255107571
cot_flow_matching,ode-euler-mini,time_mlp,gaussian_mixture,0.6220099925994873,0.038617959246349906,0.6096749901771545,0.030674993991851807,0.26371248010545967,0.0013786042934025263
cot_flow_matching,ode-euler-mini,time_mlp,sir,0.8470300078392029,0.027652075854125935,0.8443750143051147,0.014174997806549072,0.2762229175306857,0.01236485494848778
cot_flow_matching,ode-euler-mini,time_mlp,gaussian_linear,0.5432550072669983,0.003416537309849128,0.543150007724762,0.002324998378753662,0.26055255420506,0.00193771595538445
cot_flow_matching,ode-euler-mini,time_mlp,gaussian_linear_uniform,0.5661450028419495,0.005064460331014423,0.5640499889850616,0.002924978733062744,0.29325500782579184,0.03735455464752068
cot_flow_matching,ode-euler-mini,time_mlp,lotka_volterra,0.9139649987220764,0.026507435390785088,0.9143500030040741,0.017549991607666016,0.2648499524220824,0.0006624932696299561
cot_flow_matching,ode-euler-mini,time_mlp,slcp,0.6890549957752228,0.09601881309305212,0.6503500044345856,0.0596500039100647,0.26448645507916807,0.0006822152419218243
cot_flow_matching,ode-euler-mini,time_mlp,two_moons,0.7463650047779083,0.09103815643598881,0.7628749907016754,0.06000000238418579,0.2625391915440559,0.0009111849263796131
cot_flow_matching,ode-euler-mini,time_mlp,bernoulli_glm,0.6523849964141846,0.01578903983277844,0.6527499854564667,0.010425001382827759,0.2601581120863557,0.0017848093552553668
cot_flow_matching,ode-euler-mini,time_mlp,slcp_distractors,0.7015949964523316,0.1056128290056577,0.6811749935150146,0.07999998331069946,0.25725948214530947,0.0004723990999173837
cot_flow_matching,ode-euler-mini,time_mlp,bernoulli_glm_raw,0.658160001039505,0.016444923922116918,0.6554249823093414,0.010950028896331787,0.26001704754307864,0.0008269457267895033
cot_0_02_flow_matching,ode-euler-mini,mlp,gaussian_mixture,0.7333750009536744,0.05973373144621479,0.7083249986171722,0.04469999670982361,0.13508194424211978,0.001157423577988083
cot_0_02_flow_matching,ode-euler-mini,mlp,sir,0.787910008430481,0.054131033830235986,0.7840500175952911,0.04535001516342163,0.12614714046940206,0.002663739544992985
cot_0_02_flow_matching,ode-euler-mini,mlp,gaussian_linear,0.5425499975681305,0.004701547611193156,0.541824996471405,0.0013250112533569336,0.13852596944198012,0.011237604307706787
cot_0_02_flow_matching,ode-euler-mini,mlp,gaussian_linear_uniform,0.5707699954509735,0.0059623387545503755,0.5691500008106232,0.0027000010013580322,0.1290821747854352,0.0008637242162419815
cot_0_02_flow_matching,ode-euler-mini,mlp,lotka_volterra,0.9527250051498413,0.03593304600498924,0.9592500030994415,0.020649999380111694,0.12705067144706844,0.0008667061055834328
cot_0_02_flow_matching,ode-euler-mini,mlp,slcp,0.7276299953460693,0.09774581775021739,0.6918500065803528,0.04800000786781311,0.12802915861830116,0.0006700661633087574
cot_0_02_flow_matching,ode-euler-mini,mlp,two_moons,0.6883699953556061,0.054821622704675554,0.6763249933719635,0.02279999852180481,0.1378908075392246,0.0013469643490771714
cot_0_02_flow_matching,ode-euler-mini,mlp,bernoulli_glm,0.6965449988842011,0.017534211623191975,0.7017749845981598,0.013799995183944702,0.12722226399928332,0.000571893931318438
cot_0_02_flow_matching,ode-euler-mini,mlp,slcp_distractors,0.7658900022506714,0.08969663298474694,0.7618499994277954,0.06582498550415039,0.1293925281614065,0.0005357249720123343
cot_0_02_flow_matching,ode-euler-mini,mlp,bernoulli_glm_raw,0.6892350018024445,0.01125385951063801,0.6895500123500824,0.007575005292892456,0.1249905270524323,0.0004963157656218832
cot_0_02_flow_matching,ode-euler-mini,time_mlp,gaussian_mixture,0.6299050033092499,0.049757190485484735,0.606249988079071,0.028524965047836304,0.26430998062714933,0.0009250993277305635
cot_0_02_flow_matching,ode-euler-mini,time_mlp,sir,0.8644800007343292,0.02584841994010509,0.8770249783992767,0.010525017976760864,0.26405636463314297,0.0009646045659915437
cot_0_02_flow_matching,ode-euler-mini,time_mlp,gaussian_linear,0.5415300011634827,0.006264228597805131,0.5413250029087067,0.004675000905990601,0.26199387237429617,0.001140859138107245
cot_0_02_flow_matching,ode-euler-mini,time_mlp,gaussian_linear_uniform,0.5562049984931946,0.006019234147992665,0.5583249926567078,0.005099982023239136,0.261514310631901,0.0010025694002266312
cot_0_02_flow_matching,ode-euler-mini,time_mlp,lotka_volterra,0.9213550090789795,0.015981362717106755,0.921999990940094,0.011350005865097046,0.2654488315805793,0.000703716770189347
cot_0_02_flow_matching,ode-euler-mini,time_mlp,slcp,0.698800003528595,0.09483735376330515,0.6694999933242798,0.05722498893737793,0.2567569684237242,0.003523373085123219
cot_0_02_flow_matching,ode-euler-mini,time_mlp,two_moons,0.7494099915027619,0.07800647536641353,0.7529249787330627,0.04809999465942383,0.2582278990186751,0.001984925534475209
cot_0_02_flow_matching,ode-euler-mini,time_mlp,bernoulli_glm,0.65692999958992,0.017470878206620653,0.6524500250816345,0.011324971914291382,0.2602215250022709,0.0010194358908197977
cot_0_02_flow_matching,ode-euler-mini,time_mlp,slcp_distractors,0.7045800089836121,0.09769201076311478,0.6955249905586243,0.07292497158050537,0.28475135043263433,0.0017482758177891483
cot_0_02_flow_matching,ode-euler-mini,time_mlp,bernoulli_glm_raw,0.6596850037574769,0.014129881998188971,0.6560499966144562,0.008049994707107544,0.2671671307645738,0.008526470068200212
cot_0_05_flow_matching,ode-euler-mini,mlp,gaussian_mixture,0.7374149918556213,0.06759905636754356,0.7123999893665314,0.04407498240470886,0.13006052635610105,0.0005254743183851667
cot_0_05_flow_matching,ode-euler-mini,mlp,sir,0.8013599991798401,0.04625562886239983,0.8036749958992004,0.03987500071525574,0.1282962546683848,0.002557245768417672
cot_0_05_flow_matching,ode-euler-mini,mlp,gaussian_linear,0.5605299890041351,0.019310728150811824,0.5556249916553497,0.012425005435943604,0.1272353776730597,0.0005864348074552518
cot_0_05_flow_matching,ode-euler-mini,mlp,gaussian_linear_uniform,0.5628100037574768,0.013074017979008982,0.558225005865097,0.007974982261657715,0.12912885416299105,0.000509086104986955
cot_0_05_flow_matching,ode-euler-mini,mlp,lotka_volterra,0.9392700135707855,0.03720188876809387,0.9549000263214111,0.013225018978118896,0.12652580086141824,0.0002586605308074916
cot_0_05_flow_matching,ode-euler-mini,mlp,slcp,0.7379000008106231,0.09091794685812678,0.7138999998569489,0.04500001668930054,0.1268053775653243,0.0006539387130065418
cot_0_05_flow_matching,ode-euler-mini,mlp,two_moons,0.6973399996757508,0.0830839930052571,0.6830250024795532,0.052724987268447876,0.12871311912313105,0.0019537844080258046
cot_0_05_flow_matching,ode-euler-mini,mlp,bernoulli_glm,0.7084849953651429,0.046148175770275746,0.7159999907016754,0.038924992084503174,0.13568298574537038,0.001017031452118347
cot_0_05_flow_matching,ode-euler-mini,mlp,slcp_distractors,0.7546199977397918,0.10008340344451408,0.7181499898433685,0.07132500410079956,0.125846497528255,0.0005083509622087368
cot_0_05_flow_matching,ode-euler-mini,mlp,bernoulli_glm_raw,0.7039250075817108,0.024843371806072923,0.694350004196167,0.01742500066757202,0.12808123817667366,0.0005702884707282274
cot_0_05_flow_matching,ode-euler-mini,time_mlp,gaussian_mixture,0.6750200033187866,0.05496349752319229,0.6587249934673309,0.039449989795684814,0.2606264536269009,0.0008933322564546628
cot_0_05_flow_matching,ode-euler-mini,time_mlp,sir,0.8686899960041046,0.04374398818082738,0.8797250092029572,0.0198499858379364,0.26685627913102505,0.0008842598775734066
cot_0_05_flow_matching,ode-euler-mini,time_mlp,gaussian_linear,0.5621399998664856,0.02414940999968807,0.5563249886035919,0.016400009393692017,0.26258934624493124,0.0008349083904491836
cot_0_05_flow_matching,ode-euler-mini,time_mlp,gaussian_linear_uniform,0.558884996175766,0.01718227748018646,0.5506999790668488,0.010374963283538818,0.26462734304368496,0.0007248802450868199
cot_0_05_flow_matching,ode-euler-mini,time_mlp,lotka_volterra,0.9033549964427948,0.026675606452750366,0.9033249914646149,0.01662498712539673,0.2590474434196949,0.0009573033348777042
cot_0_05_flow_matching,ode-euler-mini,time_mlp,slcp,0.7060500144958496,0.0809986500574945,0.6783500015735626,0.06799998879432678,0.2628150484524667,0.0009294223985765774
cot_0_05_flow_matching,ode-euler-mini,time_mlp,two_moons,0.7104550004005432,0.0733076884582999,0.711650013923645,0.0746999979019165,0.2615569753572345,0.0007885762049010702
cot_0_05_flow_matching,ode-euler-mini,time_mlp,bernoulli_glm,0.6634199976921081,0.019575765561831354,0.6663749814033508,0.013100028038024902,0.26382751725614073,0.002769049296217552
cot_0_05_flow_matching,ode-euler-mini,time_mlp,slcp_distractors,0.7020700097084045,0.10177603524338472,0.6685750186443329,0.06325000524520874,0.259049270208925,0.0008708840989300572
cot_0_05_flow_matching,ode-euler-mini,time_mlp,bernoulli_glm_raw,0.6620949983596802,0.017707515076319492,0.6561999917030334,0.006699979305267334,0.2661081084981561,0.0006716293966505673
cot_0_1_flow_matching,ode-euler-mini,mlp,gaussian_mixture,0.7517800033092499,0.07240180292337127,0.7442249953746796,0.0605749785900116,0.1259656104259193,0.0006237707483331428
cot_0_1_flow_matching,ode-euler-mini,mlp,sir,0.8246949970722198,0.05471116746499682,0.8351249992847443,0.03450000286102295,0.12349544446915388,0.0005526030721199044
cot_0_1_flow_matching,ode-euler-mini,mlp,gaussian_linear,0.6020400047302246,0.0320229209614847,0.5989499986171722,0.02309998869895935,0.125614442396909,0.0006662678578946212
cot_0_1_flow_matching,ode-euler-mini,mlp,gaussian_linear_uniform,0.5998050034046173,0.02622616622682758,0.6037500202655792,0.020274996757507324,0.12530960915610195,0.0003406371135065047
cot_0_1_flow_matching,ode-euler-mini,mlp,lotka_volterra,0.9338900089263916,0.03147572984575034,0.9215500056743622,0.012475013732910156,0.12451558234170079,0.0005941461274181175
cot_0_1_flow_matching,ode-euler-mini,mlp,slcp,0.7468699932098388,0.08098321107958532,0.7272499799728394,0.04952502250671387,0.12302766554057598,0.000675394943817038
cot_0_1_flow_matching,ode-euler-mini,mlp,two_moons,0.7167250037193298,0.09523278435794243,0.7029750049114227,0.08004999160766602,0.1296848683618009,0.001521702089213324
cot_0_1_flow_matching,ode-euler-mini,mlp,bernoulli_glm,0.7212850034236908,0.08282571774085283,0.724700003862381,0.07962501049041748,0.12766584604978562,0.0006727586756729365
cot_0_1_flow_matching,ode-euler-mini,mlp,slcp_distractors,0.7692750036716461,0.09071762683080799,0.7483749985694885,0.06422498822212219,0.12669800063595177,0.0006927688747814767
cot_0_1_flow_matching,ode-euler-mini,mlp,bernoulli_glm_raw,0.7218200027942657,0.05587778372052554,0.7172749936580658,0.05162501335144043,0.1281583433970809,0.0012871504820597857
cot_0_1_flow_matching,ode-euler-mini,time_mlp,gaussian_mixture,0.7092350065708161,0.06325507446716074,0.6925000250339508,0.04245004057884216,0.2620189033448696,0.0012652057993793567
cot_0_1_flow_matching,ode-euler-mini,time_mlp,sir,0.8549549996852874,0.058554910502387945,0.8761000037193298,0.027224987745285034,0.25638410691171887,0.001383654069942144
cot_0_1_flow_matching,ode-euler-mini,time_mlp,gaussian_linear,0.6054149985313415,0.03900819036402142,0.5993500053882599,0.030324995517730713,0.25763542847707865,0.0014400601491403088
cot_0_1_flow_matching,ode-euler-mini,time_mlp,gaussian_linear_uniform,0.6013299882411957,0.030659513323349524,0.6040999889373779,0.027000010013580322,0.2617167329415679,0.0009793444679703752
cot_0_1_flow_matching,ode-euler-mini,time_mlp,lotka_volterra,0.8960650086402893,0.03951925801947006,0.8987500071525574,0.015500009059906006,0.26738399676978586,0.0005892532697015302
cot_0_1_flow_matching,ode-euler-mini,time_mlp,slcp,0.7193449914455414,0.057441687333529015,0.7175250053405762,0.05654999613761902,0.2635903153568506,0.0006715224474758741
cot_0_1_flow_matching,ode-euler-mini,time_mlp,two_moons,0.6882650077342987,0.06174987836422202,0.7036000192165375,0.02907496690750122,0.26377428621053695,0.0007017175876642098
cot_0_1_flow_matching,ode-euler-mini,time_mlp,bernoulli_glm,0.6765900075435638,0.05687815059358657,0.6849000155925751,0.054549992084503174,0.26084528025239706,0.0008966396279158691
cot_0_1_flow_matching,ode-euler-mini,time_mlp,slcp_distractors,0.7143699944019317,0.06576601942835396,0.7126249969005585,0.06634998321533203,0.2609604803845286,0.0010686936598946367
cot_0_1_flow_matching,ode-euler-mini,time_mlp,bernoulli_glm_raw,0.6823949933052063,0.04076469512657561,0.6924249827861786,0.03242501616477966,0.26841001128777864,0.0061425709936945416
cot_partial_flow_matching,ode-euler-mini,mlp,gaussian_mixture,0.7357249975204467,0.06819440247594574,0.7020249962806702,0.0387749969959259,0.13857155498117207,0.0008123522967862027
cot_partial_flow_matching,ode-euler-mini,mlp,sir,0.7787800133228302,0.06739944480014916,0.7985250055789948,0.05795001983642578,0.12835480840876698,0.0007258193470811655
cot_partial_flow_matching,ode-euler-mini,mlp,gaussian_linear,0.5594800055027008,0.006136818980853507,0.5618000030517578,0.003349989652633667,0.12660597683861852,0.0006277137303606541
cot_partial_flow_matching,ode-euler-mini,mlp,gaussian_linear_uniform,0.5818000137805939,0.007388839653149243,0.5822499990463257,0.005800008773803711,0.12629178687930107,0.0009053296945618095
cot_partial_flow_matching,ode-euler-mini,mlp,lotka_volterra,0.9337949991226197,0.041806854397574374,0.9441500008106232,0.017699986696243286,0.1250268267467618,0.00063799705710812
cot_partial_flow_matching,ode-euler-mini,mlp,slcp,0.7261400043964386,0.09045843734825626,0.7032999992370605,0.04407501220703125,0.1278626352548599,0.0006125428355825985
cot_partial_flow_matching,ode-euler-mini,mlp,two_moons,0.6868099987506866,0.0799010389494874,0.654574990272522,0.04202499985694885,0.12994728805497288,0.0005404187545458575
cot_partial_flow_matching,ode-euler-mini,mlp,bernoulli_glm,0.7204899966716767,0.03806929111092733,0.714724987745285,0.03470000624656677,0.127303765155375,0.0006953676887194878
cot_partial_flow_matching,ode-euler-mini,mlp,slcp_distractors,0.797189998626709,0.10476113474054213,0.7842249870300293,0.10490003228187561,0.12848138241097332,0.002754701514416844
cot_partial_flow_matching,ode-euler-mini,mlp,bernoulli_glm_raw,0.7080950081348419,0.021346755567359245,0.7028499841690063,0.017224997282028198,0.1282465746626258,0.0005319613976767918
cot_partial_flow_matching,ode-euler-mini,time_mlp,gaussian_mixture,0.6489300072193146,0.05271191873205718,0.6274750232696533,0.027049988508224487,0.257258166000247,0.0009338330130609086
cot_partial_flow_matching,ode-euler-mini,time_mlp,sir,0.8747849941253663,0.033334529790947615,0.8848499953746796,0.02339997887611389,0.2745428030379117,0.010148211280781002
cot_partial_flow_matching,ode-euler-mini,time_mlp,gaussian_linear,0.5590499997138977,0.008883704186145102,0.5575750172138214,0.00377500057220459,0.2604757146909833,0.0009082134990435403
cot_partial_flow_matching,ode-euler-mini,time_mlp,gaussian_linear_uniform,0.5711049914360047,0.007084784169869435,0.5731249749660492,0.006300002336502075,0.26583020891994236,0.0008459867784036952
cot_partial_flow_matching,ode-euler-mini,time_mlp,lotka_volterra,0.9208850085735321,0.016787923776597026,0.9225750267505646,0.013624995946884155,0.2623054594732821,0.0004067978806795682
cot_partial_flow_matching,ode-euler-mini,time_mlp,slcp,0.7031850039958953,0.08050178209984411,0.695250004529953,0.06787499785423279,0.2641980227082968,0.0007984532046492445
cot_partial_flow_matching,ode-euler-mini,time_mlp,two_moons,0.7647100031375885,0.07789203923501187,0.7685250043869019,0.07177498936653137,0.2637192633934319,0.0007966750099577205
cot_partial_flow_matching,ode-euler-mini,time_mlp,bernoulli_glm,0.6741449952125549,0.013680042562090803,0.6719000041484833,0.0109499990940094,0.2863429382443428,0.00214221352961502
cot_partial_flow_matching,ode-euler-mini,time_mlp,slcp_distractors,0.7196899890899658,0.09403730385122487,0.7029500007629395,0.04492500424385071,0.26432308088988066,0.0008061350257369617
cot_partial_flow_matching,ode-euler-mini,time_mlp,bernoulli_glm_raw,0.6628499984741211,0.013986196512245036,0.6571249961853027,0.006975024938583374,0.2607781855389476,0.0007221530442656924
flow_matching,ode-euler-small,mlp,gaussian_mixture,0.6780349969863891,0.04555041392305574,0.6810750067234039,0.04137501120567322,0.5999352999031544,0.0023492501913946603
flow_matching,ode-euler-small,mlp,sir,0.6060550034046173,0.05830828619327147,0.5716750025749207,0.02059999108314514,0.6060435565188527,0.00254895027256104
flow_matching,ode-euler-small,mlp,gaussian_linear,0.5062550127506256,0.003640288998947163,0.5061250030994415,0.0025999844074249268,0.6004180759191513,0.002360082740421857
flow_matching,ode-euler-small,mlp,gaussian_linear_uniform,0.5160599946975708,0.0053215991197542506,0.5140250027179718,0.001324981451034546,0.6039100141264498,0.0028254176551136484
flow_matching,ode-euler-small,mlp,lotka_volterra,0.8469099998474121,0.0674532660331171,0.8423750102519989,0.051125019788742065,0.60711316363886,0.0032660911523342117
flow_matching,ode-euler-small,mlp,slcp,0.7508350133895874,0.09806232219855332,0.7116250097751617,0.04919999837875366,0.5988646300509572,0.002722554798066621
flow_matching,ode-euler-small,mlp,two_moons,0.6305050015449524,0.055384998338970384,0.62847501039505,0.041850000619888306,0.5985399675555527,0.0021084465421030013
flow_matching,ode-euler-small,mlp,bernoulli_glm,0.5724449872970581,0.02884796250461709,0.5679499804973602,0.02877497673034668,0.6004455289803445,0.0021067207320052145
flow_matching,ode-euler-small,mlp,slcp_distractors,0.7667200028896332,0.09661709733759181,0.7216750085353851,0.0493750274181366,0.6093520322814584,0.002385886780499396
flow_matching,ode-euler-small,mlp,bernoulli_glm_raw,0.5585949957370758,0.012477690486403747,0.5602250099182129,0.007424980401992798,0.6155626774765551,0.0035787039185192844
flow_matching,ode-euler-small,time_mlp,gaussian_mixture,0.5893500089645386,0.018779194691254383,0.5892500281333923,0.012449979782104492,1.2885476208291948,0.005306386148378955
flow_matching,ode-euler-small,time_mlp,sir,0.6903149962425232,0.0661032887556302,0.6998249888420105,0.054849982261657715,1.27591157797724,0.0028664444440795493
flow_matching,ode-euler-small,time_mlp,gaussian_linear,0.5065100073814393,0.0034899018034074154,0.5069999992847443,0.002950012683868408,1.2627493782900274,0.002995070408657588
flow_matching,ode-euler-small,time_mlp,gaussian_linear_uniform,0.5083949983119964,0.0035831898811792685,0.5090250074863434,0.0011250078678131104,1.282494614738971,0.002206746826862854
flow_matching,ode-euler-small,time_mlp,lotka_volterra,0.8239149928092957,0.07343034776877352,0.823199987411499,0.038849979639053345,1.2804842226207256,0.003480077960784988
flow_matching,ode-euler-small,time_mlp,slcp,0.6388600051403046,0.10042819536136745,0.5830749869346619,0.027899980545043945,1.2720243339426816,0.018155887669636408
flow_matching,ode-euler-small,time_mlp,two_moons,0.5510249972343445,0.02812683117177944,0.5493499934673309,0.023950010538101196,1.299977210909128,0.0032321401189928023
flow_matching,ode-euler-small,time_mlp,bernoulli_glm,0.5220449984073638,0.004648256783919376,0.5223749876022339,0.004100024700164795,1.2785133444704115,0.0018731671401221808
flow_matching,ode-euler-small,time_mlp,slcp_distractors,0.6779750049114227,0.10314101617977266,0.6282249987125397,0.05509999394416809,1.2928411134518683,0.002342586490805409
flow_matching,ode-euler-small,time_mlp,bernoulli_glm_raw,0.5246250033378601,0.00809392667770845,0.5228500068187714,0.005750000476837158,1.2536536622792482,0.002992579573333159
flow_matching_edm,ode-euler-small,mlp,gaussian_mixture,0.664775013923645,0.041938685428132824,0.6583750247955322,0.035374999046325684,0.6058985927142203,0.003136359245362974
flow_matching_edm,ode-euler-small,mlp,sir,0.616540002822876,0.055457235135634685,0.6002750098705292,0.03827500343322754,0.6069614796899259,0.004725614355972643
flow_matching_edm,ode-euler-small,mlp,gaussian_linear,0.5077499985694885,0.003675530991264161,0.5079250037670135,0.0019749999046325684,0.6084121259860694,0.002685546955766728
flow_matching_edm,ode-euler-small,mlp,gaussian_linear_uniform,0.5157199978828431,0.003371151788164639,0.5160750150680542,0.0025500059127807617,0.6295673754997552,0.033719411035413885
flow_matching_edm,ode-euler-small,mlp,lotka_volterra,0.8268999993801117,0.09557388057446534,0.8617749810218811,0.06387501955032349,0.6013580990955234,0.0026972813592852428
flow_matching_edm,ode-euler-small,mlp,slcp,0.7051049947738648,0.10172474641448422,0.6682499945163727,0.0548500120639801,0.5894638666883111,0.0023708246424707954
flow_matching_edm,ode-euler-small,mlp,two_moons,0.5781449973583221,0.048815216885459534,0.5641250014305115,0.02445000410079956,0.603827529400587,0.0022152147491892628
flow_matching_edm,ode-euler-small,mlp,bernoulli_glm,0.5792099952697753,0.03565814407065252,0.5763500034809113,0.0340999960899353,0.5930551980622113,0.004056797221714301
flow_matching_edm,ode-euler-small,mlp,slcp_distractors,0.7608850061893463,0.09274860346638976,0.7252250015735626,0.04077500104904175,0.5755249780602754,0.014635620807011737
flow_matching_edm,ode-euler-small,mlp,bernoulli_glm_raw,0.5697149932384491,0.023298284134460494,0.5696749985218048,0.018150001764297485,0.6063019832596183,0.004300101169523116
flow_matching_edm,ode-euler-small,time_mlp,gaussian_mixture,0.590939998626709,0.015447637336991981,0.590499997138977,0.007999986410140991,1.2947187869809569,0.006348994188217602
flow_matching_edm,ode-euler-small,time_mlp,sir,0.6873650014400482,0.05512907005319835,0.7174749970436096,0.028800010681152344,1.257110598962754,0.0044466297644596775
flow_matching_edm,ode-euler-small,time_mlp,gaussian_linear,0.5076049983501434,0.0023934751272475098,0.5071499943733215,0.0017499923706054688,1.274148822762072,0.003064092948395255
flow_matching_edm,ode-euler-small,time_mlp,gaussian_linear_uniform,0.5138049960136414,0.0030989823385439946,0.5153749883174896,0.0011999905109405518,1.2809335726313293,0.003713610894009513
flow_matching_edm,ode-euler-small,time_mlp,lotka_volterra,0.8376200079917908,0.06399915461718488,0.8660500049591064,0.050750017166137695,1.2932951007038356,0.0029413844533483424
flow_matching_edm,ode-euler-small,time_mlp,slcp,0.6255349934101104,0.08452675015811184,0.5784749984741211,0.02709999680519104,1.2858168953098357,0.00543827520019161
flow_matching_edm,ode-euler-small,time_mlp,two_moons,0.5649150013923645,0.029203149416090243,0.564424991607666,0.026374995708465576,1.1804759410209953,0.02890727327505727
flow_matching_edm,ode-euler-small,time_mlp,bernoulli_glm,0.528725004196167,0.008162055431032432,0.5324000120162964,0.004325002431869507,1.2570659859105944,0.0027433184337908854
flow_matching_edm,ode-euler-small,time_mlp,slcp_distractors,0.6625649988651275,0.08236121269106715,0.6511250138282776,0.07035002112388611,1.2726560905575752,0.00482400575290944
flow_matching_edm,ode-euler-small,time_mlp,bernoulli_glm_raw,0.528205007314682,0.0050407605454267125,0.5290749967098236,0.0036250054836273193,1.264571575820446,0.00304644875984173
ot_flow_matching,ode-euler-small,mlp,gaussian_mixture,0.9051300048828125,0.02596643210026063,0.9060249924659729,0.020649999380111694,0.5996973338536918,0.0019318991201634852
ot_flow_matching,ode-euler-small,mlp,sir,0.8903150081634521,0.026359660312556266,0.890500009059906,0.0265749990940094,0.6004685680381954,0.0024030591558811217
ot_flow_matching,ode-euler-small,mlp,gaussian_linear,0.7659400045871735,0.04348478623454665,0.7620500028133392,0.03742498159408569,0.6129582734778524,0.0028863650365486618
ot_flow_matching,ode-euler-small,mlp,gaussian_linear_uniform,0.8352049887180328,0.01963914358884568,0.8357000052928925,0.012425005435943604,0.6039832178503275,0.0038273286631939156
ot_flow_matching,ode-euler-small,mlp,lotka_volterra,0.9762350022792816,0.0121484592896616,0.9778499901294708,0.009075015783309937,0.5962491937913,0.013408711406089348
ot_flow_matching,ode-euler-small,mlp,slcp,0.8783449947834014,0.04377351884945177,0.8764500021934509,0.04912501573562622,0.5690070727840066,0.025255986930220183
ot_flow_matching,ode-euler-small,mlp,two_moons,0.8757899940013886,0.042320389389273474,0.8555499911308289,0.023674994707107544,0.6049421086907387,0.002041993076666751
ot_flow_matching,ode-euler-small,mlp,bernoulli_glm,0.9047950029373169,0.02948459931069945,0.9052000045776367,0.02755001187324524,0.6047248520888389,0.003200072319619934
ot_flow_matching,ode-euler-small,mlp,slcp_distractors,0.8836650073528289,0.04389987169750187,0.8912000060081482,0.04107499122619629,0.6060264718718826,0.0024602120007499824
ot_flow_matching,ode-euler-small,mlp,bernoulli_glm_raw,0.9008649945259094,0.02905762502518797,0.9007999897003174,0.02822500467300415,0.6008261214010417,0.0023180656050396107
ot_flow_matching,ode-euler-small,time_mlp,gaussian_mixture,0.9077450037002563,0.024217572714062212,0.9100750088691711,0.018624991178512573,1.2785929484292864,0.007788536348835345
ot_flow_matching,ode-euler-small,time_mlp,sir,0.8820350110530853,0.03005999409519221,0.87847501039505,0.02937498688697815,1.2881201476790012,0.0025101499628299288
ot_flow_matching,ode-euler-small,time_mlp,gaussian_linear,0.7611400008201599,0.03960174862183174,0.7513250112533569,0.032875001430511475,1.2802062827162444,0.0030063890272892324
ot_flow_matching,ode-euler-small,time_mlp,gaussian_linear_uniform,0.832099997997284,0.01864266943199638,0.8354749977588654,0.015650004148483276,1.2679364778101445,0.0056514692143069195
ot_flow_matching,ode-euler-small,time_mlp,lotka_volterra,0.9485850036144257,0.022641881116403806,0.9415000081062317,0.01690000295639038,1.303426663391292,0.002679931547136589
ot_flow_matching,ode-euler-small,time_mlp,slcp,0.8625,0.04198810190029328,0.870375007390976,0.02922499179840088,1.1931760480627418,0.038333464533562
ot_flow_matching,ode-euler-small,time_mlp,two_moons,0.8492500066757203,0.03855765558394192,0.8345000147819519,0.030524998903274536,1.266268121264875,0.0022232359315745515
ot_flow_matching,ode-euler-small,time_mlp,bernoulli_glm,0.8867150008678436,0.023753749705909204,0.8898999989032745,0.023149996995925903,1.2594130321405828,0.0028828596400778837
ot_flow_matching,ode-euler-small,time_mlp,slcp_distractors,0.8600899994373321,0.03951299154897036,0.8673000037670135,0.034299999475479126,1.275607930496335,0.010434845032408272
ot_flow_matching,ode-euler-small,time_mlp,bernoulli_glm_raw,0.887785005569458,0.023637636661646946,0.8915750086307526,0.023075014352798462,1.2578997714444995,0.005150349072321337
ot_partial_flow_matching,ode-euler-small,mlp,gaussian_mixture,0.9246149957180023,0.021112668120457676,0.9250749945640564,0.013900011777877808,0.6068149911239743,0.004776674104120725
ot_partial_flow_matching,ode-euler-small,mlp,sir,0.9151950001716613,0.022920468759304573,0.9130750000476837,0.020500004291534424,0.6031261200085283,0.005109262626723839
ot_partial_flow_matching,ode-euler-small,mlp,gaussian_linear,0.7868349969387054,0.048407966450268056,0.7787750065326691,0.044199973344802856,0.5963720684871078,0.002063321091479324
ot_partial_flow_matching,ode-euler-small,mlp,gaussian_linear_uniform,0.8513850033283233,0.02506354825268995,0.8501749932765961,0.01789999008178711,0.6151425404474139,0.0026505598785262893
ot_partial_flow_matching,ode-euler-small,mlp,lotka_volterra,0.9807600021362305,0.012497795856234614,0.9807499945163727,0.009775012731552124,0.5618269395083189,0.02577100541900103
ot_partial_flow_matching,ode-euler-small,mlp,slcp,0.8883799970149994,0.04098897590812341,0.8892000019550323,0.035425007343292236,0.6071504313498736,0.0022080491801833688
ot_partial_flow_matching,ode-euler-small,mlp,two_moons,0.8976899981498718,0.03537449031473365,0.880649983882904,0.02324998378753662,0.5918909631669521,0.0030321008751162592
ot_partial_flow_matching,ode-euler-small,mlp,bernoulli_glm,0.9170350015163422,0.039238699476489364,0.9192250072956085,0.037250012159347534,0.6048778193071485,0.003174171559084863
ot_partial_flow_matching,ode-euler-small,mlp,slcp_distractors,0.8969399929046631,0.04072526259753781,0.9074249863624573,0.03799998760223389,0.6083059558644891,0.003073884876741273
ot_partial_flow_matching,ode-euler-small,mlp,bernoulli_glm_raw,0.9166899919509888,0.037309628000214416,0.9193499982357025,0.037099987268447876,0.6095754568465054,0.0022110333775942643
ot_partial_flow_matching,ode-euler-small,time_mlp,gaussian_mixture,0.9256799995899201,0.020640063523928432,0.9259999990463257,0.014775007963180542,1.2557741814292966,0.005265055734898957
ot_partial_flow_matching,ode-euler-small,time_mlp,sir,0.9069249987602234,0.026873952616864413,0.9086999893188477,0.023799985647201538,1.2673661206848919,0.005185506169052466
ot_partial_flow_matching,ode-euler-small,time_mlp,gaussian_linear,0.7838249981403351,0.050541243690555626,0.7775999903678894,0.040574997663497925,1.27897415664047,0.0032812705147414424
ot_partial_flow_matching,ode-euler-small,time_mlp,gaussian_linear_uniform,0.8475499987602234,0.025010655483734375,0.84825000166893,0.01827499270439148,1.2785838922485708,0.006877935784366088
ot_partial_flow_matching,ode-euler-small,time_mlp,lotka_volterra,0.9602299928665161,0.022833893793526825,0.9568749964237213,0.019825011491775513,1.2972269712015987,0.0193289512575993
ot_partial_flow_matching,ode-euler-small,time_mlp,slcp,0.8759749948978424,0.03854551006459509,0.8729749917984009,0.03697499632835388,1.3093664581887423,0.01753891256258763
ot_partial_flow_matching,ode-euler-small,time_mlp,two_moons,0.8757050037384033,0.03600720451756576,0.8655000030994415,0.03012499213218689,1.3036246415227652,0.007838657513435078
ot_partial_flow_matching,ode-euler-small,time_mlp,bernoulli_glm,0.9048950016498566,0.03912515404452384,0.9039250016212463,0.03885000944137573,1.1882986087352037,0.04516974885147702
ot_partial_flow_matching,ode-euler-small,time_mlp,slcp_distractors,0.8773050010204315,0.035496117706767485,0.8773499727249146,0.028275012969970703,1.2917925880290568,0.003184569132673347
ot_partial_flow_matching,ode-euler-small,time_mlp,bernoulli_glm_raw,0.9048599898815155,0.03967915217754497,0.9023500084877014,0.03642502427101135,1.2603997761383652,0.001941832285923378
cot_flow_matching,ode-euler-small,mlp,gaussian_mixture,0.6893050014972687,0.06326331281423667,0.679500013589859,0.06202501058578491,0.6038960138335824,0.0018789471840258804
cot_flow_matching,ode-euler-small,mlp,sir,0.6209549963474273,0.06765030403647809,0.5972249805927277,0.047749996185302734,0.606474656611681,0.002698099351192948
cot_flow_matching,ode-euler-small,mlp,gaussian_linear,0.5051750034093857,0.002536064909660007,0.5055000185966492,0.0019749999046325684,0.6328580647706985,0.005790069914534893
cot_flow_matching,ode-euler-small,mlp,gaussian_linear_uniform,0.515479999780655,0.004653173924783357,0.5143249928951263,0.0031000077724456787,0.5718793689273298,0.025226009500039347
cot_flow_matching,ode-euler-small,mlp,lotka_volterra,0.842884999513626,0.058024236555902955,0.8520499765872955,0.04370000958442688,0.602734783384949,0.0026117403189767673
cot_flow_matching,ode-euler-small,mlp,slcp,0.7220200002193451,0.1038378369880768,0.668624997138977,0.05735000967979431,0.6033540799282491,0.0027103392132260184
cot_flow_matching,ode-euler-small,mlp,two_moons,0.6365400016307831,0.07368091295691799,0.6294249892234802,0.039974987506866455,0.6046287834644317,0.002918465700088315
cot_flow_matching,ode-euler-small,mlp,bernoulli_glm,0.5700800061225891,0.033416948294037054,0.5665499866008759,0.032575011253356934,0.6033824484795332,0.015929751865456015
cot_flow_matching,ode-euler-small,mlp,slcp_distractors,0.76319500207901,0.10891575981314457,0.7189249992370605,0.06902498006820679,0.6003279194235802,0.002156610296079188
cot_flow_matching,ode-euler-small,mlp,bernoulli_glm_raw,0.5581250011920929,0.013030374896912032,0.5604000091552734,0.006925016641616821,0.5663211651146411,0.027268077153904578
cot_flow_matching,ode-euler-small,time_mlp,gaussian_mixture,0.6026199996471405,0.033540511542041955,0.5938250124454498,0.008175015449523926,1.2881613084115089,0.006555489759099884
cot_flow_matching,ode-euler-small,time_mlp,sir,0.7054699957370758,0.05199945246702214,0.7023749947547913,0.02944999933242798,1.341600720770657,0.0585850107429176
cot_flow_matching,ode-euler-small,time_mlp,gaussian_linear,0.5034099966287613,0.0018860985473694264,0.503600001335144,0.001324981451034546,1.2725381987169384,0.006516293232577042
cot_flow_matching,ode-euler-small,time_mlp,gaussian_linear_uniform,0.5077350109815597,0.0028437749346119424,0.5081750154495239,0.001175016164779663,1.3395116562023759,0.030101530071237424
cot_flow_matching,ode-euler-small,time_mlp,lotka_volterra,0.8188849925994873,0.06639964777556312,0.8436749875545502,0.031149983406066895,1.29311384242028,0.0034371693845281683
cot_flow_matching,ode-euler-small,time_mlp,slcp,0.6353200078010559,0.09688234190557471,0.5848000049591064,0.0372999906539917,1.2908954451791943,0.0019937749519007846
cot_flow_matching,ode-euler-small,time_mlp,two_moons,0.5579150050878525,0.036315049171385276,0.551675021648407,0.026825010776519775,1.2804176211357117,0.0020200975209482643
cot_flow_matching,ode-euler-small,time_mlp,bernoulli_glm,0.521334993839264,0.005311781078008764,0.5197249948978424,0.0028249919414520264,1.2692360205575823,0.003792677139521488
cot_flow_matching,ode-euler-small,time_mlp,slcp_distractors,0.6359149873256683,0.08611749967683598,0.5799999833106995,0.027900010347366333,1.2561255265958606,0.0026106307437638704
cot_flow_matching,ode-euler-small,time_mlp,bernoulli_glm_raw,0.5264449954032898,0.007411150201872813,0.52777498960495,0.004325002431869507,1.27218668051064,0.003621069495401545
cot_0_02_flow_matching,ode-euler-small,mlp,gaussian_mixture,0.710495001077652,0.06827503437779012,0.6888500154018402,0.04840001463890076,0.6396620739251375,0.0020692936017132095
cot_0_02_flow_matching,ode-euler-small,mlp,sir,0.6437950015068055,0.08459064286077858,0.6106999814510345,0.06769999861717224,0.5991693058982491,0.00901937621839564
cot_0_02_flow_matching,ode-euler-small,mlp,gaussian_linear,0.5102299928665162,0.004438825418983973,0.5111999809741974,0.0045500099658966064,0.6401772025041282,0.024852840481113248
cot_0_02_flow_matching,ode-euler-small,mlp,gaussian_linear_uniform,0.5144150018692016,0.003643008294620476,0.5134750008583069,0.00210002064704895,0.6110875708982348,0.0029343437048450624
cot_0_02_flow_matching,ode-euler-small,mlp,lotka_volterra,0.8555500030517578,0.05693219008020487,0.8516499996185303,0.0508749783039093,0.6059235428459943,0.0030806826975559474
cot_0_02_flow_matching,ode-euler-small,mlp,slcp,0.7167050004005432,0.09464472784348585,0.6659750044345856,0.04007500410079956,0.6081951350905002,0.0022868413933646668
cot_0_02_flow_matching,ode-euler-small,mlp,two_moons,0.6416249990463256,0.07174260998668143,0.64164999127388,0.0564500093460083,0.6523713303729892,0.005550335792637278
cot_0_02_flow_matching,ode-euler-small,mlp,bernoulli_glm,0.5795400083065033,0.042748959629013185,0.5768750011920929,0.0393500030040741,0.6047769978642463,0.0019875281023564633
cot_0_02_flow_matching,ode-euler-small,mlp,slcp_distractors,0.7502799987792969,0.0884617719894823,0.7163499891757965,0.05867499113082886,0.6148982174694538,0.0018404603281924937
cot_0_02_flow_matching,ode-euler-small,mlp,bernoulli_glm_raw,0.5581350028514862,0.021699610374074123,0.556850016117096,0.021400004625320435,0.5970041356980801,0.003411063905930673
cot_0_02_flow_matching,ode-euler-small,time_mlp,gaussian_mixture,0.6194299995899201,0.03798390086944053,0.6114500164985657,0.030599981546401978,1.2909668730571866,0.005488255374779978
cot_0_02_flow_matching,ode-euler-small,time_mlp,sir,0.7135299980640412,0.050613789586985335,0.7204500138759613,0.0428999662399292,1.2905992661602794,0.0063815877266920375
cot_0_02_flow_matching,ode-euler-small,time_mlp,gaussian_linear,0.5145049929618836,0.008890267365767007,0.512499988079071,0.006074994802474976,1.2783655867911876,0.005559507624412429
cot_0_02_flow_matching,ode-euler-small,time_mlp,gaussian_linear_uniform,0.5097550034523011,0.002556786589265294,0.5106000006198883,0.001699984073638916,1.2744356697425245,0.0035523087232083995
cot_0_02_flow_matching,ode-euler-small,time_mlp,lotka_volterra,0.8235199928283692,0.04694787927253566,0.818149983882904,0.03327500820159912,1.2968084876425565,0.0031116839281425503
cot_0_02_flow_matching,ode-euler-small,time_mlp,slcp,0.6579550087451935,0.08364939715816946,0.6175750195980072,0.0455000102519989,1.2605018822476268,0.0214126595046781
cot_0_02_flow_matching,ode-euler-small,time_mlp,two_moons,0.5663800060749054,0.0429558520012461,0.5591000020503998,0.031125009059906006,1.2617774651385845,0.007876366163081173
cot_0_02_flow_matching,ode-euler-small,time_mlp,bernoulli_glm,0.5291650056838989,0.009705106102215049,0.5272499918937683,0.005849987268447876,1.2727313643321394,0.002551053248152038
cot_0_02_flow_matching,ode-euler-small,time_mlp,slcp_distractors,0.6494700074195862,0.08812878247030069,0.6140750050544739,0.04482501745223999,1.3862254146486521,0.005562164698176443
cot_0_02_flow_matching,ode-euler-small,time_mlp,bernoulli_glm_raw,0.5291400015354156,0.005316563355302386,0.5292499959468842,0.003949999809265137,1.295627801027149,0.03116139048233901
cot_0_05_flow_matching,ode-euler-small,mlp,gaussian_mixture,0.7294050037860871,0.07210949040077871,0.7033500075340271,0.03955000638961792,0.6179851904511452,0.0028781334701127735
cot_0_05_flow_matching,ode-euler-small,mlp,sir,0.7142500042915344,0.07028105096122532,0.7100250124931335,0.05427500605583191,0.6090964493341744,0.007926844779172878
cot_0_05_flow_matching,ode-euler-small,mlp,gaussian_linear,0.5502449929714203,0.022201008588550387,0.547775000333786,0.01614999771118164,0.6049278112128377,0.0025022918071779983
cot_0_05_flow_matching,ode-euler-small,mlp,gaussian_linear_uniform,0.5375399947166443,0.01533630469662568,0.5375999808311462,0.00784999132156372,0.6123679500073195,0.0019220170959985115
cot_0_05_flow_matching,ode-euler-small,mlp,lotka_volterra,0.8677049934864044,0.04994434911020084,0.8691999912261963,0.025700002908706665,0.6040106369182467,0.0010004655153164263
cot_0_05_flow_matching,ode-euler-small,mlp,slcp,0.7299849927425385,0.0868901043294195,0.7022999823093414,0.051149994134902954,0.60330856051296,0.002946909276034068
cot_0_05_flow_matching,ode-euler-small,mlp,two_moons,0.698484992980957,0.09236325803122626,0.7175999879837036,0.06024998426437378,0.6162674032151699,0.006412969292474225
cot_0_05_flow_matching,ode-euler-small,mlp,bernoulli_glm,0.621670001745224,0.08176502883979352,0.6268750131130219,0.08532500267028809,0.641202499344945,0.0024158557064351475
cot_0_05_flow_matching,ode-euler-small,mlp,slcp_distractors,0.7492150008678437,0.09302650507130691,0.7062000036239624,0.06440001726150513,0.5986600535921752,0.0019359399208778072
cot_0_05_flow_matching,ode-euler-small,mlp,bernoulli_glm_raw,0.5933099925518036,0.046110092451117954,0.5808749794960022,0.040599972009658813,0.6089948560111225,0.0023977285810379465
cot_0_05_flow_matching,ode-euler-small,time_mlp,gaussian_mixture,0.6735200047492981,0.05471638822614417,0.6480999886989594,0.02522498369216919,1.2723142654635011,0.0031627586356429154
cot_0_05_flow_matching,ode-euler-small,time_mlp,sir,0.7423049986362458,0.053760267991046135,0.7211500108242035,0.04650002717971802,1.3039557960815729,0.0036874952478261756
cot_0_05_flow_matching,ode-euler-small,time_mlp,gaussian_linear,0.554684990644455,0.02953099661107988,0.5474250018596649,0.017924994230270386,1.2832341083325445,0.0034793039800487912
cot_0_05_flow_matching,ode-euler-small,time_mlp,gaussian_linear_uniform,0.5381099998950958,0.015334393079303132,0.5395500063896179,0.010374993085861206,1.2902055764570832,0.003154049370616616
cot_0_05_flow_matching,ode-euler-small,time_mlp,lotka_volterra,0.8412150025367737,0.032267745198429496,0.8394249975681305,0.030550003051757812,1.266047555487603,0.0031302327399133725
cot_0_05_flow_matching,ode-euler-small,time_mlp,slcp,0.6845550000667572,0.0765664946910159,0.664775013923645,0.04332500696182251,1.282700808160007,0.004591999332147858
cot_0_05_flow_matching,ode-euler-small,time_mlp,two_moons,0.609455007314682,0.06156444395677317,0.6113750040531158,0.05089998245239258,1.2779631353914738,0.003359720172433302
cot_0_05_flow_matching,ode-euler-small,time_mlp,bernoulli_glm,0.5733150005340576,0.04594573175181103,0.5770249962806702,0.040950000286102295,1.2854147027246654,0.009896281202110665
cot_0_05_flow_matching,ode-euler-small,time_mlp,slcp_distractors,0.6670450031757355,0.09144291876944935,0.6398250162601471,0.06332498788833618,1.2640914474613965,0.004291011973498655
cot_0_05_flow_matching,ode-euler-small,time_mlp,bernoulli_glm_raw,0.5479449987411499,0.024395972808592434,0.5491250157356262,0.021324992179870605,1.2979530113749207,0.002584612601630758
cot_0_1_flow_matching,ode-euler-small,mlp,gaussian_mixture,0.749244999885559,0.07142427820320096,0.7462500035762787,0.06310001015663147,0.5995888468809426,0.0014430857884023048
cot_0_1_flow_matching,ode-euler-small,mlp,sir,0.7370150029659271,0.06675980888217822,0.7015999853610992,0.03584998846054077,0.5884443293325603,0.0023400026091091666
cot_0_1_flow_matching,ode-euler-small,mlp,gaussian_linear,0.6066749930381775,0.03359489638797176,0.5962749719619751,0.03187498450279236,0.5978321949020028,0.0024397517558210104
cot_0_1_flow_matching,ode-euler-small,mlp,gaussian_linear_uniform,0.6019749999046325,0.028609493514335112,0.6032250225543976,0.023200005292892456,0.5927222441881895,0.0009477597061055845
cot_0_1_flow_matching,ode-euler-small,mlp,lotka_volterra,0.8771349966526032,0.05153071802635648,0.8544999957084656,0.03597500920295715,0.5930014692246914,0.0023458919607872077
cot_0_1_flow_matching,ode-euler-small,mlp,slcp,0.747444999217987,0.0775055055790311,0.7250999808311462,0.05562499165534973,0.5851501255296171,0.0023651563346566607
cot_0_1_flow_matching,ode-euler-small,mlp,two_moons,0.7222950041294098,0.08679239717705618,0.7119249999523163,0.06097498536109924,0.618466691672802,0.00949156309433025
cot_0_1_flow_matching,ode-euler-small,mlp,bernoulli_glm,0.6718999922275544,0.11386939579649237,0.6874249875545502,0.1098250150680542,0.6069326529279351,0.0018794263748535434
cot_0_1_flow_matching,ode-euler-small,mlp,slcp_distractors,0.7710150003433227,0.08416943662834504,0.7566750049591064,0.07172501087188721,0.6017051119357347,0.0031202102243317693
cot_0_1_flow_matching,ode-euler-small,mlp,bernoulli_glm_raw,0.6507849931716919,0.09028909955956493,0.6535750031471252,0.09342500567436218,0.6096679788082838,0.005544054480417144
cot_0_1_flow_matching,ode-euler-small,time_mlp,gaussian_mixture,0.7150050103664398,0.06355255213873541,0.7043250203132629,0.05167502164840698,1.2798351595178246,0.0034289904571464113
cot_0_1_flow_matching,ode-euler-small,time_mlp,sir,0.7690649926662445,0.055810789969150724,0.7508499920368195,0.046875,1.25270463405177,0.004336727874610523
cot_0_1_flow_matching,ode-euler-small,time_mlp,gaussian_linear,0.6082300007343292,0.03803078489264961,0.6034750044345856,0.030925005674362183,1.2575530621223152,0.005410971280102138
cot_0_1_flow_matching,ode-euler-small,time_mlp,gaussian_linear_uniform,0.6030400037765503,0.033555851593790445,0.6043500006198883,0.028349995613098145,1.2762523395940661,0.0035400871835249894
cot_0_1_flow_matching,ode-euler-small,time_mlp,lotka_volterra,0.8589950025081634,0.05614505269732843,0.8512249886989594,0.04274997115135193,1.3068206390365957,0.0025082942107153886
cot_0_1_flow_matching,ode-euler-small,time_mlp,slcp,0.7137899994850159,0.05405564037007923,0.7196750044822693,0.05252501368522644,1.286906522139907,0.0023275395301143617
cot_0_1_flow_matching,ode-euler-small,time_mlp,two_moons,0.6534150063991546,0.06778675386846122,0.6248999834060669,0.05224999785423279,1.2877222631126641,0.00205690165665532
cot_0_1_flow_matching,ode-euler-small,time_mlp,bernoulli_glm,0.6329150021076202,0.08398112738467552,0.6481249928474426,0.07449999451637268,1.2725760613568127,0.00331673491004114
cot_0_1_flow_matching,ode-euler-small,time_mlp,slcp_distractors,0.7014649987220765,0.051841918726965856,0.701200008392334,0.04114997386932373,1.2744396779686213,0.00560345309807812
cot_0_1_flow_matching,ode-euler-small,time_mlp,bernoulli_glm_raw,0.613824999332428,0.07576344852380015,0.6103000044822693,0.0766499936580658,1.307855341024697,0.0224987470117977
cot_partial_flow_matching,ode-euler-small,mlp,gaussian_mixture,0.7049999952316284,0.082893442473143,0.685575008392334,0.06757500767707825,0.6533133413642644,0.003200969169014904
cot_partial_flow_matching,ode-euler-small,mlp,sir,0.6355699956417084,0.0724294133475432,0.6202499866485596,0.055275022983551025,0.6131986839696765,0.0032594736169569505
cot_partial_flow_matching,ode-euler-small,mlp,gaussian_linear,0.5162500083446503,0.0057000011205883576,0.5155500173568726,0.004325002431869507,0.6029154880903661,0.0027911410236727188
cot_partial_flow_matching,ode-euler-small,mlp,gaussian_linear_uniform,0.5186149954795838,0.0057602178639628,0.5169999897480011,0.0030750036239624023,0.6002827447839081,0.002621966536971519
cot_partial_flow_matching,ode-euler-small,mlp,lotka_volterra,0.8276550114154816,0.08288082786735596,0.8372000157833099,0.044499993324279785,0.595795840676874,0.0022501391178961477
cot_partial_flow_matching,ode-euler-small,mlp,slcp,0.7103399991989136,0.08988928986432708,0.6897250115871429,0.05639997124671936,0.606754482537508,0.0031441818822560445
cot_partial_flow_matching,ode-euler-small,mlp,two_moons,0.6452449977397918,0.09513952144681677,0.6393249928951263,0.06982499361038208,0.618173111230135,0.0019142285180126068
cot_partial_flow_matching,ode-euler-small,mlp,bernoulli_glm,0.6070900022983551,0.06806043733608125,0.6018750071525574,0.06007498502731323,0.6064647804014385,0.0031691280279162373
cot_partial_flow_matching,ode-euler-small,mlp,slcp_distractors,0.7780249953269959,0.10465612525846055,0.7607249915599823,0.11057499051094055,0.6114021155051887,0.007036699561130033
cot_partial_flow_matching,ode-euler-small,mlp,bernoulli_glm_raw,0.5856249928474426,0.045433852835845806,0.575549989938736,0.038474977016448975,0.6093890307471156,0.0023856647621578095
cot_partial_flow_matching,ode-euler-small,time_mlp,gaussian_mixture,0.640639990568161,0.05107120062163252,0.6268749833106995,0.03384998440742493,1.2585525302216412,0.004506881329254614
cot_partial_flow_matching,ode-euler-small,time_mlp,sir,0.7148249983787537,0.04436246891498298,0.7260249853134155,0.0160750150680542,1.3691725031472743,0.04142775243757184
cot_partial_flow_matching,ode-euler-small,time_mlp,gaussian_linear,0.5175150036811829,0.009042908206973295,0.51460000872612,0.004975020885467529,1.270789876114577,0.003750024270675622
cot_partial_flow_matching,ode-euler-small,time_mlp,gaussian_linear_uniform,0.5146449983119965,0.005849378795596927,0.5129999816417694,0.002400010824203491,1.2949132038280369,0.003580495941962922
cot_partial_flow_matching,ode-euler-small,time_mlp,lotka_volterra,0.844650000333786,0.0323819499950838,0.8446750044822693,0.03380000591278076,1.2820980329066516,0.0019175842719960702
cot_partial_flow_matching,ode-euler-small,time_mlp,slcp,0.6557200074195861,0.07403747125153076,0.6456499993801117,0.05550000071525574,1.2915101490914822,0.003754422960701374
cot_partial_flow_matching,ode-euler-small,time_mlp,two_moons,0.5826799988746643,0.054744505640823136,0.5726999938488007,0.034675002098083496,1.2888974890112876,0.0032070715598917607
cot_partial_flow_matching,ode-euler-small,time_mlp,bernoulli_glm,0.5555600047111511,0.034159506115377394,0.543624997138977,0.01924997568130493,1.394717144779861,0.011411252587610747
cot_partial_flow_matching,ode-euler-small,time_mlp,slcp_distractors,0.6600850045680999,0.08875630364579881,0.6402499973773956,0.05629998445510864,1.289588930271566,0.0027427010811627408
cot_partial_flow_matching,ode-euler-small,time_mlp,bernoulli_glm_raw,0.5407250046730041,0.0210323169708615,0.5361499786376953,0.015074998140335083,1.2719042166136205,0.0037186048538569716
diffusion_edm_vp,ode-euler-scheduled,mlp,gaussian_mixture,0.6392399966716766,0.0542934511610089,0.6264999806880951,0.045174986124038696,8.36463087797165,0.2067004533063477
diffusion_edm_vp,ode-euler-scheduled,mlp,sir,0.6260250091552735,0.08002489882456075,0.5901249945163727,0.029399991035461426,8.090811525192112,0.014246780717193052
diffusion_edm_vp,ode-euler-scheduled,mlp,gaussian_linear,0.5056750118732453,0.0021998044363905557,0.5062250196933746,0.0010499954223632812,8.202838335558772,0.01356116461722672
diffusion_edm_vp,ode-euler-scheduled,mlp,gaussian_linear_uniform,0.5067950010299682,0.00321469127889568,0.5063999891281128,0.00135001540184021,7.588702396210283,0.09016148668405227
diffusion_edm_vp,ode-euler-scheduled,mlp,lotka_volterra,0.8514599919319152,0.06149543303812699,0.8693249821662903,0.04882499575614929,8.013787600491195,0.00981569432331392
diffusion_edm_vp,ode-euler-scheduled,mlp,slcp,0.700445008277893,0.08730305758502328,0.6822250187397003,0.063774973154068,8.099718633573502,0.023196003858178747
diffusion_edm_vp,ode-euler-scheduled,mlp,two_moons,0.562279999256134,0.04217214981536551,0.5417749881744385,0.016575008630752563,7.824150273296982,0.048863241647319804
diffusion_edm_vp,ode-euler-scheduled,mlp,bernoulli_glm,0.599634999036789,0.05677659080259894,0.5931499898433685,0.057099997997283936,8.186097187176347,0.010378923025579962
diffusion_edm_vp,ode-euler-scheduled,mlp,slcp_distractors,0.7260000050067902,0.09527828244847857,0.7125250101089478,0.059825003147125244,8.14029649682343,0.04154526808751933
diffusion_edm_vp,ode-euler-scheduled,mlp,bernoulli_glm_raw,0.5768850028514863,0.042441988518592044,0.5676249861717224,0.03184998035430908,8.013136703148485,0.006902713129526288
diffusion_edm_vp,ode-euler-scheduled,time_mlp,gaussian_mixture,0.5297100007534027,0.006602649505356836,0.52777498960495,0.006125003099441528,14.920926679205149,0.033249414226201056
diffusion_edm_vp,ode-euler-scheduled,time_mlp,sir,0.5414700090885163,0.01630704976188028,0.542000025510788,0.012924998998641968,14.695200225990266,0.08408993314642269
diffusion_edm_vp,ode-euler-scheduled,time_mlp,gaussian_linear,0.5048249989748002,0.0019041015328341482,0.5053250193595886,0.0008749961853027344,14.868195044342428,0.03916109485421116
diffusion_edm_vp,ode-euler-scheduled,time_mlp,gaussian_linear_uniform,0.5143700003623962,0.0040886473151663634,0.5147750079631805,0.0030499696731567383,14.860551520623266,0.015485669087741603
diffusion_edm_vp,ode-euler-scheduled,time_mlp,lotka_volterra,0.7124299943447113,0.0932372985318097,0.6785999834537506,0.03819999098777771,14.960914826951921,0.05313876307752147
diffusion_edm_vp,ode-euler-scheduled,time_mlp,slcp,0.6476249992847443,0.09194070628939507,0.6253000199794769,0.061525046825408936,14.70630737049505,0.07454924606830256
diffusion_edm_vp,ode-euler-scheduled,time_mlp,two_moons,0.5240299940109253,0.011892234656904603,0.5198499858379364,0.0054000020027160645,14.56626798324287,0.03510584301313875
diffusion_edm_vp,ode-euler-scheduled,time_mlp,bernoulli_glm,0.5216649949550629,0.005669182182535591,0.5224500000476837,0.005050003528594971,15.075362766347826,0.01846334151386419
diffusion_edm_vp,ode-euler-scheduled,time_mlp,slcp_distractors,0.6528899967670441,0.07422760596582745,0.6389250159263611,0.06599998474121094,14.757326297741383,0.07203996321810203
diffusion_edm_vp,ode-euler-scheduled,time_mlp,bernoulli_glm_raw,0.5226899921894074,0.005648352449342252,0.5231750011444092,0.0045500099658966064,14.62856195177883,0.010280190291345914
diffusion_edm_vp_ema,ode-euler-scheduled,mlp,gaussian_mixture,0.6529800057411194,0.051042994427485805,0.6488499939441681,0.05359998345375061,8.062472565565258,0.00976084052554732
diffusion_edm_vp_ema,ode-euler-scheduled,mlp,sir,0.6361949980258942,0.08508552599302775,0.5982999801635742,0.030749976634979248,7.984586021117866,0.020273833972124684
diffusion_edm_vp_ema,ode-euler-scheduled,mlp,gaussian_linear,0.5035900086164474,0.003562922078048666,0.5023750066757202,0.0018500089645385742,8.231258382089436,0.006545566361564914
diffusion_edm_vp_ema,ode-euler-scheduled,mlp,gaussian_linear_uniform,0.508840000629425,0.002754979029193811,0.5083749890327454,0.0020999908447265625,8.042821895889938,0.008395371466796094
diffusion_edm_vp_ema,ode-euler-scheduled,mlp,lotka_volterra,0.8647350013256073,0.07476213291490298,0.90522500872612,0.03337499499320984,7.973065696191043,0.0114524162711607
diffusion_edm_vp_ema,ode-euler-scheduled,mlp,slcp,0.7026299953460693,0.09776401356429515,0.6636750102043152,0.029525011777877808,7.988979052752256,0.010223804542684421
diffusion_edm_vp_ema,ode-euler-scheduled,mlp,two_moons,0.5645799994468689,0.042501477591461154,0.543624997138977,0.021375000476837158,8.045495594013483,0.02412333106825604
diffusion_edm_vp_ema,ode-euler-scheduled,mlp,bernoulli_glm,0.6024899959564209,0.05999339891430459,0.5999000072479248,0.06175002455711365,7.964382487908006,0.011268804855325066
diffusion_edm_vp_ema,ode-euler-scheduled,mlp,slcp_distractors,0.7282800078392029,0.08663666019311526,0.7101249992847443,0.04769998788833618,7.914682885818183,0.009056618702072841
diffusion_edm_vp_ema,ode-euler-scheduled,mlp,bernoulli_glm_raw,0.5744650006294251,0.03497894421376765,0.5807250142097473,0.030450016260147095,8.006217951141299,0.014251939077872068
diffusion_edm_vp_ema,ode-euler-scheduled,time_mlp,gaussian_mixture,0.533840000629425,0.008076846271880204,0.5365000069141388,0.005450010299682617,14.681980106700212,0.02106898026482284
diffusion_edm_vp_ema,ode-euler-scheduled,time_mlp,sir,0.5446449995040894,0.017887929172704962,0.5464750230312347,0.012850016355514526,14.90502878483385,0.01922957895048459
diffusion_edm_vp_ema,ode-euler-scheduled,time_mlp,gaussian_linear,0.5040350019931793,0.0025381087416496994,0.504150003194809,0.0017249882221221924,14.652014457248152,0.022429022402236484
diffusion_edm_vp_ema,ode-euler-scheduled,time_mlp,gaussian_linear_uniform,0.5175650000572205,0.004535706008955306,0.5169499814510345,0.004350006580352783,15.000109759066254,0.024706917214644433
diffusion_edm_vp_ema,ode-euler-scheduled,time_mlp,lotka_volterra,0.6970300018787384,0.09349618937683805,0.6480000019073486,0.030849993228912354,15.780738649331033,0.3173814112976209
diffusion_edm_vp_ema,ode-euler-scheduled,time_mlp,slcp,0.6346049964427948,0.061611961876783035,0.6139000058174133,0.03049999475479126,14.86612251009792,0.04640510065773839
diffusion_edm_vp_ema,ode-euler-scheduled,time_mlp,two_moons,0.5154550075531006,0.012509165985880514,0.5137750208377838,0.006374984979629517,15.46889818077907,0.2836543922886099
diffusion_edm_vp_ema,ode-euler-scheduled,time_mlp,bernoulli_glm,0.523469990491867,0.0059415171618928215,0.5231999754905701,0.004600018262863159,15.218874895107001,0.20107185438458142
diffusion_edm_vp_ema,ode-euler-scheduled,time_mlp,slcp_distractors,0.6613900005817414,0.08495281713233183,0.623199999332428,0.0513249933719635,14.45894993012771,0.06931904061721621
diffusion_edm_vp_ema,ode-euler-scheduled,time_mlp,bernoulli_glm_raw,0.5243800044059753,0.006523729331703517,0.5257500112056732,0.004499971866607666,14.523465919028968,0.017808168730893317
diffusion_edm_ve,ode-euler-scheduled,mlp,gaussian_mixture,0.7660099983215332,0.06854672671292282,0.7636500000953674,0.06799998879432678,8.065380473155528,0.012872172399230213
diffusion_edm_ve,ode-euler-scheduled,mlp,sir,0.6562799930572509,0.03850559104800938,0.6519999802112579,0.017000019550323486,8.006241486873478,0.016821586589571967
diffusion_edm_ve,ode-euler-scheduled,mlp,gaussian_linear,0.7935849964618683,0.009060307281379307,0.7912499904632568,0.004950016736984253,8.10754874330014,0.018423353022034905
diffusion_edm_ve,ode-euler-scheduled,mlp,gaussian_linear_uniform,0.787690007686615,0.014507016737402985,0.7874500155448914,0.010049998760223389,7.758396411780268,0.12260669367067047
diffusion_edm_ve,ode-euler-scheduled,mlp,lotka_volterra,0.879009997844696,0.0522526585133559,0.890500009059906,0.018449991941452026,7.983675126265735,0.011993338608420553
diffusion_edm_ve,ode-euler-scheduled,mlp,slcp,0.8087500035762787,0.04354269649929335,0.8045250177383423,0.02022498846054077,8.154867155849933,0.01284551543125561
diffusion_edm_ve,ode-euler-scheduled,mlp,two_moons,0.6413550019264221,0.06552872503194535,0.6210500001907349,0.030600011348724365,7.950057626515627,0.008063773147499034
diffusion_edm_ve,ode-euler-scheduled,mlp,bernoulli_glm,0.8310250043869019,0.06525520751741791,0.8319000005722046,0.06447499990463257,8.155528199672698,0.00851634709261497
diffusion_edm_ve,ode-euler-scheduled,mlp,slcp_distractors,0.807464998960495,0.047873753890037035,0.7964249849319458,0.02467501163482666,8.140998913906515,0.018876334668041093
diffusion_edm_ve,ode-euler-scheduled,mlp,bernoulli_glm_raw,0.8277899980545044,0.0673394399351947,0.8353250026702881,0.06167498230934143,8.223388356342912,0.011290754803288554
diffusion_edm_ve,ode-euler-scheduled,time_mlp,gaussian_mixture,0.6336349904537201,0.016176316340105176,0.6305249929428101,0.015500009059906006,14.786618192214519,0.011271355593085465
diffusion_edm_ve,ode-euler-scheduled,time_mlp,sir,0.6333150029182434,0.01953381949050372,0.6357000172138214,0.019600003957748413,14.83934182310477,0.021703345927542306
diffusion_edm_ve,ode-euler-scheduled,time_mlp,gaussian_linear,0.8082349956035614,0.01626328088149028,0.806549996137619,0.012474983930587769,14.728709240444005,0.02592019189783941
diffusion_edm_ve,ode-euler-scheduled,time_mlp,gaussian_linear_uniform,0.7816199958324432,0.014886700391514943,0.7866500020027161,0.011025011539459229,13.80542994523421,0.38203765604378775
diffusion_edm_ve,ode-euler-scheduled,time_mlp,lotka_volterra,0.7336599946022033,0.07351014659063806,0.6933249831199646,0.01932498812675476,14.86638735635206,0.02104486361929405
diffusion_edm_ve,ode-euler-scheduled,time_mlp,slcp,0.7928300023078918,0.03525024530565697,0.7999750077724457,0.03427499532699585,14.927716095745563,0.06490005069787948
diffusion_edm_ve,ode-euler-scheduled,time_mlp,two_moons,0.648895001411438,0.032599878786536064,0.6474249958992004,0.01817500591278076,14.508700475189835,0.052444115009853944
diffusion_edm_ve,ode-euler-scheduled,time_mlp,bernoulli_glm,0.7548649966716766,0.044736847722496344,0.7540000081062317,0.044725000858306885,14.973656364902855,0.03137154077542239
diffusion_edm_ve,ode-euler-scheduled,time_mlp,slcp_distractors,0.792739999294281,0.02877810335452871,0.7984249889850616,0.019299983978271484,15.670682805031538,0.2811163997841809
diffusion_edm_ve,ode-euler-scheduled,time_mlp,bernoulli_glm_raw,0.7490249931812286,0.046437068125257996,0.7468999922275543,0.043599992990493774,14.812877494748681,0.011943481129789511
diffusion_cosine_F,ode-euler-scheduled,mlp,gaussian_mixture,0.6333049952983856,0.05780583705154645,0.6295999884605408,0.062375009059906006,9.059738768823445,0.05800155724827346
diffusion_cosine_F,ode-euler-scheduled,mlp,sir,0.6177050054073334,0.08475456303770647,0.5873000025749207,0.0310249924659729,8.306656252872198,0.06056290997088599
diffusion_cosine_F,ode-euler-scheduled,mlp,gaussian_linear,0.5028800010681153,0.0022820179046802377,0.5019749850034714,0.0010749846696853638,8.254576869215816,0.032691871255982774
diffusion_cosine_F,ode-euler-scheduled,mlp,gaussian_linear_uniform,0.5042699992656707,0.0029185902128592792,0.5040499866008759,0.0012499988079071045,8.545315329078585,0.003579306428125822
diffusion_cosine_F,ode-euler-scheduled,mlp,lotka_volterra,0.8460600018501282,0.0723119552732756,0.8396250009536743,0.04292500019073486,8.312838843557984,0.035479916392338606
diffusion_cosine_F,ode-euler-scheduled,mlp,slcp,0.7355150043964386,0.09783767916981251,0.7226000130176544,0.09240001440048218,8.833716606348753,0.18688366055534927
diffusion_cosine_F,ode-euler-scheduled,mlp,two_moons,0.5888849914073944,0.04976454362362856,0.5731749832630157,0.026449978351593018,8.268823532480747,0.01189375928834121
diffusion_cosine_F,ode-euler-scheduled,mlp,bernoulli_glm,0.5647950053215027,0.04425823064491928,0.5595000088214874,0.0393500030040741,8.31229267315939,0.009220955759152449
diffusion_cosine_F,ode-euler-scheduled,mlp,slcp_distractors,0.7808049976825714,0.0782781691897018,0.7658250033855438,0.060874998569488525,9.146533665060996,0.023756249484161666
diffusion_cosine_F,ode-euler-scheduled,mlp,bernoulli_glm_raw,0.5593099951744079,0.038303890669777484,0.5605250000953674,0.03940001130104065,8.350930652953684,0.0218523863742857
diffusion_cosine_F,ode-euler-scheduled,time_mlp,gaussian_mixture,0.5239199995994568,0.011669711730781516,0.5208249986171722,0.007400006055831909,15.001883750222623,0.02526282295233239
diffusion_cosine_F,ode-euler-scheduled,time_mlp,sir,0.5462099969387054,0.015992785243921663,0.5456250011920929,0.015325009822845459,15.091064742673188,0.012004468418338906
diffusion_cosine_F,ode-euler-scheduled,time_mlp,gaussian_linear,0.5034399956464768,0.002788973895778532,0.5024250149726868,0.0017500072717666626,14.746982294134796,0.025112429948320983
diffusion_cosine_F,ode-euler-scheduled,time_mlp,gaussian_linear_uniform,0.5058849930763245,0.003510343444974047,0.5053999722003937,0.0029999911785125732,15.019084691815078,0.060500394233280935
diffusion_cosine_F,ode-euler-scheduled,time_mlp,lotka_volterra,0.7249799966812134,0.06987134741669626,0.7119249999523163,0.043350011110305786,15.181922337319701,0.04023723700214545
diffusion_cosine_F,ode-euler-scheduled,time_mlp,slcp,0.6613200008869171,0.10206204113688676,0.5973249971866608,0.03450000286102295,14.733972024079412,0.07489969159293233
diffusion_cosine_F,ode-euler-scheduled,time_mlp,two_moons,0.5139050036668777,0.007016539351075439,0.5133000016212463,0.005024999380111694,15.007567545119674,0.01893845163543263
diffusion_cosine_F,ode-euler-scheduled,time_mlp,bernoulli_glm,0.5125150084495544,0.0063278383548496095,0.5128999948501587,0.006374984979629517,14.905981676839293,0.016741525684779
diffusion_cosine_F,ode-euler-scheduled,time_mlp,slcp_distractors,0.6648899912834167,0.09283238076482944,0.6203249990940094,0.036650002002716064,15.219650203548373,0.01145799180833602
diffusion_cosine_F,ode-euler-scheduled,time_mlp,bernoulli_glm_raw,0.5155699968338012,0.00589199038314385,0.5167999863624573,0.004050016403198242,16.031214182637633,0.34828187937423394
diffusion_cosine_v,ode-euler-scheduled,mlp,gaussian_mixture,0.6364549994468689,0.055360931447505375,0.6339749991893768,0.06257501244544983,7.806867423932999,0.1339253165953913
diffusion_cosine_v,ode-euler-scheduled,mlp,sir,0.607684999704361,0.09315525395666437,0.5632500052452087,0.035275012254714966,8.18202661331743,0.14103178686644216
diffusion_cosine_v,ode-euler-scheduled,mlp,gaussian_linear,0.5031249970197678,0.002627100650399513,0.5024499893188477,0.001775011420249939,8.582116569951177,0.05825795017421836
diffusion_cosine_v,ode-euler-scheduled,mlp,gaussian_linear_uniform,0.5066149950027465,0.005026235455413335,0.5044749975204468,0.0021499991416931152,7.84452034374699,0.01120888701541606
diffusion_cosine_v,ode-euler-scheduled,mlp,lotka_volterra,0.8482349932193756,0.06184733258111382,0.8488249778747559,0.0640999972820282,7.854520744737238,0.012449696518619479
diffusion_cosine_v,ode-euler-scheduled,mlp,slcp,0.7128450036048889,0.08914096886462736,0.6828249990940094,0.042750000953674316,7.908720676042139,0.016489971164694438
diffusion_cosine_v,ode-euler-scheduled,mlp,two_moons,0.5878800094127655,0.04880370445455691,0.5624249875545502,0.020824968814849854,7.850261666439474,0.04621035828790598
diffusion_cosine_v,ode-euler-scheduled,mlp,bernoulli_glm,0.5733049929141998,0.041999550191380554,0.5766499936580658,0.04307502508163452,7.6364190869033335,0.005653304797163819
diffusion_cosine_v,ode-euler-scheduled,mlp,slcp_distractors,0.7750450074672699,0.08670844255870241,0.7606500089168549,0.05977499485015869,7.952347872965038,0.010228540942007444
diffusion_cosine_v,ode-euler-scheduled,mlp,bernoulli_glm_raw,0.5570349991321564,0.029267167380262277,0.5547250211238861,0.025375008583068848,7.908923163823784,0.04321599649628918
diffusion_cosine_v,ode-euler-scheduled,time_mlp,gaussian_mixture,0.5301450014114379,0.010230109357109657,0.5281499922275543,0.0074250102043151855,14.331520443502814,0.05898630243317155
diffusion_cosine_v,ode-euler-scheduled,time_mlp,sir,0.5449050068855286,0.019650055359105672,0.5375750064849854,0.013500005006790161,14.575653967820108,0.023968695539085278
diffusion_cosine_v,ode-euler-scheduled,time_mlp,gaussian_linear,0.5053250074386597,0.003363126135625566,0.5047500133514404,0.0031000077724456787,14.339750631432981,0.02057329702885951
diffusion_cosine_v,ode-euler-scheduled,time_mlp,gaussian_linear_uniform,0.5070449978113174,0.0040789336972540105,0.5063999891281128,0.0024250000715255737,14.633989657275379,0.016818008419224456
diffusion_cosine_v,ode-euler-scheduled,time_mlp,lotka_volterra,0.7319800019264221,0.10153711331484062,0.6856250166893005,0.03819999098777771,14.623852162994444,0.020760545861864904
diffusion_cosine_v,ode-euler-scheduled,time_mlp,slcp,0.6452200055122376,0.09747462175656314,0.5948249995708466,0.03397497534751892,15.09345027031377,0.38540166288193456
diffusion_cosine_v,ode-euler-scheduled,time_mlp,two_moons,0.5099349975585937,0.006951002983190773,0.5080249905586243,0.005849987268447876,14.784226734563708,0.0217203966097192
diffusion_cosine_v,ode-euler-scheduled,time_mlp,bernoulli_glm,0.5160449981689453,0.005436803422328679,0.5153499841690063,0.004575014114379883,14.273781490605325,0.024702391145662007
diffusion_cosine_v,ode-euler-scheduled,time_mlp,slcp_distractors,0.6340399980545044,0.08834038648443815,0.5794250071048737,0.01864999532699585,14.808126646932214,0.021316645786012705
diffusion_cosine_v,ode-euler-scheduled,time_mlp,bernoulli_glm_raw,0.5198550045490264,0.007410115678495019,0.5209500193595886,0.006324976682662964,14.59090953413397,0.07918462912631193
diffusion_cosine_v_lw,ode-euler-scheduled,mlp,gaussian_mixture,0.652385002374649,0.055887589506551864,0.6360249817371368,0.04190000891685486,7.887028849404305,0.013942014135665908
diffusion_cosine_v_lw,ode-euler-scheduled,mlp,sir,0.6092100024223328,0.08916190174968408,0.5638250112533569,0.03377503156661987,7.892246459424496,0.006420377121903019
diffusion_cosine_v_lw,ode-euler-scheduled,mlp,gaussian_linear,0.5037699997425079,0.0023206996596435675,0.5036749988794327,0.0016749948263168335,8.36278925901279,0.07032865432740305
diffusion_cosine_v_lw,ode-euler-scheduled,mlp,gaussian_linear_uniform,0.5078150033950806,0.0033090846374257796,0.508650004863739,0.0025500059127807617,7.830222788266838,0.008835947637333788
diffusion_cosine_v_lw,ode-euler-scheduled,mlp,lotka_volterra,0.8743699967861176,0.05281653864937225,0.8920499980449677,0.02590000629425049,7.749368112720549,0.03199405484780396
diffusion_cosine_v_lw,ode-euler-scheduled,mlp,slcp,0.7214600026607514,0.10679136530691408,0.6840499937534332,0.0742499828338623,7.910243822820485,0.011551809024751275
diffusion_cosine_v_lw,ode-euler-scheduled,mlp,two_moons,0.599260002374649,0.05141210348147503,0.5899749994277954,0.04032498598098755,7.96250963723287,0.006228364716200794
diffusion_cosine_v_lw,ode-euler-scheduled,mlp,bernoulli_glm,0.574005001783371,0.04344436380134416,0.5737499892711639,0.047275036573410034,8.22270306898281,0.07675554640763503
diffusion_cosine_v_lw,ode-euler-scheduled,mlp,slcp_distractors,0.7430000007152557,0.08520557798696819,0.7013500034809113,0.041624993085861206,7.894468111265451,0.016033029277360604
diffusion_cosine_v_lw,ode-euler-scheduled,mlp,bernoulli_glm_raw,0.5564450025558472,0.025437582533000068,0.5546500086784363,0.025274991989135742,7.830499943159521,0.004466907758317447
diffusion_cosine_v_lw,ode-euler-scheduled,time_mlp,gaussian_mixture,0.5430949985980987,0.011268998069090526,0.5415749847888947,0.006375014781951904,14.494147347193211,0.0634417320690607
diffusion_cosine_v_lw,ode-euler-scheduled,time_mlp,sir,0.5441499948501587,0.019268029711020727,0.5413500070571899,0.01057499647140503,14.396983169205487,0.07031681206388576
diffusion_cosine_v_lw,ode-euler-scheduled,time_mlp,gaussian_linear,0.5030049979686737,0.002567043014075417,0.5018500089645386,0.0006499886512756348,14.46972792884335,0.012696951824044515
diffusion_cosine_v_lw,ode-euler-scheduled,time_mlp,gaussian_linear_uniform,0.5045099914073944,0.0020598297785922263,0.504399985074997,0.0007500052452087402,14.55586549146101,0.01365248071612825
diffusion_cosine_v_lw,ode-euler-scheduled,time_mlp,lotka_volterra,0.7159250020980835,0.08422076773547062,0.6994499862194061,0.032674968242645264,14.746137546189129,0.0215947013171383
diffusion_cosine_v_lw,ode-euler-scheduled,time_mlp,slcp,0.6491749942302704,0.09562374367531523,0.6067500114440918,0.04477500915527344,14.86501411581412,0.015874950878876717
diffusion_cosine_v_lw,ode-euler-scheduled,time_mlp,two_moons,0.5319399952888488,0.012227277516240039,0.5336249768733978,0.007049977779388428,14.905326020903885,0.04512116984423975
diffusion_cosine_v_lw,ode-euler-scheduled,time_mlp,bernoulli_glm,0.5177700042724609,0.004417418224627505,0.5184000134468079,0.002324998378753662,14.539090241864324,0.026105468759123757
diffusion_cosine_v_lw,ode-euler-scheduled,time_mlp,slcp_distractors,0.6580200076103211,0.09706663455876095,0.6137250065803528,0.04632499814033508,14.522448237147183,0.01925897617265409
diffusion_cosine_v_lw,ode-euler-scheduled,time_mlp,bernoulli_glm_raw,0.5196299970149993,0.005990832865954857,0.5210250020027161,0.0042999982833862305,14.712976102344692,0.023384423663919914
diffusion_cosine_noise,ode-euler-scheduled,mlp,gaussian_mixture,0.6576049983501434,0.055381842806863466,0.6603000164031982,0.05652502179145813,8.76596896275878,0.05367869140580081
diffusion_cosine_noise,ode-euler-scheduled,mlp,sir,0.6310549914836884,0.0871290603715608,0.6016999781131744,0.03274998068809509,7.992880467697978,0.12750076076309588
diffusion_cosine_noise,ode-euler-scheduled,mlp,gaussian_linear,0.5245450019836426,0.010080064863092354,0.5227250158786774,0.004224985837936401,7.91812075022608,0.011806567016635641
diffusion_cosine_noise,ode-euler-scheduled,mlp,gaussian_linear_uniform,0.5227000057697296,0.00589074917158043,0.5217750072479248,0.002400010824203491,7.8583598207682375,0.018546809817961415
diffusion_cosine_noise,ode-euler-scheduled,mlp,lotka_volterra,0.8797449946403504,0.048366213879932035,0.8937499821186066,0.04370000958442688,8.028850235138089,0.23053920570042433
diffusion_cosine_noise,ode-euler-scheduled,mlp,slcp,0.7584349989891053,0.09494653517497025,0.7319499850273132,0.0688999593257904,7.985200652293861,0.010838383909404318
diffusion_cosine_noise,ode-euler-scheduled,mlp,two_moons,0.596465003490448,0.04697890504756723,0.5722000002861023,0.02535000443458557,7.8794995781965556,0.018421510020351622
diffusion_cosine_noise,ode-euler-scheduled,mlp,bernoulli_glm,0.6210550010204315,0.038434933268155926,0.6158750057220459,0.03384998440742493,7.726263034157455,0.03978382092148826
diffusion_cosine_noise,ode-euler-scheduled,mlp,slcp_distractors,0.7867200016975403,0.07341510176964468,0.7509250044822693,0.01614999771118164,7.937444521859288,0.025685722860770276
diffusion_cosine_noise,ode-euler-scheduled,mlp,bernoulli_glm_raw,0.7051150023937225,0.018241340202291227,0.7007749974727631,0.01857498288154602,7.900386054534465,0.007966949827875405
diffusion_cosine_noise,ode-euler-scheduled,time_mlp,gaussian_mixture,0.6268749952316284,0.015682350496445056,0.6224749982357025,0.006650000810623169,14.791289750114084,0.008432595415867635
diffusion_cosine_noise,ode-euler-scheduled,time_mlp,sir,0.6072150051593781,0.019065909329753095,0.6043750047683716,0.012924998998641968,14.64166673058644,0.027750887967129465
diffusion_cosine_noise,ode-euler-scheduled,time_mlp,gaussian_linear,0.5971700012683868,0.014893678036636718,0.5980499982833862,0.008674979209899902,14.613017512392252,0.0199087743283848
diffusion_cosine_noise,ode-euler-scheduled,time_mlp,gaussian_linear_uniform,0.6518350005149841,0.016397816686999838,0.6596750020980835,0.007825016975402832,14.852563442941754,0.007606761067126552
diffusion_cosine_noise,ode-euler-scheduled,time_mlp,lotka_volterra,0.7335345029830933,0.10927385006422216,0.7060923278331757,0.06889218091964722,14.674288532231003,0.059042131432874866
diffusion_cosine_noise,ode-euler-scheduled,time_mlp,slcp,0.7329350054264069,0.07712825004550684,0.7080250084400177,0.03502500057220459,14.38660125862807,0.01689393417900891
diffusion_cosine_noise,ode-euler-scheduled,time_mlp,two_moons,0.5996949911117554,0.025886023775198906,0.5949499905109406,0.022725015878677368,14.730894230585545,0.1852805464129269
diffusion_cosine_noise,ode-euler-scheduled,time_mlp,bernoulli_glm,0.7583549976348877,0.03315539363313494,0.746749997138977,0.014800012111663818,15.122698859777302,0.27163577300277875
diffusion_cosine_noise,ode-euler-scheduled,time_mlp,slcp_distractors,0.7380900084972382,0.09109759800471312,0.7246000170707703,0.04052498936653137,14.498073248937725,0.04106152360194065
diffusion_cosine_noise,ode-euler-scheduled,time_mlp,bernoulli_glm_raw,0.6673400044441223,0.029429195402459158,0.6686500012874603,0.013650000095367432,14.745217649079859,0.1719096096508267
flow_matching,ode-rk45,mlp,gaussian_mixture,0.6635900020599366,0.048276549863655885,0.6701249778270721,0.04430001974105835,37.14874621955678,0.17723461231867435
flow_matching,ode-rk45,mlp,sir,0.5967799961566925,0.053260263678397465,0.5733000040054321,0.01675000786781311,37.56708838092163,0.08429042976532895
flow_matching,ode-rk45,mlp,gaussian_linear,0.5034299969673157,0.002224769923932484,0.5028999894857407,0.0024749934673309326,37.204472828283905,0.1201711376278809
flow_matching,ode-rk45,mlp,gaussian_linear_uniform,0.5079700112342834,0.0033828344453223557,0.5081000030040741,0.003300011157989502,37.38738399436697,0.16845687136889628
flow_matching,ode-rk45,mlp,lotka_volterra,0.8520399987697601,0.07156389663884508,0.8521249890327454,0.04204997420310974,37.587041947711256,0.12382643905628501
flow_matching,ode-rk45,mlp,slcp,0.749180006980896,0.09809885861075347,0.7231999933719635,0.06192499399185181,37.088419190980495,0.12363325098417312
flow_matching,ode-rk45,mlp,two_moons,0.6358999967575073,0.05789115029699545,0.6309750080108643,0.04537498950958252,37.0772358356975,0.1189836869028794
flow_matching,ode-rk45,mlp,bernoulli_glm,0.5544649958610535,0.03308575243226806,0.5580250024795532,0.03515002131462097,37.22327038841322,0.11054897092973605
flow_matching,ode-rk45,mlp,slcp_distractors,0.7669449925422669,0.09399325435320588,0.7250999808311462,0.052874982357025146,37.72445217305794,0.10676072474679364
flow_matching,ode-rk45,mlp,bernoulli_glm_raw,0.5416149973869324,0.017272074313889284,0.5407249927520752,0.014850020408630371,38.033771438430996,0.1338805992930725
flow_matching,ode-rk45,time_mlp,gaussian_mixture,0.5430600106716156,0.009893099668249123,0.5433250069618225,0.00882500410079956,78.54868586445227,0.3349836368694157
flow_matching,ode-rk45,time_mlp,sir,0.544284999370575,0.022342409757203325,0.5384249985218048,0.008899986743927002,77.81082592634485,0.17259502742093769
flow_matching,ode-rk45,time_mlp,gaussian_linear,0.5040999948978424,0.003963959881917059,0.5029999911785126,0.0018000006675720215,77.05346313435584,0.13978719700844255
flow_matching,ode-rk45,time_mlp,gaussian_linear_uniform,0.503139990568161,0.0022737471511064533,0.5027999877929688,0.001949995756149292,78.14857581667601,0.16479779444353632
flow_matching,ode-rk45,time_mlp,lotka_volterra,0.7084800004959106,0.10262676055052124,0.6800500154495239,0.053400009870529175,78.11521480716765,0.1971137364281983
flow_matching,ode-rk45,time_mlp,slcp,0.6385750055313111,0.09847319315008478,0.5810500085353851,0.021099984645843506,77.39599194377661,0.40008796880004227
flow_matching,ode-rk45,time_mlp,two_moons,0.5215099930763245,0.00982084205110456,0.5214249789714813,0.005625009536743164,79.24643117031083,0.1683025144919519
flow_matching,ode-rk45,time_mlp,bernoulli_glm,0.5109150052070618,0.005556441810900765,0.5128500163555145,0.002825021743774414,78.03113322537392,0.12205089475720113
flow_matching,ode-rk45,time_mlp,slcp_distractors,0.6725299954414368,0.10405924032256895,0.62152498960495,0.05669999122619629,78.90367739042267,0.1567601059259048
flow_matching,ode-rk45,time_mlp,bernoulli_glm_raw,0.5146449923515319,0.006325432370582268,0.514974981546402,0.003049999475479126,76.62729330407456,0.14021642525409944
flow_matching_edm,ode-rk45,mlp,gaussian_mixture,0.6496899962425232,0.045037081719719,0.6407749950885773,0.03584998846054077,37.49741078382358,0.11187039639212233
flow_matching_edm,ode-rk45,mlp,sir,0.5881850063800812,0.05312768754868034,0.5653250217437744,0.0158500075340271,37.56677186442539,0.2833998876709233
flow_matching_edm,ode-rk45,mlp,gaussian_linear,0.5030550003051758,0.002344517180278003,0.502499982714653,0.002074986696243286,37.72362341359258,0.12529754185316355
flow_matching_edm,ode-rk45,mlp,gaussian_linear_uniform,0.5067400068044663,0.0034565028465898123,0.5074750185012817,0.0016499757766723633,38.77465576287359,0.5302887095419672
flow_matching_edm,ode-rk45,mlp,lotka_volterra,0.8218400061130524,0.08860596078274698,0.8467999994754791,0.06787499785423279,36.97395583549515,0.10834256112269378
flow_matching_edm,ode-rk45,mlp,slcp,0.7044299960136413,0.10061847932041704,0.6682499945163727,0.05735000967979431,36.505567718669774,0.22343042614195538
flow_matching_edm,ode-rk45,mlp,two_moons,0.5697499990463257,0.05650605682861066,0.5584999918937683,0.04062497615814209,37.40258837481961,0.0965974429817295
flow_matching_edm,ode-rk45,mlp,bernoulli_glm,0.5614899933338166,0.03665075362242313,0.5574750006198883,0.031049996614456177,36.890424832794814,0.3599858868311258
flow_matching_edm,ode-rk45,mlp,slcp_distractors,0.7601399898529053,0.09064354287201637,0.7222499847412109,0.04052498936653137,36.06028248183429,0.16558383665136417
flow_matching_edm,ode-rk45,mlp,bernoulli_glm_raw,0.5518699944019317,0.02939736246054057,0.5396000146865845,0.018000036478042603,37.62132549518719,0.19007964365693755
flow_matching_edm,ode-rk45,time_mlp,gaussian_mixture,0.5416600048542023,0.0074875857683475025,0.5412999987602234,0.005450010299682617,78.55099383341148,0.47334362568499494
flow_matching_edm,ode-rk45,time_mlp,sir,0.5396850049495697,0.01303472112789948,0.5406749844551086,0.005849987268447876,76.6655770773068,0.16071958907921133
flow_matching_edm,ode-rk45,time_mlp,gaussian_linear,0.5042250096797943,0.002556688667797238,0.503600001335144,0.0011749863624572754,77.84842202067375,0.1705818100330029
flow_matching_edm,ode-rk45,time_mlp,gaussian_linear_uniform,0.5062450021505356,0.0037601571349518215,0.5074250102043152,0.0021499991416931152,78.08947657048702,0.21811490404016967
flow_matching_edm,ode-rk45,time_mlp,lotka_volterra,0.6838299989700317,0.09286974091807457,0.6616999804973602,0.06194999814033508,78.87706058565527,0.2002352207661443
flow_matching_edm,ode-rk45,time_mlp,slcp,0.6242900013923645,0.08688639212129538,0.571150004863739,0.018299996852874756,78.14422698058188,0.4616668358556274
flow_matching_edm,ode-rk45,time_mlp,two_moons,0.5235400021076202,0.010708544928882216,0.5210750102996826,0.0049000084400177,71.9429681982845,0.3118081708780017
flow_matching_edm,ode-rk45,time_mlp,bernoulli_glm,0.5145999908447265,0.00745946253036339,0.5115249752998352,0.0032750070095062256,76.89622504338622,0.19780931220176998
flow_matching_edm,ode-rk45,time_mlp,slcp_distractors,0.6553650081157685,0.08151216592023365,0.6485750079154968,0.05979999899864197,77.6544296101667,0.19324106207018646
flow_matching_edm,ode-rk45,time_mlp,bernoulli_glm_raw,0.5169950008392334,0.009002820783952205,0.5151749849319458,0.0028999745845794678,77.10773835005239,0.29704773370983184
ot_flow_matching,ode-rk45,mlp,gaussian_mixture,0.9061350047588348,0.025140652477820755,0.9090750217437744,0.01692497730255127,37.09496122356504,0.12010139028274175
ot_flow_matching,ode-rk45,mlp,sir,0.8974900066852569,0.02502502541566074,0.8970000147819519,0.024574995040893555,37.228134266193955,0.135957820704321
ot_flow_matching,ode-rk45,mlp,gaussian_linear,0.7707449972629548,0.04229157477703145,0.7639249861240387,0.03842499852180481,38.04884460913017,0.14418113029226964
ot_flow_matching,ode-rk45,mlp,gaussian_linear_uniform,0.8395850002765656,0.018712836264158508,0.8431749939918518,0.017825007438659668,37.494528527744116,0.21052406307588337
ot_flow_matching,ode-rk45,mlp,lotka_volterra,0.9791750073432922,0.01095740706241523,0.9813500046730042,0.0065000057220458984,36.94458039309829,0.8047811049390615
ot_flow_matching,ode-rk45,mlp,slcp,0.8804099977016449,0.04318225294291312,0.8813749849796295,0.051050007343292236,34.63668531524017,0.22922807803843495
ot_flow_matching,ode-rk45,mlp,two_moons,0.8805550038814545,0.041461119701055704,0.8603750169277191,0.024250000715255737,37.533311920799314,0.08544333245400852
ot_flow_matching,ode-rk45,mlp,bernoulli_glm,0.9076700031757354,0.029242477895902147,0.9113499820232391,0.02724999189376831,37.39608939103782,0.21257456262521707
ot_flow_matching,ode-rk45,mlp,slcp_distractors,0.8851000010967255,0.04328612879180687,0.8913750052452087,0.04234999418258667,37.593145614676175,0.085156393709141
ot_flow_matching,ode-rk45,mlp,bernoulli_glm_raw,0.9032150089740754,0.026670166946246313,0.9048500061035156,0.026200026273727417,37.237504256889224,0.11676309725449681
ot_flow_matching,ode-rk45,time_mlp,gaussian_mixture,0.9100750029087067,0.022778370576354526,0.9122499823570251,0.01774999499320984,78.00621211761609,0.34056862431954993
ot_flow_matching,ode-rk45,time_mlp,sir,0.8935100018978119,0.026552808829810582,0.8943749964237213,0.026549994945526123,78.5459941576235,0.11372776656384219
ot_flow_matching,ode-rk45,time_mlp,gaussian_linear,0.7651000022888184,0.03699137379511384,0.7606750130653381,0.02862498164176941,78.02010172512382,0.1648477017229353
ot_flow_matching,ode-rk45,time_mlp,gaussian_linear_uniform,0.836505001783371,0.019833243013927918,0.8369249999523163,0.0158500075340271,77.2627068108879,0.21136897833995666
ot_flow_matching,ode-rk45,time_mlp,lotka_volterra,0.9611649870872497,0.01684870570166366,0.9573249816894531,0.012275010347366333,79.44386581899599,0.13900093001621203
ot_flow_matching,ode-rk45,time_mlp,slcp,0.8653100013732911,0.041785007617071795,0.8747499883174896,0.025825023651123047,71.85481278114021,0.48792729074528535
ot_flow_matching,ode-rk45,time_mlp,two_moons,0.8601100027561188,0.036707982003222124,0.8499000072479248,0.033699989318847656,77.1380624585785,0.3251337283127853
ot_flow_matching,ode-rk45,time_mlp,bernoulli_glm,0.8909850001335144,0.021718797085498488,0.8958500027656555,0.019425004720687866,76.93775921985507,0.18519203823628247
ot_flow_matching,ode-rk45,time_mlp,slcp_distractors,0.8632599890232087,0.03987834010007177,0.8687999844551086,0.03624999523162842,77.87531320787966,0.5302764327599321
ot_flow_matching,ode-rk45,time_mlp,bernoulli_glm_raw,0.8897799968719482,0.023651460369593126,0.8936499953269958,0.02392500638961792,76.66424790769815,0.20021363723159402
ot_partial_flow_matching,ode-rk45,mlp,gaussian_mixture,0.9257650077342987,0.021186397964880692,0.9270250201225281,0.017324984073638916,37.53889494501054,0.16511711595154346
ot_partial_flow_matching,ode-rk45,mlp,sir,0.9191700041294097,0.02082251151411652,0.9167500138282776,0.018550008535385132,37.431511122733355,0.451249020513486
ot_partial_flow_matching,ode-rk45,mlp,gaussian_linear,0.7872399985790253,0.05016252745364483,0.7815499901771545,0.039299994707107544,36.96403312962502,0.113742961554845
ot_partial_flow_matching,ode-rk45,mlp,gaussian_linear_uniform,0.8553149998188019,0.024086294920476953,0.8538250029087067,0.01767498254776001,38.024029025714846,0.0895186894095559
ot_partial_flow_matching,ode-rk45,mlp,lotka_volterra,0.9837400078773498,0.010245144038972006,0.9832000136375427,0.008650004863739014,35.306470355484635,0.5017944988045576
ot_partial_flow_matching,ode-rk45,mlp,slcp,0.8908650040626526,0.03968239786370675,0.8913249969482422,0.035074979066848755,37.643885273300114,0.11680656602161452
ot_partial_flow_matching,ode-rk45,mlp,two_moons,0.9022850036621094,0.03455374677300053,0.8890750110149384,0.0247499942779541,36.69557349346578,0.11285351781201303
ot_partial_flow_matching,ode-rk45,mlp,bernoulli_glm,0.9180499970912933,0.03796063963829098,0.9200249910354614,0.03722500801086426,37.489661402255294,0.10254001716894136
ot_partial_flow_matching,ode-rk45,mlp,slcp_distractors,0.8991299927234649,0.039889592302374134,0.9104250073432922,0.03819999098777771,37.722017685044555,0.11465321765108241
ot_partial_flow_matching,ode-rk45,mlp,bernoulli_glm_raw,0.9177950024604797,0.037828149741197296,0.9207500219345093,0.036650002002716064,37.70991578670218,0.1126911668602803
ot_partial_flow_matching,ode-rk45,time_mlp,gaussian_mixture,0.9258750081062317,0.019973696257980313,0.92637500166893,0.015349984169006348,76.64908276172355,0.18605258285301043
ot_partial_flow_matching,ode-rk45,time_mlp,sir,0.9150099992752075,0.023168035457900155,0.9172999858856201,0.023074984550476074,77.26015575798229,0.2119210454715936
ot_partial_flow_matching,ode-rk45,time_mlp,gaussian_linear,0.7854300022125245,0.05293109745925541,0.7802749872207642,0.04300001263618469,77.98612934034318,0.16529666937930249
ot_partial_flow_matching,ode-rk45,time_mlp,gaussian_linear_uniform,0.8527999997138977,0.0227563145397118,0.8538750112056732,0.014725029468536377,78.03896366767586,0.07539514427956985
ot_partial_flow_matching,ode-rk45,time_mlp,lotka_volterra,0.9692900061607361,0.017134687988433827,0.9671750068664551,0.015375018119812012,78.89150023721159,0.6926796543031554
ot_partial_flow_matching,ode-rk45,time_mlp,slcp,0.8796700060367584,0.03882434946535361,0.8797000050544739,0.034399986267089844,79.19409822002054,0.7005889372206634
ot_partial_flow_matching,ode-rk45,time_mlp,two_moons,0.8836049973964691,0.033195153735359334,0.8708249926567078,0.02745002508163452,79.64013886228204,0.33363828924930977
ot_partial_flow_matching,ode-rk45,time_mlp,bernoulli_glm,0.9084750056266785,0.03632585503439354,0.9097500145435333,0.03782501816749573,72.92198401754722,1.9407629263323765
ot_partial_flow_matching,ode-rk45,time_mlp,slcp_distractors,0.8795549869537354,0.03598667806035368,0.8834749758243561,0.03254997730255127,78.49771080082283,0.07768015616408361
ot_partial_flow_matching,ode-rk45,time_mlp,bernoulli_glm_raw,0.9074249982833862,0.039236537597379544,0.9038999974727631,0.03739997744560242,76.94164016060532,0.18509373839572238
cot_flow_matching,ode-rk45,mlp,gaussian_mixture,0.6841500043869019,0.06635801847036804,0.6737250089645386,0.06142500042915344,37.40735140759498,0.07933376135988669
cot_flow_matching,ode-rk45,mlp,sir,0.6054050087928772,0.06527328678102573,0.5681250095367432,0.02227500081062317,37.541898244060576,0.15472336398302775
cot_flow_matching,ode-rk45,mlp,gaussian_linear,0.502215000987053,0.0015485535984153124,0.5018250048160553,0.0012750029563903809,39.15008212048561,0.43744308495817513
cot_flow_matching,ode-rk45,mlp,gaussian_linear_uniform,0.5067299962043762,0.004701554370151014,0.5068750083446503,0.004474997520446777,35.529042224306615,0.3862761878010027
cot_flow_matching,ode-rk45,mlp,lotka_volterra,0.8506150066852569,0.0555297055634536,0.8497749865055084,0.033399999141693115,37.36494354326278,0.09401469973532707
cot_flow_matching,ode-rk45,mlp,slcp,0.7231549978256225,0.1046548655832444,0.666824996471405,0.0548500120639801,37.38474929528311,0.11988977411214309
cot_flow_matching,ode-rk45,mlp,two_moons,0.6433199882507324,0.07243293781593864,0.646049976348877,0.03359997272491455,37.494751151278614,0.10599817669049105
cot_flow_matching,ode-rk45,mlp,bernoulli_glm,0.5548350036144256,0.03598569127345613,0.5521500110626221,0.031449973583221436,37.432593593653294,0.8767814477864622
cot_flow_matching,ode-rk45,mlp,slcp_distractors,0.7643349945545197,0.10448101842368784,0.7182749807834625,0.062150001525878906,37.164302967116235,0.11877304086678768
cot_flow_matching,ode-rk45,mlp,bernoulli_glm_raw,0.5426750004291534,0.01485529629413342,0.5445500016212463,0.009725004434585571,35.539170208293946,0.8363695109178475
cot_flow_matching,ode-rk45,time_mlp,gaussian_mixture,0.5673500001430511,0.037742004155506395,0.5515500009059906,0.02445000410079956,78.680536126066,0.14794750168444154
cot_flow_matching,ode-rk45,time_mlp,sir,0.5718850016593933,0.054755425838437226,0.5561749935150146,0.026850014925003052,81.90547066954896,2.7650401198163688
cot_flow_matching,ode-rk45,time_mlp,gaussian_linear,0.5037649989128112,0.0021985341259925816,0.5037750005722046,0.0016750097274780273,77.41867586113513,0.3955886871843689
cot_flow_matching,ode-rk45,time_mlp,gaussian_linear_uniform,0.505019998550415,0.0026885073463222163,0.5051249861717224,0.0020499825477600098,82.27020028345287,0.8623484303416642
cot_flow_matching,ode-rk45,time_mlp,lotka_volterra,0.6907649993896484,0.08953625520969027,0.6636500060558319,0.03547501564025879,78.79914420358837,0.17144022306334952
cot_flow_matching,ode-rk45,time_mlp,slcp,0.6346249997615814,0.09559035250476888,0.5864749848842621,0.03467497229576111,78.69857450257987,0.1395039912157329
cot_flow_matching,ode-rk45,time_mlp,two_moons,0.5539499998092652,0.043081282671608094,0.5446749925613403,0.0372999906539917,78.01697655338793,0.1743620852398752
cot_flow_matching,ode-rk45,time_mlp,bernoulli_glm,0.5130900025367737,0.006358177789855133,0.5142250061035156,0.004999995231628418,77.5197010458447,0.1298605166049367
cot_flow_matching,ode-rk45,time_mlp,slcp_distractors,0.6378150045871734,0.08872257822646978,0.5852250158786774,0.032700031995773315,76.6072233540006,0.1810320013609937
cot_flow_matching,ode-rk45,time_mlp,bernoulli_glm_raw,0.5160600125789643,0.007010230954703591,0.513450026512146,0.0032750070095062256,77.63260655971244,0.17092639475011145
cot_0_02_flow_matching,ode-rk45,mlp,gaussian_mixture,0.7080449998378754,0.06900135958509786,0.6839750111103058,0.045174986124038696,39.69643053617328,0.2537456334255768
cot_0_02_flow_matching,ode-rk45,mlp,sir,0.6335450112819672,0.08304719781066326,0.5995500087738037,0.04137498140335083,37.35252741016448,0.15834834570443143
cot_0_02_flow_matching,ode-rk45,mlp,gaussian_linear,0.5100399911403656,0.004199095745364204,0.5102500021457672,0.0026000142097473145,39.2848228354007,0.5331292594557238
cot_0_02_flow_matching,ode-rk45,mlp,gaussian_linear_uniform,0.5087149977684021,0.004177864689022807,0.5097000002861023,0.0024250149726867676,38.00409297654405,0.05946952467082371
cot_0_02_flow_matching,ode-rk45,mlp,lotka_volterra,0.8598150014877319,0.054394502444017674,0.8551749885082245,0.03632497787475586,37.500388788804415,0.14693864948835464
cot_0_02_flow_matching,ode-rk45,mlp,slcp,0.7202000021934509,0.0927546119435096,0.6652750074863434,0.03585001826286316,37.677559952624144,0.10920309657233747
cot_0_02_flow_matching,ode-rk45,mlp,two_moons,0.6456050097942352,0.07911257667796492,0.6536250114440918,0.050999999046325684,40.417093904688954,0.14734584981458954
cot_0_02_flow_matching,ode-rk45,mlp,bernoulli_glm,0.5633499979972839,0.04941434752405025,0.5622000098228455,0.04362499713897705,37.491212860029194,0.11680471750886968
cot_0_02_flow_matching,ode-rk45,mlp,slcp_distractors,0.7503349959850312,0.09017697572216551,0.7138499915599823,0.05969998240470886,38.07459161626175,0.10711422538351974
cot_0_02_flow_matching,ode-rk45,mlp,bernoulli_glm_raw,0.5484099984169006,0.024941902627628194,0.5438250005245209,0.02580001950263977,36.920457859523594,0.206607779709678
cot_0_02_flow_matching,ode-rk45,time_mlp,gaussian_mixture,0.5882250010967255,0.04835556030245767,0.5743499994277954,0.03424999117851257,78.59568388424813,0.30079338158455493
cot_0_02_flow_matching,ode-rk45,time_mlp,sir,0.6058299958705902,0.09273448466953171,0.5797750055789948,0.0408250093460083,78.6053973717615,0.44614972478663273
cot_0_02_flow_matching,ode-rk45,time_mlp,gaussian_linear,0.513604998588562,0.006654643540040419,0.5132249891757965,0.005474984645843506,78.13079519290477,0.33522123002008397
cot_0_02_flow_matching,ode-rk45,time_mlp,gaussian_linear_uniform,0.5058600068092346,0.0058878930941000185,0.5041000247001648,0.0011999905109405518,77.73465337725357,0.19387662623010152
cot_0_02_flow_matching,ode-rk45,time_mlp,lotka_volterra,0.7203549981117249,0.10300794560334921,0.6689499914646149,0.0477999746799469,79.02489627255127,0.1755073441462614
cot_0_02_flow_matching,ode-rk45,time_mlp,slcp,0.6544899940490723,0.08404119842294412,0.6166499853134155,0.04814997315406799,76.5834194472991,0.26276012930536674
cot_0_02_flow_matching,ode-rk45,time_mlp,two_moons,0.5621050059795379,0.04607129623433704,0.5517500042915344,0.035750001668930054,76.88463624427095,0.43554048270633444
cot_0_02_flow_matching,ode-rk45,time_mlp,bernoulli_glm,0.5207450032234192,0.010560933772906067,0.5211750268936157,0.008000016212463379,77.63845492070541,0.2539021142102404
cot_0_02_flow_matching,ode-rk45,time_mlp,slcp_distractors,0.6474700093269348,0.08669142069322625,0.6079250276088715,0.04185003042221069,84.47041803766042,0.31725107119367724
cot_0_02_flow_matching,ode-rk45,time_mlp,bernoulli_glm_raw,0.5166949987411499,0.0038139535384009104,0.5153999924659729,0.0015749931335449219,78.39120676852762,0.4316411355679668
cot_0_05_flow_matching,ode-rk45,mlp,gaussian_mixture,0.7298099994659424,0.06981724984077295,0.7037000060081482,0.03637498617172241,38.19405796332285,0.11368703254029523
cot_0_05_flow_matching,ode-rk45,mlp,sir,0.7119050085544586,0.07095266211200564,0.6917000114917755,0.05450001358985901,37.74506591949612,0.1406481043997093
cot_0_05_flow_matching,ode-rk45,mlp,gaussian_linear,0.5488550007343292,0.02252148854898047,0.5414499938488007,0.011824995279312134,37.42782587558031,0.13614525716569859
cot_0_05_flow_matching,ode-rk45,mlp,gaussian_linear_uniform,0.5358549952507019,0.020212912721181035,0.5367749929428101,0.014249980449676514,37.96857949737459,0.10219973387870548
cot_0_05_flow_matching,ode-rk45,mlp,lotka_volterra,0.8707349956035614,0.0538446115055552,0.8718249797821045,0.021999984979629517,37.40794484820217,0.02917220165434412
cot_0_05_flow_matching,ode-rk45,mlp,slcp,0.7322800040245057,0.0868205785470303,0.7069250047206879,0.0531499981880188,37.78181329164654,0.07817850121545443
cot_0_05_flow_matching,ode-rk45,mlp,two_moons,0.7107050061225891,0.07874021765046457,0.72325000166893,0.06762498617172241,38.30904934806749,0.09350671135641438
cot_0_05_flow_matching,ode-rk45,mlp,bernoulli_glm,0.6134750008583069,0.08603603491588228,0.6192249953746796,0.08700001239776611,39.705123970098796,0.18089287763583364
cot_0_05_flow_matching,ode-rk45,mlp,slcp_distractors,0.751889991760254,0.09001457966786777,0.7105749845504761,0.05802500247955322,37.134694517124444,0.09490326359160364
cot_0_05_flow_matching,ode-rk45,mlp,bernoulli_glm_raw,0.5781599998474121,0.05202942252833276,0.5685000121593475,0.050375014543533325,37.682058962993324,0.11567578709124052
cot_0_05_flow_matching,ode-rk45,time_mlp,gaussian_mixture,0.6591600000858306,0.06149781568495496,0.6440000236034393,0.049675047397613525,77.43374673817307,0.1772711268073924
cot_0_05_flow_matching,ode-rk45,time_mlp,sir,0.6928750097751617,0.0844433697049268,0.6735000014305115,0.0656999945640564,79.4820123183541,0.1803411406898186
cot_0_05_flow_matching,ode-rk45,time_mlp,gaussian_linear,0.5548650026321411,0.029932539515842623,0.543624997138977,0.01787501573562622,78.3011230783537,0.16160201710685496
cot_0_05_flow_matching,ode-rk45,time_mlp,gaussian_linear_uniform,0.5405299961566925,0.01829943596644636,0.5412249863147736,0.013099998235702515,78.67058489099145,0.17094854442265214
cot_0_05_flow_matching,ode-rk45,time_mlp,lotka_volterra,0.7660949945449829,0.0848710638370189,0.7323249876499176,0.04780000448226929,77.18690373878925,0.3570423775195697
cot_0_05_flow_matching,ode-rk45,time_mlp,slcp,0.6869850039482117,0.07616340704208219,0.6653250157833099,0.043050020933151245,78.2230174840428,0.1611906710979954
cot_0_05_flow_matching,ode-rk45,time_mlp,two_moons,0.6148399949073792,0.06245340966685286,0.6204749941825867,0.05122500658035278,77.94667625864967,0.1774396587588026
cot_0_05_flow_matching,ode-rk45,time_mlp,bernoulli_glm,0.5673149943351745,0.04875097833803706,0.5708000063896179,0.04392498731613159,78.74873937740922,0.31407770586344114
cot_0_05_flow_matching,ode-rk45,time_mlp,slcp_distractors,0.6702650010585784,0.08943943792503598,0.6449500024318695,0.06337499618530273,77.04953492628411,0.17767927088102642
cot_0_05_flow_matching,ode-rk45,time_mlp,bernoulli_glm_raw,0.5389900028705596,0.02934681589641229,0.5347750186920166,0.024875015020370483,79.18323779329657,0.1592742569497734
cot_0_1_flow_matching,ode-rk45,mlp,gaussian_mixture,0.751419997215271,0.069572251730516,0.7476750016212463,0.06150001287460327,37.14222886264324,0.12764893293664525
cot_0_1_flow_matching,ode-rk45,mlp,sir,0.7372100055217743,0.0701238050387623,0.7114750146865845,0.05834999680519104,36.40121151478961,0.11737271567232037
cot_0_1_flow_matching,ode-rk45,mlp,gaussian_linear,0.6066500008106231,0.03264548279951964,0.5968500077724457,0.02922499179840088,37.01127055268735,0.1444009558819395
cot_0_1_flow_matching,ode-rk45,mlp,gaussian_linear_uniform,0.6061399936676025,0.02946895257026028,0.6102999746799469,0.017450004816055298,36.69158276058734,0.1258302657747496
cot_0_1_flow_matching,ode-rk45,mlp,lotka_volterra,0.8895949959754944,0.05025183359566821,0.8734250068664551,0.048049986362457275,36.71853029578924,0.13973629640849408
cot_0_1_flow_matching,ode-rk45,mlp,slcp,0.7524250030517579,0.07772394408384738,0.7328000068664551,0.0543999969959259,36.29294767798856,0.13712683606785972
cot_0_1_flow_matching,ode-rk45,mlp,two_moons,0.733095008134842,0.083583680153031,0.7240000069141388,0.06502500176429749,38.39307855693623,0.3219299791203649
cot_0_1_flow_matching,ode-rk45,mlp,bernoulli_glm,0.6697749972343445,0.11693583794967674,0.6883749961853027,0.10920000076293945,37.5920312336646,0.06364471004631386
cot_0_1_flow_matching,ode-rk45,mlp,slcp_distractors,0.7744350016117096,0.08062132919441696,0.7600499987602234,0.0690000057220459,37.209737532865255,0.1298738579495878
cot_0_1_flow_matching,ode-rk45,mlp,bernoulli_glm_raw,0.6470499992370605,0.09513809841278725,0.6506750285625458,0.09354999661445618,37.98936210069805,0.11626967940776185
cot_0_1_flow_matching,ode-rk45,time_mlp,gaussian_mixture,0.7123349905014038,0.06510662127239082,0.7000249922275543,0.055774986743927,78.12205748129637,0.14310657812160252
cot_0_1_flow_matching,ode-rk45,time_mlp,sir,0.73958500623703,0.07779843950195851,0.731550008058548,0.07277500629425049,76.47812211494893,0.3333734830875431
cot_0_1_flow_matching,ode-rk45,time_mlp,gaussian_linear,0.6113700032234192,0.041527105301336874,0.6024500131607056,0.035449981689453125,77.23496844414622,0.16423879231978605
cot_0_1_flow_matching,ode-rk45,time_mlp,gaussian_linear_uniform,0.6123199999332428,0.03501372455589396,0.6152499914169312,0.026525020599365234,77.82555785514414,0.2132651066369994
cot_0_1_flow_matching,ode-rk45,time_mlp,lotka_volterra,0.814424991607666,0.08645538985016742,0.7908749878406525,0.06002497673034668,79.66507614217699,0.14922649976932226
cot_0_1_flow_matching,ode-rk45,time_mlp,slcp,0.7164550065994263,0.05443437107453177,0.7230000197887421,0.04594999551773071,78.49413242582231,0.17759318326453793
cot_0_1_flow_matching,ode-rk45,time_mlp,two_moons,0.6650050044059753,0.06430534763616005,0.6418499946594238,0.045874983072280884,78.46956012193114,0.17734631115640412
cot_0_1_flow_matching,ode-rk45,time_mlp,bernoulli_glm,0.631819999217987,0.08430120109565559,0.6468500196933746,0.07624995708465576,77.60724716745317,0.15682067322685508
cot_0_1_flow_matching,ode-rk45,time_mlp,slcp_distractors,0.7028150022029876,0.05086783749224549,0.6954750120639801,0.03872501850128174,77.783133498393,0.3514587947531159
cot_0_1_flow_matching,ode-rk45,time_mlp,bernoulli_glm_raw,0.6120450019836425,0.07883710822287722,0.6056749820709229,0.07787495851516724,80.01003132937475,0.8604526051768047
cot_partial_flow_matching,ode-rk45,mlp,gaussian_mixture,0.6985999941825867,0.08463560391012993,0.6813499927520752,0.07315000891685486,40.56072084289044,0.20066427632465794
cot_partial_flow_matching,ode-rk45,mlp,sir,0.616159999370575,0.07647170010445752,0.5764749944210052,0.03352499008178711,37.934461790882054,0.10661627971728621
cot_partial_flow_matching,ode-rk45,mlp,gaussian_linear,0.5109149992465973,0.003134015202299809,0.5107749998569489,0.0020500123500823975,37.3801330617629,0.13607601858085153
cot_partial_flow_matching,ode-rk45,mlp,gaussian_linear_uniform,0.5131549954414367,0.005143550183372627,0.5122499763965607,0.003149956464767456,37.19681560182944,0.1487285815316479
cot_partial_flow_matching,ode-rk45,mlp,lotka_volterra,0.8407749950885772,0.07422275112914355,0.8222250044345856,0.03744998574256897,36.873978044558314,0.1195628905485612
cot_partial_flow_matching,ode-rk45,mlp,slcp,0.7108949959278107,0.08961623719525055,0.68954998254776,0.053849995136260986,37.65286912210286,0.16020025029427068
cot_partial_flow_matching,ode-rk45,mlp,two_moons,0.6503650069236755,0.08956100225694634,0.6473999917507172,0.058774977922439575,38.34632097203284,0.09482007176553371
cot_partial_flow_matching,ode-rk45,mlp,bernoulli_glm,0.5940000116825104,0.07403902749427912,0.5916500091552734,0.06790000200271606,37.62438393756747,0.17379784514880475
cot_partial_flow_matching,ode-rk45,mlp,slcp_distractors,0.7758400022983551,0.10419528883868906,0.7541249990463257,0.10509997606277466,38.05348058398813,0.35562280394592977
cot_partial_flow_matching,ode-rk45,mlp,bernoulli_glm_raw,0.5688250005245209,0.051899321657992464,0.5598500072956085,0.04120001196861267,37.743843629583715,0.13236797938926592
cot_partial_flow_matching,ode-rk45,time_mlp,gaussian_mixture,0.6008650004863739,0.06514669272052429,0.5775249898433685,0.028250008821487427,76.72463473742827,0.33460346771598615
cot_partial_flow_matching,ode-rk45,time_mlp,sir,0.5826849937438965,0.06423394772519597,0.5566750168800354,0.020625025033950806,83.03939845841379,0.614996831256586
cot_partial_flow_matching,ode-rk45,time_mlp,gaussian_linear,0.5121350049972534,0.009771049417547008,0.5093250274658203,0.005775034427642822,77.40369031243026,0.15171174111601618
cot_partial_flow_matching,ode-rk45,time_mlp,gaussian_linear_uniform,0.509309995174408,0.005967900683460711,0.5083999931812286,0.002275019884109497,78.96607216577976,0.13355683815852548
cot_partial_flow_matching,ode-rk45,time_mlp,lotka_volterra,0.7059599995613098,0.09487710774166395,0.6588500142097473,0.03025001287460327,78.10139583023265,0.07579185509626457
cot_partial_flow_matching,ode-rk45,time_mlp,slcp,0.6542450010776519,0.07345415302285524,0.6433999836444855,0.047299981117248535,78.7646222319454,0.13588842507964008
cot_partial_flow_matching,ode-rk45,time_mlp,two_moons,0.5723450005054473,0.062201092839876196,0.5610499978065491,0.04210001230239868,78.59801375437527,0.17958071638740652
cot_partial_flow_matching,ode-rk45,time_mlp,bernoulli_glm,0.5432299971580505,0.03755467331921559,0.5303249955177307,0.025375008583068848,84.94789569657296,0.40784026470969964
cot_partial_flow_matching,ode-rk45,time_mlp,slcp_distractors,0.6574299991130829,0.08852568518243821,0.6312999725341797,0.05245000123977661,78.5646535553038,0.17757209651240488
cot_partial_flow_matching,ode-rk45,time_mlp,bernoulli_glm_raw,0.5324050068855286,0.02521750203602886,0.52777498960495,0.02032497525215149,77.54723944496364,0.21273601112381754
diffusion_edm_vp,ode-rk45,mlp,gaussian_mixture,0.6326650023460388,0.05690786261501581,0.6193999946117401,0.049799978733062744,52.78095639022067,1.4309550897259886
diffusion_edm_vp,ode-rk45,mlp,sir,0.6188300132751465,0.08186508634222424,0.5825999975204468,0.03494998812675476,50.157254077959806,0.15648530320806
diffusion_edm_vp,ode-rk45,mlp,gaussian_linear,0.5031199961900711,0.002258664400878474,0.5023249834775925,0.0009249895811080933,50.84139831438661,0.13612684067457118
diffusion_edm_vp,ode-rk45,mlp,gaussian_linear_uniform,0.5061599910259247,0.002867549556972173,0.5059999823570251,0.0028999745845794678,47.03600948750973,0.49370630528684173
diffusion_edm_vp,ode-rk45,mlp,lotka_volterra,0.8514800131320953,0.05969592654429905,0.8684250116348267,0.05320000648498535,49.46400650814176,0.25722954869744435
diffusion_edm_vp,ode-rk45,mlp,slcp,0.7029099941253663,0.08680179882029769,0.6890000104904175,0.06549999117851257,50.15015025390312,0.2425394395340067
diffusion_edm_vp,ode-rk45,mlp,two_moons,0.5565099954605103,0.044894512900309484,0.5319750010967255,0.016100019216537476,48.32944801254198,0.23986781617820888
diffusion_edm_vp,ode-rk45,mlp,bernoulli_glm,0.5957650005817413,0.05504221675894347,0.5898000001907349,0.05492502450942993,50.80828720945865,0.08877098496813685
diffusion_edm_vp,ode-rk45,mlp,slcp_distractors,0.727655005455017,0.09602449511076616,0.7115499973297119,0.057649970054626465,50.4855519624427,0.24138268181019407
diffusion_edm_vp,ode-rk45,mlp,bernoulli_glm_raw,0.5725349962711335,0.04247662418940383,0.5629000067710876,0.03420001268386841,49.669878711365165,0.12272863080250447
diffusion_edm_vp,ode-rk45,time_mlp,gaussian_mixture,0.5251500010490417,0.007411605036536497,0.5243000090122223,0.005049973726272583,91.13304013935849,0.2013344442123188
diffusion_edm_vp,ode-rk45,time_mlp,sir,0.5341799974441528,0.016455718856756993,0.5323749780654907,0.010824978351593018,89.68807281171902,0.5107566880685069
diffusion_edm_vp,ode-rk45,time_mlp,gaussian_linear,0.5032499998807907,0.0023872581162146704,0.5028250217437744,0.001949995756149292,90.95755089204758,0.21179826954313813
diffusion_edm_vp,ode-rk45,time_mlp,gaussian_linear_uniform,0.5126099944114685,0.003446440808880289,0.513824999332428,0.002400010824203491,90.85350776538253,0.21836853398225484
diffusion_edm_vp,ode-rk45,time_mlp,lotka_volterra,0.7130950093269348,0.09300850381882936,0.682075023651123,0.03804999589920044,91.41157942097634,0.10670524743151952
diffusion_edm_vp,ode-rk45,time_mlp,slcp,0.6495800018310547,0.0898294525739778,0.6251749992370605,0.05977499485015869,89.86103411586956,0.44898482905304155
diffusion_edm_vp,ode-rk45,time_mlp,two_moons,0.520880001783371,0.012672300683181344,0.5185250043869019,0.01092502474784851,88.93639001296833,0.17895489175665105
diffusion_edm_vp,ode-rk45,time_mlp,bernoulli_glm,0.5202100038528442,0.0035924852553153876,0.5200000107288361,0.003300011157989502,92.07539905719459,0.1945940387230606
diffusion_edm_vp,ode-rk45,time_mlp,slcp_distractors,0.6515450000762939,0.07228635693763835,0.6371000111103058,0.0640999972820282,90.3285913484171,0.4084623946432365
diffusion_edm_vp,ode-rk45,time_mlp,bernoulli_glm_raw,0.5187649965286255,0.004559931817971083,0.5212250053882599,0.0018499791622161865,89.36768553815782,0.16483768564510354
diffusion_edm_vp_ema,ode-rk45,mlp,gaussian_mixture,0.6497900009155273,0.051065892801539725,0.6431500017642975,0.05162498354911804,49.98050060896203,0.1470038388975626
diffusion_edm_vp_ema,ode-rk45,mlp,sir,0.6310699999332428,0.08327463112637924,0.5912249982357025,0.027974992990493774,49.46077865175903,0.1492215468619025
diffusion_edm_vp_ema,ode-rk45,mlp,gaussian_linear,0.5033149927854538,0.0031685149340855406,0.5019749999046326,0.0008249878883361816,51.03234319984913,0.17031208571602618
diffusion_edm_vp_ema,ode-rk45,mlp,gaussian_linear_uniform,0.5085399985313416,0.0037875347683429335,0.508124977350235,0.0020499825477600098,49.829868767224255,0.13423671915126215
diffusion_edm_vp_ema,ode-rk45,mlp,lotka_volterra,0.8646050035953522,0.07373365981641113,0.9017250239849091,0.03359997272491455,49.358720667939636,0.12982864740702382
diffusion_edm_vp_ema,ode-rk45,mlp,slcp,0.7028650045394897,0.09747685275067516,0.6669249832630157,0.031099975109100342,49.54957916866988,0.16749455979750572
diffusion_edm_vp_ema,ode-rk45,mlp,two_moons,0.5606950104236603,0.046788446732079145,0.534850001335144,0.017549991607666016,49.88613141123206,0.07230251556363096
diffusion_edm_vp_ema,ode-rk45,mlp,bernoulli_glm,0.5968800067901612,0.06097170672699534,0.595300018787384,0.060325026512145996,49.4028283411637,0.14080332731733342
diffusion_edm_vp_ema,ode-rk45,mlp,slcp_distractors,0.7268199980258941,0.08662812295563652,0.7082249820232391,0.046900033950805664,49.09749864339828,0.12211227386694379
diffusion_edm_vp_ema,ode-rk45,mlp,bernoulli_glm_raw,0.5701450109481812,0.03666809148832379,0.576850026845932,0.030324995517730713,49.59718497507274,0.12216929920076304
diffusion_edm_vp_ema,ode-rk45,time_mlp,gaussian_mixture,0.5282150089740754,0.007329773013468185,0.5291250050067902,0.006400018930435181,89.82182570435107,0.2644662222311176
diffusion_edm_vp_ema,ode-rk45,time_mlp,sir,0.5387899994850158,0.017727254419518574,0.5399499833583832,0.012424975633621216,91.03266452103853,0.1713525287564106
diffusion_edm_vp_ema,ode-rk45,time_mlp,gaussian_linear,0.5042150020599365,0.0026826410351959043,0.5040000081062317,0.0021000057458877563,89.62546268450096,0.10746223036390332
diffusion_edm_vp_ema,ode-rk45,time_mlp,gaussian_linear_uniform,0.5142000019550323,0.004878881590005634,0.5145750045776367,0.0030249953269958496,91.73843540372327,0.19242365705921954
diffusion_edm_vp_ema,ode-rk45,time_mlp,lotka_volterra,0.7009050130844117,0.09181284462574488,0.6502000093460083,0.02022498846054077,97.02432990642265,2.0587163371668318
diffusion_edm_vp_ema,ode-rk45,time_mlp,slcp,0.6338649868965149,0.06396847533185068,0.6105749905109406,0.03450000286102295,90.95227411054074,0.18910868712930798
diffusion_edm_vp_ema,ode-rk45,time_mlp,two_moons,0.5146449953317642,0.012385312271993713,0.5110749900341034,0.007100015878677368,94.21937243910506,1.5437618194924918
diffusion_edm_vp_ema,ode-rk45,time_mlp,bernoulli_glm,0.5208799958229064,0.004338783835754055,0.5194250047206879,0.003675013780593872,93.22461668550969,0.533203020635176
diffusion_edm_vp_ema,ode-rk45,time_mlp,slcp_distractors,0.6606299996376037,0.08312453308049918,0.6236499845981598,0.051974982023239136,88.50340767111629,0.29491083141249674
diffusion_edm_vp_ema,ode-rk45,time_mlp,bernoulli_glm_raw,0.5248300015926362,0.005801696254778366,0.527899980545044,0.0014000236988067627,88.74104398079217,0.13422482163975902
diffusion_edm_ve,ode-rk45,mlp,gaussian_mixture,0.7632500112056733,0.07029291384611863,0.7623000144958496,0.06812500953674316,49.95132289025933,0.12153197556334343
diffusion_edm_ve,ode-rk45,mlp,sir,0.6487349927425384,0.04031797880862641,0.6430249810218811,0.01789999008178711,49.702174607571216,0.14339479916452313
diffusion_edm_ve,ode-rk45,mlp,gaussian_linear,0.7929149985313415,0.008240808303919463,0.7933750152587891,0.0051499903202056885,50.129930772911756,0.22895158215302167
diffusion_edm_ve,ode-rk45,mlp,gaussian_linear_uniform,0.7847249984741211,0.014056075594226844,0.784074991941452,0.008049994707107544,47.9994975454174,0.7923890542594693
diffusion_edm_ve,ode-rk45,mlp,lotka_volterra,0.8755699992179871,0.05137397705016515,0.8888500034809113,0.01602497696876526,49.46127341575921,0.15422232660238747
diffusion_edm_ve,ode-rk45,mlp,slcp,0.8099450051784516,0.04395682892846654,0.8063500225543976,0.020824968814849854,50.61084780888632,0.1270354537150957
diffusion_edm_ve,ode-rk45,mlp,two_moons,0.6423250019550324,0.06457296054880257,0.6259500086307526,0.037324994802474976,49.26274543125182,0.12990992571483176
diffusion_edm_ve,ode-rk45,mlp,bernoulli_glm,0.826705002784729,0.06747429343478532,0.8270750045776367,0.06634998321533203,50.58753296304494,0.151972247288283
diffusion_edm_ve,ode-rk45,mlp,slcp_distractors,0.8056500077247619,0.04780774891136819,0.7959249913692474,0.024874985218048096,50.475189801864325,0.05897817566795331
diffusion_edm_ve,ode-rk45,mlp,bernoulli_glm_raw,0.8272150039672852,0.07035149203241295,0.8349249958992004,0.06377500295639038,50.984661009907725,0.12359437956800448
diffusion_edm_ve,ode-rk45,time_mlp,gaussian_mixture,0.6299300014972686,0.017401664978550935,0.6257500052452087,0.01622501015663147,90.34517188612372,0.17923666639204908
diffusion_edm_ve,ode-rk45,time_mlp,sir,0.6267699956893921,0.019445845031233498,0.628900021314621,0.02054998278617859,90.6013507038355,0.19769351064943672
diffusion_edm_ve,ode-rk45,time_mlp,gaussian_linear,0.8059750020503997,0.01562593139874814,0.8043000102043152,0.012100011110305786,89.94235692340881,0.20885357367642873
diffusion_edm_ve,ode-rk45,time_mlp,gaussian_linear_uniform,0.7824750006198883,0.01655617089234169,0.7849250137805939,0.012050002813339233,84.48734486885368,2.109466324558851
diffusion_edm_ve,ode-rk45,time_mlp,lotka_volterra,0.7298349976539612,0.07760349669912527,0.6914750039577484,0.020475000143051147,90.84686816520988,0.23013793182611308
diffusion_edm_ve,ode-rk45,time_mlp,slcp,0.792264997959137,0.038062289552117254,0.7997249960899353,0.03862500190734863,91.21640337482094,0.3419423140902678
diffusion_edm_ve,ode-rk45,time_mlp,two_moons,0.6454299986362457,0.03370023539096574,0.6427499949932098,0.0205250084400177,88.52241528145969,0.29865487847241673
diffusion_edm_ve,ode-rk45,time_mlp,bernoulli_glm,0.749669998884201,0.048127379822878125,0.7545250058174133,0.04697498679161072,91.59733793064952,0.21943374516708225
diffusion_edm_ve,ode-rk45,time_mlp,slcp_distractors,0.7906750082969666,0.0308145105057172,0.7934750020503998,0.023674994707107544,96.94475005399435,1.81853230014331
diffusion_edm_ve,ode-rk45,time_mlp,bernoulli_glm_raw,0.7458300113677978,0.049620165926418595,0.7438499927520752,0.046675026416778564,90.4263834479265,0.17533431433357502
diffusion_cosine_F,ode-rk45,mlp,gaussian_mixture,0.6314900040626525,0.0570564433698893,0.6267249882221222,0.06392496824264526,56.20951370485127,0.34558694399842055
diffusion_cosine_F,ode-rk45,mlp,sir,0.619474983215332,0.0779667944120178,0.5871249735355377,0.021624982357025146,51.308762854430825,0.2566708166688061
diffusion_cosine_F,ode-rk45,mlp,gaussian_linear,0.5023700028657914,0.0011593616469684318,0.5023750066757202,0.0011250078678131104,51.131903576292096,0.1920354469989663
diffusion_cosine_F,ode-rk45,mlp,gaussian_linear_uniform,0.5042150020599365,0.0034217735435649577,0.5028750002384186,0.0023500025272369385,52.97833145391196,0.1039203248533868
diffusion_cosine_F,ode-rk45,mlp,lotka_volterra,0.8496150016784668,0.06958376144486657,0.8450250029563904,0.04745000600814819,51.460961470287295,0.1899126893580988
diffusion_cosine_F,ode-rk45,mlp,slcp,0.7377200067043305,0.09606805302198224,0.7243750095367432,0.09182500839233398,54.840195674169806,0.8783742222164259
diffusion_cosine_F,ode-rk45,mlp,two_moons,0.5926050007343292,0.04762715741737308,0.5749250054359436,0.01797500252723694,51.15247632022947,0.11218267130842571
diffusion_cosine_F,ode-rk45,mlp,bernoulli_glm,0.5667250037193299,0.04760403901689452,0.5605500042438507,0.0421999990940094,51.49231633394957,0.15222133639455337
diffusion_cosine_F,ode-rk45,mlp,slcp_distractors,0.7807499945163727,0.07846739386747012,0.7698749899864197,0.05865001678466797,56.669114677235484,0.2119981965221764
diffusion_cosine_F,ode-rk45,mlp,bernoulli_glm_raw,0.5582650005817413,0.034890077658820885,0.5615499913692474,0.03474998474121094,51.7028900327161,0.16548302610213442
diffusion_cosine_F,ode-rk45,time_mlp,gaussian_mixture,0.5247900009155273,0.011513406000383955,0.5222750008106232,0.007300019264221191,91.65027316296474,0.20446554548961554
diffusion_cosine_F,ode-rk45,time_mlp,sir,0.5431300044059754,0.015770036022429372,0.5382750034332275,0.012500017881393433,92.13907216480001,0.1952073241260069
diffusion_cosine_F,ode-rk45,time_mlp,gaussian_linear,0.5038400083780289,0.001955345041850634,0.503350019454956,0.0012000203132629395,90.06577419359238,0.18430153996820114
diffusion_cosine_F,ode-rk45,time_mlp,gaussian_linear_uniform,0.5056799948215485,0.0027078719157632987,0.505950003862381,0.0014999806880950928,91.71734261680395,0.24838973374072168
diffusion_cosine_F,ode-rk45,time_mlp,lotka_volterra,0.7268199980258941,0.07303309779588724,0.7000750005245209,0.03412500023841858,92.71830419637263,0.06889130450113853
diffusion_cosine_F,ode-rk45,time_mlp,slcp,0.664300000667572,0.10178073048970251,0.5982250273227692,0.02790004014968872,90.6382603695616,0.17710124020616833
diffusion_cosine_F,ode-rk45,time_mlp,two_moons,0.5131450027227402,0.008879199529386034,0.5129500031471252,0.003949999809265137,91.60354718640447,0.1608282461317494
diffusion_cosine_F,ode-rk45,time_mlp,bernoulli_glm,0.5122200071811676,0.007473361963445163,0.5102750062942505,0.004099994897842407,91.00636199628934,0.17810212461927952
diffusion_cosine_F,ode-rk45,time_mlp,slcp_distractors,0.6644649982452393,0.09497161111299685,0.6181249916553497,0.043200016021728516,92.8378040317446,0.22315020428317844
diffusion_cosine_F,ode-rk45,time_mlp,bernoulli_glm_raw,0.5152749955654145,0.0072075057499859044,0.5145750045776367,0.007524996995925903,97.43736307136714,2.5195729004304597
diffusion_cosine_v,ode-rk45,mlp,gaussian_mixture,0.6321799993515015,0.05634545913305862,0.629274994134903,0.0643250048160553,48.33103543268517,0.30181149251274525
diffusion_cosine_v,ode-rk45,mlp,sir,0.6055600106716156,0.09141041155775842,0.5672000050544739,0.046774983406066895,50.35630593812093,0.6577581065922475
diffusion_cosine_v,ode-rk45,mlp,gaussian_linear,0.5029199928045273,0.002428086361668783,0.5024250000715256,0.0014500021934509277,53.50356571488082,0.2700268989791878
diffusion_cosine_v,ode-rk45,mlp,gaussian_linear_uniform,0.5083999991416931,0.004043581486204463,0.5079749822616577,0.0038999617099761963,48.68653031326831,0.15086873338932377
diffusion_cosine_v,ode-rk45,mlp,lotka_volterra,0.8521100044250488,0.06003393234262754,0.8501249849796295,0.0615750253200531,48.64535728888586,0.15705964971736824
diffusion_cosine_v,ode-rk45,mlp,slcp,0.7137499988079071,0.08829935970687322,0.6912750005722046,0.06069999933242798,49.08902147449553,0.07331511914914463
diffusion_cosine_v,ode-rk45,mlp,two_moons,0.5869899988174438,0.05076569827291284,0.5645250082015991,0.029249995946884155,48.71766249388456,0.19988944849817097
diffusion_cosine_v,ode-rk45,mlp,bernoulli_glm,0.5715550005435943,0.041646255934319226,0.5724999904632568,0.04272496700286865,47.396732760500164,0.1527866641225579
diffusion_cosine_v,ode-rk45,mlp,slcp_distractors,0.7784849882125855,0.08514981900151612,0.7646499872207642,0.059374988079071045,49.332444581761955,0.11625769841334223
diffusion_cosine_v,ode-rk45,mlp,bernoulli_glm_raw,0.5594950020313263,0.027555724030599846,0.5591750144958496,0.022974997758865356,48.62619441701099,0.2309658286901344
diffusion_cosine_v,ode-rk45,time_mlp,gaussian_mixture,0.5287449955940247,0.008466922273917203,0.5290249884128571,0.0063250064849853516,87.77919178092853,0.11793999959969213
diffusion_cosine_v,ode-rk45,time_mlp,sir,0.5405049920082092,0.016497968503874017,0.5375500023365021,0.01130002737045288,88.98106872914359,0.1535158434924778
diffusion_cosine_v,ode-rk45,time_mlp,gaussian_linear,0.5044699996709824,0.002587399807078636,0.5042999982833862,0.0021250098943710327,87.69658615086227,0.2018565172987696
diffusion_cosine_v,ode-rk45,time_mlp,gaussian_linear_uniform,0.5062400013208389,0.004369546554300749,0.5052500069141388,0.004624992609024048,89.46321063004434,0.2248206991204697
diffusion_cosine_v,ode-rk45,time_mlp,lotka_volterra,0.7419750034809113,0.09496682302770221,0.7035250067710876,0.05072498321533203,89.48779204450548,0.2744265939635689
diffusion_cosine_v,ode-rk45,time_mlp,slcp,0.6472850024700165,0.09950441732117496,0.5926750004291534,0.025150001049041748,92.20229224311188,1.1581541035557268
diffusion_cosine_v,ode-rk45,time_mlp,two_moons,0.5087800085544586,0.005918448018911097,0.507999986410141,0.005674958229064941,90.25683826394379,0.1911871325660689
diffusion_cosine_v,ode-rk45,time_mlp,bernoulli_glm,0.5124749958515167,0.007435096082807755,0.5110999941825867,0.003500014543533325,87.16316156126558,0.19369886987835916
diffusion_cosine_v,ode-rk45,time_mlp,slcp_distractors,0.6362999975681305,0.09028846660432631,0.5809000134468079,0.018500030040740967,90.58812876418233,0.21857785160646995
diffusion_cosine_v,ode-rk45,time_mlp,bernoulli_glm_raw,0.5192249953746796,0.005650355736057783,0.520374983549118,0.0036250054836273193,89.22198020014912,0.5366054788750467
diffusion_cosine_v_lw,ode-rk45,mlp,gaussian_mixture,0.651309996843338,0.05745706411478902,0.6352500021457672,0.04152500629425049,48.883686198294164,0.1230390968203743
diffusion_cosine_v_lw,ode-rk45,mlp,sir,0.6095849990844726,0.08541786540116954,0.5627999901771545,0.023649990558624268,48.89049235358834,0.1663281931747438
diffusion_cosine_v_lw,ode-rk45,mlp,gaussian_linear,0.5050049960613251,0.0019783133236856575,0.5043500065803528,0.0010750144720077515,51.94700306011364,0.3364756919398544
diffusion_cosine_v_lw,ode-rk45,mlp,gaussian_linear_uniform,0.5070949971675873,0.004841193273426524,0.5064000189304352,0.004000037908554077,48.54022619687021,0.16964164522397637
diffusion_cosine_v_lw,ode-rk45,mlp,lotka_volterra,0.8739750027656555,0.050244825896481334,0.8910000026226044,0.025875002145767212,47.889919101726264,0.15761307258359766
diffusion_cosine_v_lw,ode-rk45,mlp,slcp,0.7240299999713897,0.10748095718058912,0.684249997138977,0.07167500257492065,49.12589455349371,0.12640665523209882
diffusion_cosine_v_lw,ode-rk45,mlp,two_moons,0.5948100030422211,0.04967695585865751,0.5850500166416168,0.036825031042099,49.335006261523816,0.11456187280545813
diffusion_cosine_v_lw,ode-rk45,mlp,bernoulli_glm,0.575349998474121,0.04169851359826574,0.5806249976158142,0.04144999384880066,50.824361217767,0.8742653598992851
diffusion_cosine_v_lw,ode-rk45,mlp,slcp_distractors,0.7406349956989289,0.08754919943194173,0.6996749937534332,0.04800000786781311,49.01556473216042,0.14471446648871963
diffusion_cosine_v_lw,ode-rk45,mlp,bernoulli_glm_raw,0.5576450049877166,0.027959343967542842,0.5545499920845032,0.023750007152557373,48.57556410180405,0.16737664612855865
diffusion_cosine_v_lw,ode-rk45,time_mlp,gaussian_mixture,0.5376799941062927,0.011013924962833026,0.5360499918460846,0.005250006914138794,88.70593721661717,0.3517306676154809
diffusion_cosine_v_lw,ode-rk45,time_mlp,sir,0.5422949910163879,0.017506859854975552,0.535999983549118,0.011525005102157593,87.97571705281734,0.3903539569433778
diffusion_cosine_v_lw,ode-rk45,time_mlp,gaussian_linear,0.5036249935626984,0.002687868324346269,0.5026999861001968,0.0019749999046325684,88.34063183516264,0.12642740234574673
diffusion_cosine_v_lw,ode-rk45,time_mlp,gaussian_linear_uniform,0.5079450070858001,0.004089156124150367,0.5068250000476837,0.002674996852874756,88.91774465013296,0.16050697642495632
diffusion_cosine_v_lw,ode-rk45,time_mlp,lotka_volterra,0.729575002193451,0.07889869593124103,0.7056500017642975,0.027274996042251587,90.10109003083781,0.19542086452655885
diffusion_cosine_v_lw,ode-rk45,time_mlp,slcp,0.6514100074768067,0.09769399612884207,0.6120499968528748,0.054224997758865356,90.78638836303726,0.22520547467682964
diffusion_cosine_v_lw,ode-rk45,time_mlp,two_moons,0.5275849938392639,0.010996737137468968,0.5290249884128571,0.005775034427642822,90.9439611759968,0.1785753748138339
diffusion_cosine_v_lw,ode-rk45,time_mlp,bernoulli_glm,0.5189649939537049,0.00574739056469112,0.5187749862670898,0.004675000905990601,88.84800707884133,0.23763732527885145
diffusion_cosine_v_lw,ode-rk45,time_mlp,slcp_distractors,0.6554749965667724,0.09778239903543948,0.6055999994277954,0.03902500867843628,88.76165921017528,0.11350805476506677
diffusion_cosine_v_lw,ode-rk45,time_mlp,bernoulli_glm_raw,0.5206100106239319,0.00580727326176986,0.5217750072479248,0.004200011491775513,89.83321698345244,0.2015061859777528
diffusion_cosine_noise,ode-rk45,mlp,gaussian_mixture,0.6391699969768524,0.05469313230375333,0.6355499923229218,0.051375001668930054,54.3460619430989,0.2876330527340213
diffusion_cosine_noise,ode-rk45,mlp,sir,0.632495003938675,0.08592612386180044,0.5971750020980835,0.033250004053115845,49.739266449492426,0.6043169557579271
diffusion_cosine_noise,ode-rk45,mlp,gaussian_linear,0.5112749934196472,0.00732451757315857,0.5109499990940094,0.005750000476837158,49.143780019879344,0.15885813715291455
diffusion_cosine_noise,ode-rk45,mlp,gaussian_linear_uniform,0.5148599982261658,0.005181560677955288,0.5146249830722809,0.003375023603439331,48.792104952223596,0.16703742777202826
diffusion_cosine_noise,ode-rk45,mlp,lotka_volterra,0.8766950011253357,0.04954516318185022,0.8878749907016754,0.043599992990493774,50.049732226878405,1.1053090837733157
diffusion_cosine_noise,ode-rk45,mlp,slcp,0.7473099887371063,0.10118624155342203,0.7116249799728394,0.06417497992515564,49.51006764909253,0.15935378887083518
diffusion_cosine_noise,ode-rk45,mlp,two_moons,0.5790449976921082,0.04503418774409048,0.5578500032424927,0.023200005292892456,48.828403933811934,0.18222164594139312
diffusion_cosine_noise,ode-rk45,mlp,bernoulli_glm,0.5721249938011169,0.036832350359837895,0.5624249875545502,0.028574973344802856,48.08055278016254,0.19111335038364322
diffusion_cosine_noise,ode-rk45,mlp,slcp_distractors,0.7809650003910065,0.07418929979176618,0.7472499907016754,0.02384999394416809,49.258374403230846,0.2580002031390724
diffusion_cosine_noise,ode-rk45,mlp,bernoulli_glm_raw,0.6157249987125397,0.017935218627247944,0.6193999946117401,0.01132500171661377,48.92335458779708,0.1462911028432683
diffusion_cosine_noise,ode-rk45,time_mlp,gaussian_mixture,0.5767549991607666,0.008919789162752398,0.5785000026226044,0.0031000077724456787,90.46217031516134,0.23791822796683754
diffusion_cosine_noise,ode-rk45,time_mlp,sir,0.5694600045681,0.015707141800687423,0.5621000230312347,0.006800025701522827,89.47406523935497,0.22743866082394176
diffusion_cosine_noise,ode-rk45,time_mlp,gaussian_linear,0.5706950008869172,0.008618338282816503,0.5687250196933746,0.003949999809265137,89.17174658235163,0.19473232253582207
diffusion_cosine_noise,ode-rk45,time_mlp,gaussian_linear_uniform,0.5741450011730194,0.0073100003916251235,0.5768499970436096,0.0020500123500823975,90.7273687230423,0.20481560627313766
diffusion_cosine_noise,ode-rk45,time_mlp,lotka_volterra,0.7320646941661835,0.10441973890544551,0.70210000872612,0.046000003814697266,89.78184393187985,0.46770815956533923
diffusion_cosine_noise,ode-rk45,time_mlp,slcp,0.6974049925804138,0.07680092858072608,0.6673499941825867,0.027974992990493774,88.08799312859773,0.6512396199945358
diffusion_cosine_noise,ode-rk45,time_mlp,two_moons,0.5409050047397613,0.0255757787622298,0.5346750020980835,0.018099993467330933,90.07423895439133,1.1317187414056478
diffusion_cosine_noise,ode-rk45,time_mlp,bernoulli_glm,0.6132300019264221,0.023252682362285424,0.6085750162601471,0.00625002384185791,92.7433913900517,1.4821972563872965
diffusion_cosine_noise,ode-rk45,time_mlp,slcp_distractors,0.7000949919223786,0.09233522554668896,0.6860750019550323,0.05330002307891846,88.68100434876979,0.31664641075274597
diffusion_cosine_noise,ode-rk45,time_mlp,bernoulli_glm_raw,0.5798649847507477,0.01539977054936798,0.5769749879837036,0.011575013399124146,89.88003995716572,0.951378292738637
flow_matching,ode-tsit5,mlp,gaussian_mixture,0.6641600012779236,0.04832190120198582,0.6654500067234039,0.04719999432563782,37.14516371795908,0.0800760176876134
flow_matching,ode-tsit5,mlp,sir,0.5983150005340576,0.051846809147443565,0.5740750133991241,0.018375009298324585,37.64225275376812,0.08766181811807977
flow_matching,ode-tsit5,mlp,gaussian_linear,0.5040299892425537,0.0016960470560870968,0.5040249973535538,0.000849992036819458,37.25503432108089,0.10476912602296592
flow_matching,ode-tsit5,mlp,gaussian_linear_uniform,0.5099250078201294,0.0037270847602006996,0.5088750123977661,0.002025008201599121,37.43634388577193,0.1659403222894507
flow_matching,ode-tsit5,mlp,lotka_volterra,0.8522599935531616,0.07103541139698819,0.8486500084400177,0.03787502646446228,37.64503943827003,0.11724484520942817
flow_matching,ode-tsit5,mlp,slcp,0.7507100045681,0.0983164539408738,0.7206250131130219,0.054224997758865356,37.136262245848776,0.1271502682288347
flow_matching,ode-tsit5,mlp,two_moons,0.6332149982452393,0.059389903355765945,0.6303249895572662,0.04467502236366272,37.141257013008,0.11642735531811406
flow_matching,ode-tsit5,mlp,bernoulli_glm,0.5545750021934509,0.03372884421857426,0.5526250004768372,0.03297498822212219,37.30122383190319,0.09682232652434124
flow_matching,ode-tsit5,mlp,slcp_distractors,0.7679399967193603,0.09381373478633248,0.7256749868392944,0.0517750084400177,37.80647385986522,0.1140603371594086
flow_matching,ode-tsit5,mlp,bernoulli_glm_raw,0.5407649993896484,0.016968036786173098,0.5427999794483185,0.011449992656707764,38.11077631255612,0.12315998966254361
flow_matching,ode-tsit5,time_mlp,gaussian_mixture,0.5428499937057495,0.008432643583666941,0.5403499901294708,0.004325002431869507,78.65482336971908,0.30702769947219816
flow_matching,ode-tsit5,time_mlp,sir,0.5433150053024292,0.02428802622065295,0.5382000207901001,0.009000003337860107,77.89676918359473,0.19496017690139214
flow_matching,ode-tsit5,time_mlp,gaussian_linear,0.5040399938821792,0.0029721897534483975,0.5027499794960022,0.0012000054121017456,77.12206793874502,0.15943586550207667
flow_matching,ode-tsit5,time_mlp,gaussian_linear_uniform,0.5030350029468537,0.002268592409564789,0.503125011920929,0.0018000155687332153,78.24154418306425,0.17939045189779596
flow_matching,ode-tsit5,time_mlp,lotka_volterra,0.7084199965000153,0.10259380509449778,0.6818250119686127,0.04987499117851257,78.19432560186833,0.17195671918360517
flow_matching,ode-tsit5,time_mlp,slcp,0.6392649948596955,0.09827218530695284,0.5830749869346619,0.02462497353553772,77.53005238473415,0.4629532698195144
flow_matching,ode-tsit5,time_mlp,two_moons,0.5215299904346467,0.008641854423197311,0.51910001039505,0.0048750340938568115,79.31324580805376,0.16344564158031366
flow_matching,ode-tsit5,time_mlp,bernoulli_glm,0.5128549993038177,0.0052397325197198925,0.5138500034809113,0.004574984312057495,78.15304682962596,0.13563662628733913
flow_matching,ode-tsit5,time_mlp,slcp_distractors,0.6718450069427491,0.10501935068098976,0.62295001745224,0.05895000696182251,79.01634741015732,0.1646763357729527
flow_matching,ode-tsit5,time_mlp,bernoulli_glm_raw,0.5161049962043762,0.004810479670694187,0.5170499980449677,0.0035749971866607666,76.77024357421324,0.15202743237063454
flow_matching_edm,ode-tsit5,mlp,gaussian_mixture,0.6519200026988983,0.04607131543815424,0.6443250179290771,0.0392250120639801,37.565155488438904,0.08401380294484606
flow_matching_edm,ode-tsit5,mlp,sir,0.5876200020313262,0.05577719647804541,0.5671000182628632,0.02330002188682556,37.6370413239114,0.26470822796494803
flow_matching_edm,ode-tsit5,mlp,gaussian_linear,0.5047500014305115,0.0023324958345619035,0.5035249888896942,0.0007749944925308228,37.75857779290527,0.10700382530074791
flow_matching_edm,ode-tsit5,mlp,gaussian_linear_uniform,0.5071000039577485,0.0023974941577301276,0.5077750086784363,0.0012499988079071045,38.619477493874726,0.2181723001210197
flow_matching_edm,ode-tsit5,mlp,lotka_volterra,0.8215250015258789,0.08996004702781236,0.8477999866008759,0.06599998474121094,37.0589215669781,0.1589092072565324
flow_matching_edm,ode-tsit5,mlp,slcp,0.703329998254776,0.09915443815325399,0.6688500046730042,0.059300005435943604,36.52912278585136,0.09133740276697037
flow_matching_edm,ode-tsit5,mlp,two_moons,0.5734249949455261,0.05520965377362607,0.561724990606308,0.038224995136260986,37.465282432734966,0.09698795115281567
flow_matching_edm,ode-tsit5,mlp,bernoulli_glm,0.5585249900817871,0.03497337519545449,0.5618000030517578,0.033024996519088745,36.91831890819594,0.3043481999994721
flow_matching_edm,ode-tsit5,mlp,slcp_distractors,0.7596650063991547,0.09043027299095911,0.7202500104904175,0.037550002336502075,36.094355864450336,0.22399037239519348
flow_matching_edm,ode-tsit5,mlp,bernoulli_glm_raw,0.5520600020885468,0.028920196277042325,0.5436500012874603,0.025624990463256836,37.68755538184196,0.2111509049207098
flow_matching_edm,ode-tsit5,time_mlp,gaussian_mixture,0.5437950015068054,0.00739980584925633,0.5422999858856201,0.005975008010864258,79.15882728043944,0.34572283189902936
flow_matching_edm,ode-tsit5,time_mlp,sir,0.5380749940872193,0.012733560852886534,0.5381999909877777,0.003425031900405884,76.68032318204641,0.26418894559045436
flow_matching_edm,ode-tsit5,time_mlp,gaussian_linear,0.5028500020503998,0.0018528378351852903,0.502575010061264,0.0014500021934509277,77.92188438279554,0.16292925418649273
flow_matching_edm,ode-tsit5,time_mlp,gaussian_linear_uniform,0.5048800021409988,0.0030024374224451103,0.5059249997138977,0.0018250048160552979,78.26382380863652,0.21985732093146185
flow_matching_edm,ode-tsit5,time_mlp,lotka_volterra,0.6856649935245513,0.09197074132886154,0.6656499803066254,0.06242498755455017,78.95641972571612,0.21035586149338267
flow_matching_edm,ode-tsit5,time_mlp,slcp,0.6227950036525727,0.08557703344742568,0.5726500153541565,0.02572500705718994,78.16132933776825,0.4825163557001705
flow_matching_edm,ode-tsit5,time_mlp,two_moons,0.5261600017547607,0.00956818114833756,0.5235500037670135,0.0065750181674957275,72.01578509872779,0.4038603462469378
flow_matching_edm,ode-tsit5,time_mlp,bernoulli_glm,0.5144400000572205,0.0068103906875424955,0.5134750008583069,0.004974991083145142,77.01198232164606,0.14776443597693847
flow_matching_edm,ode-tsit5,time_mlp,slcp_distractors,0.6547749996185303,0.08039342387786101,0.648624986410141,0.05674999952316284,77.75320708863437,0.18550155039360722
flow_matching_edm,ode-tsit5,time_mlp,bernoulli_glm_raw,0.5147550046443939,0.006245819410087955,0.5140250027179718,0.0067999958992004395,77.71198532655835,0.6476556201421494
ot_flow_matching,ode-tsit5,mlp,gaussian_mixture,0.9071849942207336,0.02533966532032064,0.9076749980449677,0.019674986600875854,37.144147410523146,0.13888659916847157
ot_flow_matching,ode-tsit5,mlp,sir,0.8986949980258941,0.02360402467132293,0.8970249891281128,0.02279999852180481,37.325786008592694,0.14029388317263097
ot_flow_matching,ode-tsit5,mlp,gaussian_linear,0.770374995470047,0.04431537891917221,0.7670499980449677,0.03207498788833618,38.11383181037381,0.14721483807191393
ot_flow_matching,ode-tsit5,mlp,gaussian_linear_uniform,0.8370850026607514,0.01839396543568769,0.8377499878406525,0.016550034284591675,37.567286618519574,0.24207609808584069
ot_flow_matching,ode-tsit5,mlp,lotka_volterra,0.9786950051784515,0.010564222724331059,0.979750007390976,0.007775008678436279,36.97005760110915,0.7520991730698598
ot_flow_matching,ode-tsit5,mlp,slcp,0.8808250069618225,0.04370760318313881,0.8826500177383423,0.048799991607666016,34.69186896756291,0.18441865724077278
ot_flow_matching,ode-tsit5,mlp,two_moons,0.8831950068473816,0.04042328721450145,0.8641250133514404,0.02377501130104065,37.60407767854631,0.07671951713356921
ot_flow_matching,ode-tsit5,mlp,bernoulli_glm,0.9082249999046326,0.027635269067200943,0.910524994134903,0.023450016975402832,37.56557229394093,0.10669065124043017
ot_flow_matching,ode-tsit5,mlp,slcp_distractors,0.8839699983596802,0.04412242856386208,0.8895249962806702,0.042374998331069946,37.667810656316576,0.13025381215665505
ot_flow_matching,ode-tsit5,mlp,bernoulli_glm_raw,0.9028699994087219,0.02878905765458312,0.903549998998642,0.02672499418258667,37.254317172430454,0.10674917556892123
ot_flow_matching,ode-tsit5,time_mlp,gaussian_mixture,0.9092000007629395,0.023881233194045885,0.9114499986171722,0.01797500252723694,78.15505083855241,0.29624514549741643
ot_flow_matching,ode-tsit5,time_mlp,sir,0.8934300005435943,0.026666858653388283,0.8951500058174133,0.0258999764919281,78.67229920690879,0.1838477893735261
ot_flow_matching,ode-tsit5,time_mlp,gaussian_linear,0.7635650038719177,0.0402353535807941,0.7636750042438507,0.025499999523162842,78.09037790158763,0.15889501491729946
ot_flow_matching,ode-tsit5,time_mlp,gaussian_linear_uniform,0.8386100053787231,0.0193590526657983,0.8384999930858612,0.015125006437301636,77.43787959516048,0.23033543960361041
ot_flow_matching,ode-tsit5,time_mlp,lotka_volterra,0.9611549973487854,0.01657703886647119,0.9576750099658966,0.013125002384185791,79.55277031119913,0.1411705216422474
ot_flow_matching,ode-tsit5,time_mlp,slcp,0.8654149889945983,0.04176110288235841,0.8759999871253967,0.0249750018119812,71.87992878388613,0.4865353038416101
ot_flow_matching,ode-tsit5,time_mlp,two_moons,0.8587700009346009,0.0357437076378617,0.847900003194809,0.028799980878829956,77.27790839737281,0.15371572454026738
ot_flow_matching,ode-tsit5,time_mlp,bernoulli_glm,0.8903999984264374,0.0210262111400322,0.8941500186920166,0.01985001564025879,77.01613240428269,0.18100247866522953
ot_flow_matching,ode-tsit5,time_mlp,slcp_distractors,0.8629800021648407,0.039198115276474314,0.8689000010490417,0.034000009298324585,77.95166094731539,0.5407129500005682
ot_flow_matching,ode-tsit5,time_mlp,bernoulli_glm_raw,0.889659994840622,0.024310452335980722,0.890749990940094,0.02317500114440918,76.77858480121941,0.22792683955975618
ot_partial_flow_matching,ode-tsit5,mlp,gaussian_mixture,0.9247900009155273,0.021305508687535932,0.9243499934673309,0.014475017786026001,37.61411724165082,0.14223311618590403
ot_partial_flow_matching,ode-tsit5,mlp,sir,0.918910002708435,0.02175281500517719,0.9180000126361847,0.021349996328353882,37.441225342079996,0.2471320796296002
ot_partial_flow_matching,ode-tsit5,mlp,gaussian_linear,0.7858149945735932,0.05006426613480288,0.7818999886512756,0.038300007581710815,37.03390665948391,0.10084989045776606
ot_partial_flow_matching,ode-tsit5,mlp,gaussian_linear_uniform,0.8536500096321106,0.025578556139655043,0.8523499965667725,0.020575016736984253,38.110625898838045,0.12821660919392272
ot_partial_flow_matching,ode-tsit5,mlp,lotka_volterra,0.983444994688034,0.010719106437349805,0.9840249717235565,0.00745004415512085,35.40819546254352,0.5298527253583679
ot_partial_flow_matching,ode-tsit5,mlp,slcp,0.8918299973011017,0.040290792211798196,0.8921500146389008,0.03637498617172241,37.710133218020204,0.10694251872701963
ot_partial_flow_matching,ode-tsit5,mlp,two_moons,0.9005750000476838,0.034784773136249864,0.8833000063896179,0.02399998903274536,36.826990959048274,0.21291635567615072
ot_partial_flow_matching,ode-tsit5,mlp,bernoulli_glm,0.92010999917984,0.036939429305033133,0.9226000010967255,0.03662499785423279,37.57625265941024,0.14054713861171783
ot_partial_flow_matching,ode-tsit5,mlp,slcp_distractors,0.8995999991893768,0.038207753813593946,0.9128499925136566,0.034825026988983154,37.75975342346355,0.09868672427874522
ot_partial_flow_matching,ode-tsit5,mlp,bernoulli_glm_raw,0.9166849911212921,0.036570361949151586,0.9223249852657318,0.03447499871253967,37.761929566413166,0.11796282580514413
ot_partial_flow_matching,ode-tsit5,time_mlp,gaussian_mixture,0.9259449958801269,0.020006372460363044,0.9269749820232391,0.015524983406066895,76.74645478380845,0.15296934999224443
ot_partial_flow_matching,ode-tsit5,time_mlp,sir,0.9168499886989594,0.02337829832517328,0.9182249903678894,0.020999997854232788,77.36184318158776,0.30702971887884395
ot_partial_flow_matching,ode-tsit5,time_mlp,gaussian_linear,0.7845199942588806,0.05166251129531094,0.7776249945163727,0.043224990367889404,78.18815482258796,0.1397204042311401
ot_partial_flow_matching,ode-tsit5,time_mlp,gaussian_linear_uniform,0.8518649995326996,0.024249652300699337,0.8555749952793121,0.01840001344680786,78.09703455269337,0.07897796039146956
ot_partial_flow_matching,ode-tsit5,time_mlp,lotka_volterra,0.9699450075626374,0.01697580645034943,0.9687750041484833,0.015675008296966553,78.95705446004868,0.7338096940198369
ot_partial_flow_matching,ode-tsit5,time_mlp,slcp,0.879054993391037,0.038839596596966716,0.8790249824523926,0.033625006675720215,79.51208237158134,0.2694941579734757
ot_partial_flow_matching,ode-tsit5,time_mlp,two_moons,0.8832249999046325,0.033832033911477336,0.8701750040054321,0.027449995279312134,79.78842365005985,0.17902277972331473
ot_partial_flow_matching,ode-tsit5,time_mlp,bernoulli_glm,0.909755003452301,0.03654639407107408,0.9086500108242035,0.03522500395774841,73.24184249965474,2.007943235971241
ot_partial_flow_matching,ode-tsit5,time_mlp,slcp_distractors,0.8788450002670288,0.03567369263015352,0.8823750019073486,0.030750006437301636,78.80736013595015,0.16827773367472582
ot_partial_flow_matching,ode-tsit5,time_mlp,bernoulli_glm_raw,0.9080849945545196,0.039294178575307294,0.9059499800205231,0.03749999403953552,77.06833030097187,0.18684626046911412
cot_flow_matching,ode-tsit5,mlp,gaussian_mixture,0.6814050078392029,0.06706504117875285,0.6686500012874603,0.0609000027179718,37.482099681533875,0.12877742101508324
cot_flow_matching,ode-tsit5,mlp,sir,0.603279995918274,0.06579459152800082,0.5654999911785126,0.021324992179870605,37.57995249386877,0.11671760573078613
cot_flow_matching,ode-tsit5,mlp,gaussian_linear,0.503235000371933,0.001836990690374024,0.5028000026941299,0.0014999955892562866,39.1900586117059,0.4264147515620105
cot_flow_matching,ode-tsit5,mlp,gaussian_linear_uniform,0.5059549927711486,0.003647492733385018,0.506199985742569,0.0030250251293182373,35.631557448767126,0.4014744494840818
cot_flow_matching,ode-tsit5,mlp,lotka_volterra,0.8505250096321106,0.05653797538461489,0.8514000177383423,0.03564998507499695,37.41732595050708,0.09784538333556073
cot_flow_matching,ode-tsit5,mlp,slcp,0.7236400008201599,0.10428739744315008,0.672775000333786,0.06472501158714294,37.41970922378823,0.09531544148580927
cot_flow_matching,ode-tsit5,mlp,two_moons,0.6392199993133545,0.07417032386112686,0.6437750160694122,0.032950013875961304,37.57077961210162,0.09785304325480285
cot_flow_matching,ode-tsit5,mlp,bernoulli_glm,0.5549749970436096,0.035538387912579544,0.5518499910831451,0.03222498297691345,37.65327601227909,0.810997207681999
cot_flow_matching,ode-tsit5,mlp,slcp_distractors,0.7646750092506409,0.10493097122786622,0.72325000166893,0.06422498822212219,37.24250917490572,0.11565197403324862
cot_flow_matching,ode-tsit5,mlp,bernoulli_glm_raw,0.540955001115799,0.0188460051823791,0.5428500175476074,0.01930004358291626,35.51349667329341,0.765450973929951
cot_flow_matching,ode-tsit5,time_mlp,gaussian_mixture,0.5674250066280365,0.03582270993976888,0.550225019454956,0.020575016736984253,78.76655914764851,0.17473196440584307
cot_flow_matching,ode-tsit5,time_mlp,sir,0.5715049982070923,0.055373599577627296,0.5494999885559082,0.025549978017807007,81.88577664392069,2.8641693767328205
cot_flow_matching,ode-tsit5,time_mlp,gaussian_linear,0.5030600041151047,0.0018334096044857833,0.502700001001358,0.0013500005006790161,77.71069513456897,0.41463821771850423
cot_flow_matching,ode-tsit5,time_mlp,gaussian_linear_uniform,0.5036750048398971,0.0028441379526390346,0.5028000175952911,0.0015500187873840332,82.10375403687358,1.003078399613297
cot_flow_matching,ode-tsit5,time_mlp,lotka_volterra,0.6920399963855743,0.08852755124433338,0.6607750058174133,0.04029998183250427,78.91463574022055,0.08291974368682123
cot_flow_matching,ode-tsit5,time_mlp,slcp,0.6352299928665162,0.0986256273112622,0.5807249844074249,0.02982497215270996,78.77448257310316,0.15305778883709925
cot_flow_matching,ode-tsit5,time_mlp,two_moons,0.5532999932765961,0.04193687515317664,0.5455749928951263,0.03880000114440918,78.3165544392541,0.2798322273120983
cot_flow_matching,ode-tsit5,time_mlp,bernoulli_glm,0.5120450019836426,0.006536371097626038,0.5115750133991241,0.005799978971481323,77.64914264930412,0.19463945654417675
cot_flow_matching,ode-tsit5,time_mlp,slcp_distractors,0.6355250120162964,0.08753464724019704,0.5841750204563141,0.034449994564056396,76.68852602820843,0.17485923310026052
cot_flow_matching,ode-tsit5,time_mlp,bernoulli_glm_raw,0.5148550033569336,0.006675502825937652,0.5141500234603882,0.0060250163078308105,77.75579982614144,0.1842144167779214
cot_0_02_flow_matching,ode-tsit5,mlp,gaussian_mixture,0.7066150009632111,0.06674133746996441,0.6843249797821045,0.04277500510215759,39.92249399721622,0.26841082962408475
cot_0_02_flow_matching,ode-tsit5,mlp,sir,0.6347699880599975,0.08239468038992215,0.5983499884605408,0.042600005865097046,37.43019132409245,0.1856794922424138
cot_0_02_flow_matching,ode-tsit5,mlp,gaussian_linear,0.5090950012207032,0.004658828139743003,0.5073250234127045,0.0016250014305114746,39.24174824459478,0.3628535074837361
cot_0_02_flow_matching,ode-tsit5,mlp,gaussian_linear_uniform,0.5054199934005738,0.004391651684466139,0.505050003528595,0.003675013780593872,38.00531063117087,0.07703184441019713
cot_0_02_flow_matching,ode-tsit5,mlp,lotka_volterra,0.8582099974155426,0.054373488633708174,0.8545750081539154,0.03682500123977661,37.60097567532212,0.13904443432824376
cot_0_02_flow_matching,ode-tsit5,mlp,slcp,0.7185149967670441,0.0907509165398075,0.6622999906539917,0.02664998173713684,37.72990477262065,0.107675982925457
cot_0_02_flow_matching,ode-tsit5,mlp,two_moons,0.6492650032043457,0.07154999866315642,0.6512500047683716,0.04852497577667236,40.48663981854916,0.12703805767156104
cot_0_02_flow_matching,ode-tsit5,mlp,bernoulli_glm,0.5653949975967407,0.04888828870037955,0.5612500011920929,0.044424980878829956,37.551183448545636,0.09880925433832208
cot_0_02_flow_matching,ode-tsit5,mlp,slcp_distractors,0.7502450048923492,0.08896084957532213,0.7152250111103058,0.0564500093460083,38.13243212634698,0.10209829408322016
cot_0_02_flow_matching,ode-tsit5,mlp,bernoulli_glm_raw,0.5487249970436097,0.020347222310632573,0.5469249784946442,0.0191500186920166,36.95377815905958,0.17423423282640998
cot_0_02_flow_matching,ode-tsit5,time_mlp,gaussian_mixture,0.5884750008583068,0.04704596347875122,0.5715500116348267,0.033399999141693115,78.83291880888865,0.3049102206800805
cot_0_02_flow_matching,ode-tsit5,time_mlp,sir,0.6073149979114533,0.09195510726118769,0.5823000073432922,0.043725013732910156,78.70234562242403,0.44106157478099606
cot_0_02_flow_matching,ode-tsit5,time_mlp,gaussian_linear,0.5109299957752228,0.00719337088835955,0.5098249912261963,0.004275023937225342,78.20825614137576,0.271725222189745
cot_0_02_flow_matching,ode-tsit5,time_mlp,gaussian_linear_uniform,0.5080999970436096,0.004882518532291495,0.5087999999523163,0.00415000319480896,77.82641894444824,0.14667321015004858
cot_0_02_flow_matching,ode-tsit5,time_mlp,lotka_volterra,0.7204650104045868,0.102849931952535,0.6692000031471252,0.046774983406066895,79.13067011646926,0.1286263292607297
cot_0_02_flow_matching,ode-tsit5,time_mlp,slcp,0.6544900059700012,0.08255905820145391,0.617000013589859,0.046225011348724365,76.55161843625828,0.2836080424240551
cot_0_02_flow_matching,ode-tsit5,time_mlp,two_moons,0.5609450042247772,0.04850122554168774,0.550125002861023,0.04002499580383301,76.94847166361288,0.20580712679419905
cot_0_02_flow_matching,ode-tsit5,time_mlp,bernoulli_glm,0.5188449919223785,0.01137973948125713,0.5198249816894531,0.01124998927116394,77.6807696598582,0.3000317537076428
cot_0_02_flow_matching,ode-tsit5,time_mlp,slcp_distractors,0.650065004825592,0.08603725256779883,0.6092000007629395,0.03777498006820679,84.80952547173948,0.3867605281078812
cot_0_02_flow_matching,ode-tsit5,time_mlp,bernoulli_glm_raw,0.5164399981498718,0.006348532053754927,0.5158750116825104,0.00475001335144043,78.84276091521606,1.4263464445294773
cot_0_05_flow_matching,ode-tsit5,mlp,gaussian_mixture,0.7283200025558472,0.06920570367259585,0.7028249800205231,0.03602495789527893,38.296457891445606,0.1361105972061733
cot_0_05_flow_matching,ode-tsit5,mlp,sir,0.7107999980449676,0.06928707266986205,0.686849981546402,0.057475000619888306,37.882833391427994,0.2081077430171782
cot_0_05_flow_matching,ode-tsit5,mlp,gaussian_linear,0.5506850063800812,0.024532903624711725,0.5446500182151794,0.014174997806549072,37.49088349407539,0.1250225660122602
cot_0_05_flow_matching,ode-tsit5,mlp,gaussian_linear_uniform,0.5381700038909912,0.01670555615993566,0.5356750190258026,0.009350001811981201,38.02073980625719,0.11076936435348013
cot_0_05_flow_matching,ode-tsit5,mlp,lotka_volterra,0.8712400019168853,0.05381584049893888,0.8723500072956085,0.021825015544891357,37.47535098157823,0.06047838800293726
cot_0_05_flow_matching,ode-tsit5,mlp,slcp,0.732669997215271,0.08716186009561912,0.7050999999046326,0.053175002336502075,37.85111925676465,0.0757406199934474
cot_0_05_flow_matching,ode-tsit5,mlp,two_moons,0.7111200034618378,0.07717664743560546,0.7193500101566315,0.0719749927520752,38.267201211769134,0.08774541163049264
cot_0_05_flow_matching,ode-tsit5,mlp,bernoulli_glm,0.6160900115966796,0.08848137257850251,0.6176500022411346,0.0903249979019165,39.765601355955006,0.1925905170266338
cot_0_05_flow_matching,ode-tsit5,mlp,slcp_distractors,0.7495100021362304,0.09296499261032536,0.7115750014781952,0.071399986743927,37.15414816951379,0.10529370971033171
cot_0_05_flow_matching,ode-tsit5,mlp,bernoulli_glm_raw,0.5794500052928925,0.05168497467146355,0.5691249966621399,0.047149986028671265,37.763450843282044,0.1137881652518499
cot_0_05_flow_matching,ode-tsit5,time_mlp,gaussian_mixture,0.6603549957275391,0.0610050617178011,0.6435000002384186,0.046525001525878906,77.61069498667493,0.18056251815203486
cot_0_05_flow_matching,ode-tsit5,time_mlp,sir,0.6930400013923645,0.08547792376145998,0.6750249862670898,0.06744998693466187,79.62437125919386,0.19696148657595347
cot_0_05_flow_matching,ode-tsit5,time_mlp,gaussian_linear,0.5542050004005432,0.02690153160066822,0.5492500066757202,0.018299996852874756,78.36749938456342,0.16262827648374195
cot_0_05_flow_matching,ode-tsit5,time_mlp,gaussian_linear_uniform,0.5406650006771088,0.018360627081805588,0.5414000153541565,0.015599995851516724,78.76122161839157,0.16841566580478276
cot_0_05_flow_matching,ode-tsit5,time_mlp,lotka_volterra,0.7664499998092651,0.08327703604430153,0.7330749928951263,0.04702502489089966,77.40969195077196,0.11299597251036772
cot_0_05_flow_matching,ode-tsit5,time_mlp,slcp,0.687200003862381,0.0767100415753014,0.6616500020027161,0.04450002312660217,78.42315312037245,0.21327540105272833
cot_0_05_flow_matching,ode-tsit5,time_mlp,two_moons,0.6160799980163574,0.06347737476618791,0.6203749775886536,0.050999969244003296,78.04680383531377,0.1534681681441368
cot_0_05_flow_matching,ode-tsit5,time_mlp,bernoulli_glm,0.5642499983310699,0.04939428571023495,0.5657749772071838,0.044274985790252686,78.84404885452241,0.23273752697638309
cot_0_05_flow_matching,ode-tsit5,time_mlp,slcp_distractors,0.6713850021362304,0.09005163095998799,0.6486749947071075,0.06807497143745422,77.2434391236864,0.17176594046860497
cot_0_05_flow_matching,ode-tsit5,time_mlp,bernoulli_glm_raw,0.5376749992370605,0.02940354448713692,0.5311249792575836,0.024125009775161743,79.34643482174724,0.18149139595823122
cot_0_1_flow_matching,ode-tsit5,mlp,gaussian_mixture,0.7541149973869323,0.06898068627334647,0.7491250038146973,0.06217500567436218,37.18887953618541,0.12697554544452455
cot_0_1_flow_matching,ode-tsit5,mlp,sir,0.7357599914073945,0.07075248465266055,0.7089499831199646,0.05872499942779541,36.486605601292105,0.08683382750891148
cot_0_1_flow_matching,ode-tsit5,mlp,gaussian_linear,0.6079650163650513,0.03316806113343059,0.6024750173091888,0.02369999885559082,37.10101507892832,0.15266570515383532
cot_0_1_flow_matching,ode-tsit5,mlp,gaussian_linear_uniform,0.6055800020694733,0.027646220980068262,0.6059499979019165,0.019275009632110596,36.73518036510795,0.10911180256985972
cot_0_1_flow_matching,ode-tsit5,mlp,lotka_volterra,0.8901699960231781,0.05025065704684434,0.875900000333786,0.04822501540184021,36.79344789693132,0.12687667600240954
cot_0_1_flow_matching,ode-tsit5,mlp,slcp,0.7515200078487396,0.07836670884124809,0.7262000143527985,0.054750025272369385,36.33805533284321,0.12175922815864229
cot_0_1_flow_matching,ode-tsit5,mlp,two_moons,0.728849995136261,0.08580221673695779,0.721325010061264,0.06345000863075256,38.462718688417226,0.33360284635289483
cot_0_1_flow_matching,ode-tsit5,mlp,bernoulli_glm,0.6695400059223175,0.11214406345078887,0.6910500228404999,0.0989999771118164,37.64495434779674,0.05458912369922284
cot_0_1_flow_matching,ode-tsit5,mlp,slcp_distractors,0.7732400059700012,0.08111442378771569,0.7576999962329865,0.06697499752044678,37.2907089298591,0.11804024756690994
cot_0_1_flow_matching,ode-tsit5,mlp,bernoulli_glm_raw,0.6457750022411346,0.09567366067624157,0.6449500024318695,0.09797501564025879,37.9716277429834,0.23959567014885574
cot_0_1_flow_matching,ode-tsit5,time_mlp,gaussian_mixture,0.7129100084304809,0.06590656795050505,0.7005000114440918,0.05312499403953552,78.24164613336325,0.16658452323905798
cot_0_1_flow_matching,ode-tsit5,time_mlp,sir,0.7379300057888031,0.0783837831250544,0.7306750118732452,0.07562500238418579,76.61797910006717,0.30878008541401153
cot_0_1_flow_matching,ode-tsit5,time_mlp,gaussian_linear,0.6098550021648407,0.04106099526208699,0.6032249927520752,0.03564998507499695,77.29860176956281,0.13407855624244555
cot_0_1_flow_matching,ode-tsit5,time_mlp,gaussian_linear_uniform,0.609389990568161,0.03499404475790053,0.6076250076293945,0.02460002899169922,77.92315548881888,0.20467565217844066
cot_0_1_flow_matching,ode-tsit5,time_mlp,lotka_volterra,0.8151300072669982,0.08567300497742494,0.7854250073432922,0.06207498908042908,79.7938456652686,0.1730129205686767
cot_0_1_flow_matching,ode-tsit5,time_mlp,slcp,0.7176450014114379,0.054875970687829234,0.7236999869346619,0.05080002546310425,78.60025896560401,0.18198624739172434
cot_0_1_flow_matching,ode-tsit5,time_mlp,two_moons,0.666509997844696,0.0627085854927438,0.6391499936580658,0.045124977827072144,78.61008700095117,0.20140387248779282
cot_0_1_flow_matching,ode-tsit5,time_mlp,bernoulli_glm,0.6342199921607972,0.08469784683606577,0.6465249955654144,0.08004999160766602,77.66674220804126,0.13505473130345394
cot_0_1_flow_matching,ode-tsit5,time_mlp,slcp_distractors,0.704639995098114,0.04931113027422914,0.6972749829292297,0.038150012493133545,77.98032863223925,0.32443943175989226
cot_0_1_flow_matching,ode-tsit5,time_mlp,bernoulli_glm_raw,0.6119850039482116,0.08037607151764735,0.6070500016212463,0.08172500133514404,80.18796687750145,0.6943475656907555
cot_partial_flow_matching,ode-tsit5,mlp,gaussian_mixture,0.6993299841880798,0.08508007141009027,0.6836499869823456,0.07557499408721924,40.662959271669386,0.17392500527341787
cot_partial_flow_matching,ode-tsit5,mlp,sir,0.6158749997615814,0.07618786967573668,0.5792750120162964,0.038750022649765015,37.97328845094889,0.08771272782305878
cot_partial_flow_matching,ode-tsit5,mlp,gaussian_linear,0.5113600015640258,0.004848805885877786,0.510200023651123,0.0030249953269958496,37.50813413504511,0.12755780720162532
cot_partial_flow_matching,ode-tsit5,mlp,gaussian_linear_uniform,0.5130649983882904,0.004729802258342889,0.5133499801158905,0.0029999911785125732,37.27137101776898,0.14745119962851486
cot_partial_flow_matching,ode-tsit5,mlp,lotka_volterra,0.839964997768402,0.07541152777384115,0.8233749866485596,0.0352499783039093,36.92197166197002,0.10450623051784763
cot_partial_flow_matching,ode-tsit5,mlp,slcp,0.7134749948978424,0.08901202528694117,0.696274995803833,0.05667498707771301,37.61372990980745,0.1416413511667002
cot_partial_flow_matching,ode-tsit5,mlp,two_moons,0.6498999953269958,0.09275060132789692,0.646274983882904,0.051824986934661865,38.38404088206589,0.0664259437167695
cot_partial_flow_matching,ode-tsit5,mlp,bernoulli_glm,0.5899350047111511,0.07108673661651195,0.589599996805191,0.0668499767780304,37.68613414149731,0.14254136667933795
cot_partial_flow_matching,ode-tsit5,mlp,slcp_distractors,0.7777750015258789,0.10468087506511835,0.7566500008106232,0.10697498917579651,38.17493860935792,0.37192467752752423
cot_partial_flow_matching,ode-tsit5,mlp,bernoulli_glm_raw,0.5704999983310699,0.048201133440957056,0.5608499944210052,0.03832501173019409,37.803268442861736,0.11256277366747156
cot_partial_flow_matching,ode-tsit5,time_mlp,gaussian_mixture,0.6009249985218048,0.06680446111692365,0.5757250189781189,0.029825031757354736,76.93553376980125,0.23317852504313089
cot_partial_flow_matching,ode-tsit5,time_mlp,sir,0.5814449965953827,0.06512824223574704,0.5555749833583832,0.021225005388259888,82.58765482055023,1.5726395441080272
cot_partial_flow_matching,ode-tsit5,time_mlp,gaussian_linear,0.5139600038528442,0.009955514297451413,0.5115000009536743,0.005674988031387329,77.52990236645564,0.201956724809408
cot_partial_flow_matching,ode-tsit5,time_mlp,gaussian_linear_uniform,0.5085950016975402,0.008162724526942387,0.5065249800682068,0.004099994897842407,79.03534013191238,0.12379969105981571
cot_partial_flow_matching,ode-tsit5,time_mlp,lotka_volterra,0.7055649995803833,0.0950576018812185,0.6589750051498413,0.03327497839927673,78.25038352813571,0.1306058824711776
cot_partial_flow_matching,ode-tsit5,time_mlp,slcp,0.6541800022125244,0.07360916052525548,0.647350013256073,0.05025002360343933,78.89252337766811,0.19919996143406557
cot_partial_flow_matching,ode-tsit5,time_mlp,two_moons,0.5740899920463562,0.06116493916889719,0.5626999735832214,0.03847500681877136,78.6803599242121,0.15523631169812674
cot_partial_flow_matching,ode-tsit5,time_mlp,bernoulli_glm,0.5443800032138825,0.03663339077409397,0.5313750207424164,0.022050023078918457,85.33629004191607,0.4254105455647297
cot_partial_flow_matching,ode-tsit5,time_mlp,slcp_distractors,0.6591600000858306,0.08823619500345206,0.6360999941825867,0.053574979305267334,78.74454855248332,0.18016352638114416
cot_partial_flow_matching,ode-tsit5,time_mlp,bernoulli_glm_raw,0.5334299981594086,0.02441598542162831,0.5257500112056732,0.01502498984336853,77.66124148201197,0.14381711139209805
diffusion_edm_vp,ode-tsit5,mlp,gaussian_mixture,0.633569997549057,0.055524836388575555,0.6186499893665314,0.04422497749328613,52.63495517866686,1.1276086074832243
diffusion_edm_vp,ode-tsit5,mlp,sir,0.6180200040340423,0.08182678717644148,0.5782250165939331,0.030050009489059448,50.24390925364569,0.17057375736912894
diffusion_edm_vp,ode-tsit5,mlp,gaussian_linear,0.5050349980592728,0.0026059496344977774,0.5057249963283539,0.00279998779296875,50.90046119866893,0.15156373549802532
diffusion_edm_vp,ode-tsit5,mlp,gaussian_linear_uniform,0.506550008058548,0.0041675567988783664,0.5051000118255615,0.0023500025272369385,47.21015108618885,0.49176196063046396
diffusion_edm_vp,ode-tsit5,mlp,lotka_volterra,0.8530150175094604,0.059118233623156755,0.8694000244140625,0.05125001072883606,49.716021727118644,0.14012192582840544
diffusion_edm_vp,ode-tsit5,mlp,slcp,0.7035500049591065,0.08782235161935582,0.6914249956607819,0.06602498888969421,50.18652912536636,0.3213424927590997
diffusion_edm_vp,ode-tsit5,mlp,two_moons,0.5596599996089935,0.037871688325711445,0.5405249893665314,0.016674965620040894,48.577100194897504,0.2597978782549457
diffusion_edm_vp,ode-tsit5,mlp,bernoulli_glm,0.5973850131034851,0.0569164024166038,0.5956500172615051,0.056875020265579224,50.86091110818088,0.09311493556854072
diffusion_edm_vp,ode-tsit5,mlp,slcp_distractors,0.7258900046348572,0.09614095144267021,0.7106500267982483,0.0566750168800354,50.588470217119905,0.212006187157701
diffusion_edm_vp,ode-tsit5,mlp,bernoulli_glm_raw,0.5714899957180023,0.04055089452760031,0.5652999877929688,0.034074991941452026,49.73801025627181,0.11698540923020491
diffusion_edm_vp,ode-tsit5,time_mlp,gaussian_mixture,0.526939994096756,0.006226587919124126,0.5277999937534332,0.0029999911785125732,91.0887869768776,0.30352934365396417
diffusion_edm_vp,ode-tsit5,time_mlp,sir,0.5333349943161011,0.016554189149227926,0.5332249999046326,0.013449996709823608,89.88370124008506,0.4889643074819508
diffusion_edm_vp,ode-tsit5,time_mlp,gaussian_linear,0.5035050064325333,0.00338388986873441,0.5017250180244446,0.0014000236988067627,90.8467005350627,0.25161927780340054
diffusion_edm_vp,ode-tsit5,time_mlp,gaussian_linear_uniform,0.5156350076198578,0.003023818719736534,0.5164250135421753,0.0013000071048736572,90.94519462492318,0.2576483926966945
diffusion_edm_vp,ode-tsit5,time_mlp,lotka_volterra,0.7147250056266785,0.09361217674751877,0.683599978685379,0.040724992752075195,91.52015441842377,0.3903674587471614
diffusion_edm_vp,ode-tsit5,time_mlp,slcp,0.6500649988651276,0.09126306813372721,0.6264499723911285,0.061774998903274536,89.97440159767866,0.4732677137378853
diffusion_edm_vp,ode-tsit5,time_mlp,two_moons,0.5214150011539459,0.01412505111622654,0.5151999890804291,0.007524996995925903,89.04905199026689,0.13420978728321328
diffusion_edm_vp,ode-tsit5,time_mlp,bernoulli_glm,0.5201500177383422,0.0047273672811126944,0.5196750164031982,0.003049999475479126,92.15849346127361,0.2161282302534776
diffusion_edm_vp,ode-tsit5,time_mlp,slcp_distractors,0.6506850004196167,0.07510576100328739,0.6374000012874603,0.06882500648498535,90.41947826026008,0.47981515621860177
diffusion_edm_vp,ode-tsit5,time_mlp,bernoulli_glm_raw,0.520724993944168,0.006222824161833007,0.5198749899864197,0.0037999749183654785,89.61507211700082,0.2376056934606858
diffusion_edm_vp_ema,ode-tsit5,mlp,gaussian_mixture,0.6475800096988678,0.05200041626341428,0.6364750266075134,0.045775026082992554,50.0793608346954,0.16995293044950616
diffusion_edm_vp_ema,ode-tsit5,mlp,sir,0.6307200014591217,0.08416737316398169,0.5929999947547913,0.02847498655319214,49.561637197900566,0.1364027989145936
diffusion_edm_vp_ema,ode-tsit5,mlp,gaussian_linear,0.5035300016403198,0.003133940014245614,0.5020750015974045,0.0013250112533569336,51.09171832185238,0.15690215048225956
diffusion_edm_vp_ema,ode-tsit5,mlp,gaussian_linear_uniform,0.5065999925136566,0.003854156386229596,0.5066749751567841,0.0031999945640563965,49.900557352695614,0.15025782836512502
diffusion_edm_vp_ema,ode-tsit5,mlp,lotka_volterra,0.8653850078582763,0.07260705324389076,0.9047749936580658,0.029325008392333984,49.43503664312884,0.15778396681379941
diffusion_edm_vp_ema,ode-tsit5,mlp,slcp,0.7024150013923645,0.09829165141832018,0.6640499830245972,0.032649993896484375,49.615593928005545,0.1703284112145386
diffusion_edm_vp_ema,ode-tsit5,mlp,two_moons,0.5616750061511994,0.0470184272445196,0.5356750190258026,0.019199997186660767,49.98175505930558,0.05396809002763697
diffusion_edm_vp_ema,ode-tsit5,mlp,bernoulli_glm,0.6031500041484833,0.06000832080753847,0.6024500131607056,0.06225001811981201,49.4640750143677,0.13375561923552962
diffusion_edm_vp_ema,ode-tsit5,mlp,slcp_distractors,0.7278099834918976,0.08799203975668893,0.7110999822616577,0.04522499442100525,49.13369001727551,0.1578520440684768
diffusion_edm_vp_ema,ode-tsit5,mlp,bernoulli_glm_raw,0.5716299951076508,0.03677509461899198,0.5761500000953674,0.03397500514984131,49.67966366168112,0.13404747961776944
diffusion_edm_vp_ema,ode-tsit5,time_mlp,gaussian_mixture,0.5267250001430511,0.0072648591152795665,0.5278500020503998,0.0068750083446502686,89.91789508229121,0.3038553637786209
diffusion_edm_vp_ema,ode-tsit5,time_mlp,sir,0.5405800044536591,0.017427623526256743,0.5411500036716461,0.010149985551834106,91.13117481023073,0.225027930604559
diffusion_edm_vp_ema,ode-tsit5,time_mlp,gaussian_linear,0.5035099923610687,0.0021783933618770264,0.5034250020980835,0.001900017261505127,89.66942084543408,0.13561062653118364
diffusion_edm_vp_ema,ode-tsit5,time_mlp,gaussian_linear_uniform,0.5124449968338013,0.004725326513149123,0.5122750103473663,0.003949999809265137,91.84097974766046,0.22770160362687564
diffusion_edm_vp_ema,ode-tsit5,time_mlp,lotka_volterra,0.699370002746582,0.09137026664677839,0.6464000046253204,0.01842498779296875,97.44870918998495,1.7632940339342804
diffusion_edm_vp_ema,ode-tsit5,time_mlp,slcp,0.6325699925422669,0.06121216372636606,0.6171000003814697,0.027524977922439575,91.01497960342094,0.26355443320593397
diffusion_edm_vp_ema,ode-tsit5,time_mlp,two_moons,0.5172800064086914,0.013069055389588908,0.5107749998569489,0.004549980163574219,95.01241928329691,2.0455616663715506
diffusion_edm_vp_ema,ode-tsit5,time_mlp,bernoulli_glm,0.5187649965286255,0.005685764905995777,0.5185499787330627,0.002324998378753662,93.11499613495543,1.1470211964050128
diffusion_edm_vp_ema,ode-tsit5,time_mlp,slcp_distractors,0.6632050037384033,0.08561807210777737,0.6272749900817871,0.055074989795684814,88.67140089347959,0.22580593336711285
diffusion_edm_vp_ema,ode-tsit5,time_mlp,bernoulli_glm_raw,0.5228149890899658,0.008056736515465363,0.5222249925136566,0.0068750083446502686,88.87262244680896,0.18068544105764683
diffusion_edm_ve,ode-tsit5,mlp,gaussian_mixture,0.761394989490509,0.07072468333755415,0.7611999809741974,0.0693499743938446,50.0162258493714,0.12426917751547699
diffusion_edm_ve,ode-tsit5,mlp,sir,0.6465000033378601,0.040533871698608136,0.6439999938011169,0.018599987030029297,49.815478262677786,0.15172813593830592
diffusion_edm_ve,ode-tsit5,mlp,gaussian_linear,0.7920749902725219,0.007908003580430421,0.7898249924182892,0.003899991512298584,50.288072845246646,0.13722882784573145
diffusion_edm_ve,ode-tsit5,mlp,gaussian_linear_uniform,0.7852549970149993,0.013756200742146884,0.7841500043869019,0.0065499842166900635,47.95801871707663,0.9213739978406391
diffusion_edm_ve,ode-tsit5,mlp,lotka_volterra,0.8761650025844574,0.05160546579133017,0.8907999992370605,0.01622501015663147,49.53698157006875,0.1438169918913305
diffusion_edm_ve,ode-tsit5,mlp,slcp,0.8097949981689453,0.04317025422619594,0.8079250156879425,0.018474966287612915,50.646192093100396,0.12890086420241853
diffusion_edm_ve,ode-tsit5,mlp,two_moons,0.6418350040912628,0.0652514554325287,0.6200000047683716,0.029324978590011597,49.32454970292747,0.1284897879469752
diffusion_edm_ve,ode-tsit5,mlp,bernoulli_glm,0.8269150018692016,0.06796138731932665,0.830949991941452,0.06792500615119934,50.641916384361686,0.1316256345263935
diffusion_edm_ve,ode-tsit5,mlp,slcp_distractors,0.8068299949169159,0.04584483978228027,0.7963249981403351,0.020500004291534424,50.54920231187716,0.07531118856747254
diffusion_edm_ve,ode-tsit5,mlp,bernoulli_glm_raw,0.8251899957656861,0.06867085157756471,0.8317750096321106,0.06349998712539673,51.04437960218638,0.12867071415344697
diffusion_edm_ve,ode-tsit5,time_mlp,gaussian_mixture,0.6302000045776367,0.01685193346984258,0.628125011920929,0.014950007200241089,90.37225841553882,0.26007722728056615
diffusion_edm_ve,ode-tsit5,time_mlp,sir,0.6266900062561035,0.018787108238940607,0.6271250247955322,0.02204999327659607,90.70594921093434,0.27462122168619235
diffusion_edm_ve,ode-tsit5,time_mlp,gaussian_linear,0.8091449916362763,0.016333265382702068,0.8067499995231628,0.01237499713897705,90.04325555041433,0.27331632042784965
diffusion_edm_ve,ode-tsit5,time_mlp,gaussian_linear_uniform,0.777350002527237,0.01585337079147348,0.7767750024795532,0.013274997472763062,84.5767643011175,2.080930825227484
diffusion_edm_ve,ode-tsit5,time_mlp,lotka_volterra,0.7291100025177002,0.07647076366217793,0.691100001335144,0.020875006914138794,90.97209543948993,0.30085660301956374
diffusion_edm_ve,ode-tsit5,time_mlp,slcp,0.7902400016784668,0.0367805204837876,0.7985749840736389,0.03567501902580261,91.35077389795333,0.3755494223212916
diffusion_edm_ve,ode-tsit5,time_mlp,two_moons,0.6463550090789795,0.03412148092043712,0.6421500146389008,0.022900015115737915,88.74650474227965,0.30884770008925516
diffusion_edm_ve,ode-tsit5,time_mlp,bernoulli_glm,0.7499149918556214,0.045911557058976926,0.7459999918937683,0.04500001668930054,91.66629843171685,0.2501776785242475
diffusion_edm_ve,ode-tsit5,time_mlp,slcp_distractors,0.7901399910449982,0.027761924869273855,0.7941249907016754,0.022374987602233887,96.11766461990774,1.9181274617674078
diffusion_edm_ve,ode-tsit5,time_mlp,bernoulli_glm_raw,0.7444150030612946,0.048524651861531994,0.7424750030040741,0.04730001091957092,90.59505614861845,0.18622867800194443
diffusion_cosine_F,ode-tsit5,mlp,gaussian_mixture,0.632509994506836,0.05670073570949797,0.6266250014305115,0.06017500162124634,56.31633171085268,0.41309084487236275
diffusion_cosine_F,ode-tsit5,mlp,sir,0.6202250063419342,0.07820598503715234,0.584075003862381,0.018599987030029297,51.44242148529738,0.26462948709250556
diffusion_cosine_F,ode-tsit5,mlp,gaussian_linear,0.5031750112771988,0.002407096575718851,0.5027000159025192,0.0022249966859817505,51.12327882470563,0.2380501817257586
diffusion_cosine_F,ode-tsit5,mlp,gaussian_linear_uniform,0.505104997754097,0.0027872408961617137,0.5058999955654144,0.0021750032901763916,53.044034883659336,0.11148558154313971
diffusion_cosine_F,ode-tsit5,mlp,lotka_volterra,0.8489949941635132,0.06965981172518729,0.8434000015258789,0.04530000686645508,51.54365829573944,0.18000939995917478
diffusion_cosine_F,ode-tsit5,mlp,slcp,0.7402100026607513,0.09590270015592177,0.7253249883651733,0.09322500228881836,54.59733483670279,0.9381978795619058
diffusion_cosine_F,ode-tsit5,mlp,two_moons,0.5896399974822998,0.04878911384151362,0.5763500034809113,0.02852499485015869,51.247014890238646,0.1577390363035444
diffusion_cosine_F,ode-tsit5,mlp,bernoulli_glm,0.5652350127696991,0.04536075054110864,0.5565500259399414,0.03977501392364502,51.55477056466043,0.1527105899201965
diffusion_cosine_F,ode-tsit5,mlp,slcp_distractors,0.7799099981784821,0.07719034079677438,0.768975019454956,0.05814999341964722,56.722758589871226,0.15852062206410836
diffusion_cosine_F,ode-tsit5,mlp,bernoulli_glm_raw,0.5595749974250793,0.03779802704198797,0.5599000155925751,0.0392250120639801,51.77824591146782,0.1560060032568466
diffusion_cosine_F,ode-tsit5,time_mlp,gaussian_mixture,0.5260199964046478,0.013272176091608828,0.5239000022411346,0.011025011539459229,91.74467836590483,0.25459178822075923
diffusion_cosine_F,ode-tsit5,time_mlp,sir,0.5443700015544891,0.015505908443208248,0.5372500121593475,0.01077502965927124,92.20554385492578,0.20247742783687558
diffusion_cosine_F,ode-tsit5,time_mlp,gaussian_linear,0.5042799949645996,0.0025690695668820016,0.503724992275238,0.0013499855995178223,90.19015321489424,0.24123410311410845
diffusion_cosine_F,ode-tsit5,time_mlp,gaussian_linear_uniform,0.5060550034046173,0.003103096890056598,0.5057750046253204,0.0025250017642974854,91.69430395625531,0.2271564569288917
diffusion_cosine_F,ode-tsit5,time_mlp,lotka_volterra,0.7278050065040589,0.0721875417137233,0.6982000172138214,0.034074991941452026,92.90027690697461,0.24491887465410095
diffusion_cosine_F,ode-tsit5,time_mlp,slcp,0.6624150097370147,0.10283599669177941,0.5959500074386597,0.03232499957084656,90.56084144143388,0.08471300871920535
diffusion_cosine_F,ode-tsit5,time_mlp,two_moons,0.5143450021743774,0.009417966713261347,0.5170750021934509,0.007575005292892456,91.65845698602497,0.16638710636796278
diffusion_cosine_F,ode-tsit5,time_mlp,bernoulli_glm,0.5113200008869171,0.006719274286214045,0.5085999965667725,0.002499997615814209,91.12365735769272,0.18891539995826265
diffusion_cosine_F,ode-tsit5,time_mlp,slcp_distractors,0.6645400047302246,0.095379377188764,0.6152500212192535,0.03977501392364502,93.03956516319886,0.13609031573769992
diffusion_cosine_F,ode-tsit5,time_mlp,bernoulli_glm_raw,0.5162600040435791,0.008238193648018038,0.5151750147342682,0.005474984645843506,98.75393171077594,0.6417156614871394
diffusion_cosine_v,ode-tsit5,mlp,gaussian_mixture,0.6335850119590759,0.0550469268720349,0.6293500065803528,0.062249988317489624,48.4658929746598,0.2848052235472105
diffusion_cosine_v,ode-tsit5,mlp,sir,0.6062550067901611,0.0901095984285676,0.5659250020980835,0.04629999399185181,50.48106327559799,0.8244281402616555
diffusion_cosine_v,ode-tsit5,mlp,gaussian_linear,0.502744996547699,0.001825568960442957,0.5024499893188477,0.0008500069379806519,53.70870129037648,0.22764843253919678
diffusion_cosine_v,ode-tsit5,mlp,gaussian_linear_uniform,0.508065003156662,0.0056833148102548815,0.5074749886989594,0.003899991512298584,48.774561257194726,0.1439904537578864
diffusion_cosine_v,ode-tsit5,mlp,lotka_volterra,0.8523949980735779,0.05954776473527075,0.8496749997138977,0.05934998393058777,48.74998664362356,0.18633524961651068
diffusion_cosine_v,ode-tsit5,mlp,slcp,0.7117200076580048,0.09033259337750392,0.6804250180721283,0.05085000395774841,49.1522931327112,0.09512725452422956
diffusion_cosine_v,ode-tsit5,mlp,two_moons,0.5855199992656708,0.04989070409866811,0.5629499852657318,0.021424978971481323,48.779353506118056,0.16714830308282191
diffusion_cosine_v,ode-tsit5,mlp,bernoulli_glm,0.572139996290207,0.04369099871759828,0.5718249976634979,0.04324999451637268,47.47636932777241,0.14521489204248503
diffusion_cosine_v,ode-tsit5,mlp,slcp_distractors,0.7775550007820129,0.08669723422590407,0.765500009059906,0.06057503819465637,49.38082096902654,0.13919791735584267
diffusion_cosine_v,ode-tsit5,mlp,bernoulli_glm_raw,0.5568599998950958,0.030668677818798055,0.5603500008583069,0.027074992656707764,48.847343945596364,0.30360484979994506
diffusion_cosine_v,ode-tsit5,time_mlp,gaussian_mixture,0.5279149949550629,0.007721691899854172,0.525424987077713,0.0022250115871429443,87.9024187732488,0.22473205951396164
diffusion_cosine_v,ode-tsit5,time_mlp,sir,0.5404450058937073,0.018057072330856568,0.5318000018596649,0.009025007486343384,89.07808321993798,0.1866209743598082
diffusion_cosine_v,ode-tsit5,time_mlp,gaussian_linear,0.5028600037097931,0.001907723374815683,0.5025749802589417,0.0009750127792358398,87.77185058947653,0.2170868011489641
diffusion_cosine_v,ode-tsit5,time_mlp,gaussian_linear_uniform,0.5045400053262711,0.0028850191076068865,0.5044250190258026,0.0025749802589416504,89.54683544142172,0.2583393699943077
diffusion_cosine_v,ode-tsit5,time_mlp,lotka_volterra,0.7409850060939789,0.09463356457177502,0.7034749984741211,0.04749998450279236,89.54176095221192,0.34122292569532336
diffusion_cosine_v,ode-tsit5,time_mlp,slcp,0.6469399988651275,0.09917166422252824,0.5905250012874603,0.02557501196861267,91.79421711713076,1.4046604136782384
diffusion_cosine_v,ode-tsit5,time_mlp,two_moons,0.5083899945020676,0.0073024161205644915,0.5080749988555908,0.005899995565414429,90.39159711636603,0.23640386734643312
diffusion_cosine_v,ode-tsit5,time_mlp,bernoulli_glm,0.5131099879741668,0.007864123761439627,0.5102249979972839,0.005900025367736816,87.27104339189827,0.2542334779486807
diffusion_cosine_v,ode-tsit5,time_mlp,slcp_distractors,0.6370899915695191,0.09121264748260034,0.5824750065803528,0.018975019454956055,90.63741934197023,0.27456988377829955
diffusion_cosine_v,ode-tsit5,time_mlp,bernoulli_glm_raw,0.5167100071907044,0.004805910663600194,0.5163250267505646,0.003274977207183838,89.26906340327113,0.5310959864084528
diffusion_cosine_v_lw,ode-tsit5,mlp,gaussian_mixture,0.6514599919319153,0.05645107218113316,0.6358749866485596,0.042975008487701416,48.99958538236096,0.158529012440649
diffusion_cosine_v_lw,ode-tsit5,mlp,sir,0.6076000154018402,0.08541513548518398,0.5639750063419342,0.032424986362457275,48.953710560686886,0.15106310212159363
diffusion_cosine_v_lw,ode-tsit5,mlp,gaussian_linear,0.5029449969530105,0.0019505677129798978,0.5024749934673309,0.0010000020265579224,51.60186274284497,0.9114858983463572
diffusion_cosine_v_lw,ode-tsit5,mlp,gaussian_linear_uniform,0.5070749998092652,0.004456751033476544,0.5060249865055084,0.0014749765396118164,48.62789499694482,0.15880550842879435
diffusion_cosine_v_lw,ode-tsit5,mlp,lotka_volterra,0.8750199973583221,0.050901686164405734,0.8904999792575836,0.028950035572052002,48.01263880059123,0.16671601153874643
diffusion_cosine_v_lw,ode-tsit5,mlp,slcp,0.7237399995326996,0.1091201425936392,0.691100001335144,0.07475000619888306,49.20880510360003,0.13857069068165853
diffusion_cosine_v_lw,ode-tsit5,mlp,two_moons,0.5956900000572205,0.05202786170979381,0.5825749933719635,0.03424999117851257,49.43302770387381,0.14258852507653788
diffusion_cosine_v_lw,ode-tsit5,mlp,bernoulli_glm,0.5753699898719787,0.044937349736911644,0.5723250210285187,0.04789996147155762,50.801568501908335,1.004632309918001
diffusion_cosine_v_lw,ode-tsit5,mlp,slcp_distractors,0.744744998216629,0.08592423920914778,0.705700010061264,0.05197501182556152,49.07541974997148,0.11137555644728352
diffusion_cosine_v_lw,ode-tsit5,mlp,bernoulli_glm_raw,0.5543749988079071,0.02813115309934786,0.558899998664856,0.028874993324279785,48.63703299816698,0.18051177983158198
diffusion_cosine_v_lw,ode-tsit5,time_mlp,gaussian_mixture,0.5380149900913238,0.010238034712192179,0.5389750003814697,0.007524996995925903,88.81666472991928,0.41723704220847363
diffusion_cosine_v_lw,ode-tsit5,time_mlp,sir,0.540719997882843,0.017813419347755672,0.5344499945640564,0.01184999942779541,88.07707915976644,0.39329951736236674
diffusion_cosine_v_lw,ode-tsit5,time_mlp,gaussian_linear,0.5028399974107742,0.002481213164146653,0.5023999810218811,0.002124994993209839,88.42270483057946,0.1731084370888401
diffusion_cosine_v_lw,ode-tsit5,time_mlp,gaussian_linear_uniform,0.5058950006961822,0.002465809179287188,0.505174994468689,0.001149982213973999,89.00826699594036,0.29154476181692907
diffusion_cosine_v_lw,ode-tsit5,time_mlp,lotka_volterra,0.7270650029182434,0.07842937510995114,0.703650027513504,0.02770000696182251,90.20580996954814,0.2968538075922465
diffusion_cosine_v_lw,ode-tsit5,time_mlp,slcp,0.6502550065517425,0.09539395078243583,0.6144000291824341,0.05082499980926514,90.8618230190128,0.2729640475303515
diffusion_cosine_v_lw,ode-tsit5,time_mlp,two_moons,0.5251000046730041,0.012482141489129508,0.5292750000953674,0.009499996900558472,91.13029482234269,0.08819852995808139
diffusion_cosine_v_lw,ode-tsit5,time_mlp,bernoulli_glm,0.5139249980449676,0.005095650907995436,0.5141749978065491,0.00392499566078186,88.94423109143972,0.3169906069358979
diffusion_cosine_v_lw,ode-tsit5,time_mlp,slcp_distractors,0.6589049935340882,0.09677283248331983,0.6088750064373016,0.03792503476142883,88.8493437631987,0.21110833847202415
diffusion_cosine_v_lw,ode-tsit5,time_mlp,bernoulli_glm_raw,0.5195450007915496,0.006061614840296297,0.5194500088691711,0.004999995231628418,89.8520266010426,0.10233902534477123
diffusion_cosine_noise,ode-tsit5,mlp,gaussian_mixture,0.6387149930000305,0.05180486084671257,0.6393249928951263,0.04899999499320984,54.46055791620165,0.29894437282476954
diffusion_cosine_noise,ode-tsit5,mlp,sir,0.6328700065612793,0.08530637723793005,0.5933499932289124,0.02899998426437378,50.23779118694365,1.71037862136898
diffusion_cosine_noise,ode-tsit5,mlp,gaussian_linear,0.5134299993515015,0.008764707973487766,0.5128999948501587,0.005799978971481323,49.22946432996541,0.13720092301808545
diffusion_cosine_noise,ode-tsit5,mlp,gaussian_linear_uniform,0.5137649893760681,0.0036962792337573783,0.5137999951839447,0.003274977207183838,48.83691685758531,0.19992269872304083
diffusion_cosine_noise,ode-tsit5,mlp,lotka_volterra,0.8770650029182434,0.04971439476625513,0.8891250193119049,0.04460000991821289,50.20300753330812,1.127793150189527
diffusion_cosine_noise,ode-tsit5,mlp,slcp,0.7450999975204468,0.1017889736682183,0.7132749855518341,0.06742498278617859,49.60207299571484,0.1598584485716162
diffusion_cosine_noise,ode-tsit5,mlp,two_moons,0.5803649961948395,0.04483906482167707,0.5593999922275543,0.0263499915599823,48.91318843374029,0.17700424325878067
diffusion_cosine_noise,ode-tsit5,mlp,bernoulli_glm,0.5739149987697602,0.038700819375673,0.5651249885559082,0.03215000033378601,48.19510232321918,0.14858654126686768
diffusion_cosine_noise,ode-tsit5,mlp,slcp_distractors,0.7802600085735321,0.07499988476228037,0.7436000108718872,0.018275022506713867,49.36208390351385,0.25513754110632253
diffusion_cosine_noise,ode-tsit5,mlp,bernoulli_glm_raw,0.6154599964618683,0.020020933855325676,0.6203500032424927,0.012674987316131592,48.996392980590464,0.1473780235755894
diffusion_cosine_noise,ode-tsit5,time_mlp,gaussian_mixture,0.5764850020408631,0.006717367318319626,0.5784000158309937,0.00437501072883606,90.56168127125129,0.31188721486112103
diffusion_cosine_noise,ode-tsit5,time_mlp,sir,0.573927891254425,0.016123756489362234,0.5697000026702881,0.01192501187324524,89.55154572585597,0.30721196769297254
diffusion_cosine_noise,ode-tsit5,time_mlp,gaussian_linear,0.5705450057983399,0.009016915924297054,0.5695750117301941,0.007149994373321533,89.25036808187141,0.19051146138905617
diffusion_cosine_noise,ode-tsit5,time_mlp,gaussian_linear_uniform,0.5745449900627136,0.009750911345593452,0.5784749984741211,0.004500001668930054,91.9188727138564,3.2684209841518106
diffusion_cosine_noise,ode-tsit5,time_mlp,lotka_volterra,0.7326128005981445,0.10339749716610834,0.7065749764442444,0.04695001244544983,89.90790320355445,0.511249605136347
diffusion_cosine_noise,ode-tsit5,time_mlp,slcp,0.6986049950122833,0.07682180153470318,0.6725249886512756,0.03149998188018799,88.05235940404236,0.24190494176004854
diffusion_cosine_noise,ode-tsit5,time_mlp,two_moons,0.5418599933385849,0.024444705501868964,0.5408999919891357,0.020574986934661865,90.03661776678636,0.9917008859764215
diffusion_cosine_noise,ode-tsit5,time_mlp,bernoulli_glm,0.6118000090122223,0.021597523061745047,0.6070000231266022,0.003049999475479126,92.70171706043183,1.7622502178268917
diffusion_cosine_noise,ode-tsit5,time_mlp,slcp_distractors,0.7010899901390075,0.09413368395616911,0.6870749890804291,0.05300000309944153,88.96201362665742,0.7373167667303483
diffusion_cosine_noise,ode-tsit5,time_mlp,bernoulli_glm_raw,0.5795600056648255,0.011000836138021677,0.5785999894142151,0.010350018739700317,89.9948620133102,1.046992716669543
flow_matching,ode-rk45-adaptive,mlp,gaussian_mixture,0.6653700113296509,0.048724305902547525,0.673425018787384,0.04047498106956482,4.38760881042108,0.7037921411148329
flow_matching,ode-rk45-adaptive,mlp,sir,0.5978549957275391,0.05210842317660264,0.5735749900341034,0.018224984407424927,4.451775505486876,0.6876722092851973
flow_matching,ode-rk45-adaptive,mlp,gaussian_linear,0.503150001168251,0.002367278969648339,0.5036249756813049,0.0022749900817871094,4.402791080158204,0.6990314658207819
flow_matching,ode-rk45-adaptive,mlp,gaussian_linear_uniform,0.5097300052642822,0.004407955579556617,0.5082750022411346,0.0021999776363372803,4.4143305101431904,0.6838726881067293
flow_matching,ode-rk45-adaptive,mlp,lotka_volterra,0.8529650032520294,0.07128220345803851,0.8528249859809875,0.04062497615814209,4.4659232191741465,0.704047166591757
flow_matching,ode-rk45-adaptive,mlp,slcp,0.7508750081062316,0.09933592270432497,0.7212250232696533,0.060425013303756714,4.396570458263159,0.7037126216498995
flow_matching,ode-rk45-adaptive,mlp,two_moons,0.6317899942398071,0.059755838088477634,0.6293500065803528,0.04384997487068176,4.37918464532122,0.6953121832321539
flow_matching,ode-rk45-adaptive,mlp,bernoulli_glm,0.5576250076293945,0.03403696104318861,0.5589750111103058,0.034150004386901855,4.399633402191102,0.6919437310844235
flow_matching,ode-rk45-adaptive,mlp,slcp_distractors,0.7688349962234498,0.09331500127265034,0.7218500077724457,0.04250001907348633,4.4699334009550515,0.7008705524357791
flow_matching,ode-rk45-adaptive,mlp,bernoulli_glm_raw,0.5389100074768066,0.016295368312010828,0.5380249917507172,0.013000011444091797,4.506878480408341,0.6850673198680287
flow_matching,ode-rk45-adaptive,time_mlp,gaussian_mixture,0.5399200022220612,0.009183306967767355,0.5386250019073486,0.007124990224838257,8.5753411966376,0.6792214880481204
flow_matching,ode-rk45-adaptive,time_mlp,sir,0.5439900040626526,0.02317705219501044,0.5382750034332275,0.011500000953674316,8.484171288181097,0.6921611972116599
flow_matching,ode-rk45-adaptive,time_mlp,gaussian_linear,0.5030349999666214,0.0023316430040214034,0.5022999942302704,0.0013500005006790161,8.417140580620616,0.704712771910714
flow_matching,ode-rk45-adaptive,time_mlp,gaussian_linear_uniform,0.5055249959230423,0.0017265982379433137,0.5054000020027161,0.0011500120162963867,8.527432429231704,0.6962747866856462
flow_matching,ode-rk45-adaptive,time_mlp,lotka_volterra,0.7096700012683869,0.10424863083796851,0.6796000003814697,0.054549992084503174,8.517228698451072,0.6884033473011412
flow_matching,ode-rk45-adaptive,time_mlp,slcp,0.6379850089550019,0.0974510224397747,0.581125020980835,0.0221250057220459,8.492225586250424,0.7322778987317232
flow_matching,ode-rk45-adaptive,time_mlp,two_moons,0.519064998626709,0.010379403870030954,0.5168749988079071,0.006024986505508423,8.635403362475335,0.6805779375655545
flow_matching,ode-rk45-adaptive,time_mlp,bernoulli_glm,0.5119500041007996,0.005279301147629677,0.5108749866485596,0.003949970006942749,8.518508699256927,0.6669515414040794
flow_matching,ode-rk45-adaptive,time_mlp,slcp_distractors,0.6725250065326691,0.10286970603428529,0.6195749938488007,0.0477999746799469,8.620360952522606,0.6921216419021902
flow_matching,ode-rk45-adaptive,time_mlp,bernoulli_glm_raw,0.5136950075626373,0.005723341866130535,0.5131750106811523,0.0025500059127807617,8.341055121738464,0.6502317425348537
flow_matching_edm,ode-rk45-adaptive,mlp,gaussian_mixture,0.6504150032997131,0.04642472334263093,0.641400009393692,0.03760001063346863,4.409028077498078,0.651023204403231
flow_matching_edm,ode-rk45-adaptive,mlp,sir,0.5889699995517731,0.05529065743991777,0.5655499994754791,0.016950011253356934,4.42629254469648,0.6513365472544453
flow_matching_edm,ode-rk45-adaptive,mlp,gaussian_linear,0.5032599985599517,0.0018398136462978915,0.5026499927043915,0.0008250027894973755,4.4621165483258665,0.6960330251955048
flow_matching_edm,ode-rk45-adaptive,mlp,gaussian_linear_uniform,0.5082999885082244,0.0026643902486776128,0.5081499814987183,0.0022250115871429443,4.5903941130265595,0.750149294532883
flow_matching_edm,ode-rk45-adaptive,mlp,lotka_volterra,0.8211100161075592,0.08896026062335108,0.846750020980835,0.06667500734329224,4.372129354346543,0.6541223499448532
flow_matching_edm,ode-rk45-adaptive,mlp,slcp,0.704354989528656,0.10137315145196064,0.6670500040054321,0.057175010442733765,4.307205314561725,0.6501606298733613
flow_matching_edm,ode-rk45-adaptive,mlp,two_moons,0.5738199949264526,0.05501254559375748,0.566774994134903,0.03734999895095825,4.39738395344466,0.6541909472874811
flow_matching_edm,ode-rk45-adaptive,mlp,bernoulli_glm,0.5616300046443939,0.03576220660567865,0.5625250041484833,0.03540000319480896,4.380458571389317,0.6946574575734838
flow_matching_edm,ode-rk45-adaptive,mlp,slcp_distractors,0.7607100009918213,0.09047347384291062,0.7176500260829926,0.04119998216629028,4.240675589628518,0.6134159301460042
flow_matching_edm,ode-rk45-adaptive,mlp,bernoulli_glm_raw,0.5551250040531158,0.028368449190940916,0.5489999949932098,0.028324991464614868,4.422807608358562,0.6600970297314708
flow_matching_edm,ode-rk45-adaptive,time_mlp,gaussian_mixture,0.5419549942016602,0.006724935479451726,0.5430249869823456,0.002950012683868408,8.589841922186315,0.6757511459946022
flow_matching_edm,ode-rk45-adaptive,time_mlp,sir,0.5371450006961822,0.012873009222026206,0.5364499986171722,0.0030249953269958496,8.443437268957496,0.6371150909243087
flow_matching_edm,ode-rk45-adaptive,time_mlp,gaussian_linear,0.5037049978971482,0.0022015389122215573,0.5038750171661377,0.0019250363111495972,8.493962198961526,0.6691678182974801
flow_matching_edm,ode-rk45-adaptive,time_mlp,gaussian_linear_uniform,0.5062900066375733,0.003706254884985026,0.5060750246047974,0.0015000104904174805,8.53518364923075,0.6950735022864168
flow_matching_edm,ode-rk45-adaptive,time_mlp,lotka_volterra,0.6858600020408631,0.09229272585638648,0.6649749875068665,0.06527498364448547,8.698472179844975,0.6608133273195315
flow_matching_edm,ode-rk45-adaptive,time_mlp,slcp,0.623390007019043,0.08591432383171695,0.5748000144958496,0.026300013065338135,8.593337912950664,0.7067899858435914
flow_matching_edm,ode-rk45-adaptive,time_mlp,two_moons,0.5213100045919419,0.010617600884968527,0.520550012588501,0.0076499879360198975,7.7958001811988655,0.6335634140216119
flow_matching_edm,ode-rk45-adaptive,time_mlp,bernoulli_glm,0.5149900019168854,0.004151846441010515,0.5137250125408173,0.0013499855995178223,8.372873411513865,0.6455662698568004
flow_matching_edm,ode-rk45-adaptive,time_mlp,slcp_distractors,0.6528949975967407,0.08043456701476047,0.6494500041007996,0.05895000696182251,8.473590270709247,0.6935264339077658
flow_matching_edm,ode-rk45-adaptive,time_mlp,bernoulli_glm_raw,0.5153099954128265,0.004394879738015467,0.5151000022888184,0.0024499893188476562,8.42175355553627,0.6495148316999587
ot_flow_matching,ode-rk45-adaptive,mlp,gaussian_mixture,0.9074950039386749,0.02426660357004067,0.9088249802589417,0.018449991941452026,4.3638585226610305,0.6464376544044275
ot_flow_matching,ode-rk45-adaptive,mlp,sir,0.8981649994850158,0.024480635271528894,0.89512500166893,0.024774998426437378,4.4153562854975466,0.6658469091051795
ot_flow_matching,ode-rk45-adaptive,mlp,gaussian_linear,0.7718400001525879,0.04281441630908758,0.7629000246524811,0.04112499952316284,4.493084287922829,0.6636804743486932
ot_flow_matching,ode-rk45-adaptive,mlp,gaussian_linear_uniform,0.838640010356903,0.019548265009131562,0.8414250016212463,0.016474992036819458,4.423385689966381,0.6465631169539351
ot_flow_matching,ode-rk45-adaptive,mlp,lotka_volterra,0.979399996995926,0.010978736533138078,0.9813750088214874,0.006700009107589722,4.4139621431007985,0.6374040626664439
ot_flow_matching,ode-rk45-adaptive,mlp,slcp,0.881850004196167,0.043498624779430214,0.8819250166416168,0.05059999227523804,4.0684948050417,0.5816980354307867
ot_flow_matching,ode-rk45-adaptive,mlp,two_moons,0.883570009469986,0.04060626504312271,0.8647249937057495,0.02384999394416809,4.42593417968601,0.6562354753828065
ot_flow_matching,ode-rk45-adaptive,mlp,bernoulli_glm,0.9067950069904327,0.02945955689895175,0.9088500142097473,0.028199970722198486,4.427341121528298,0.670388969503057
ot_flow_matching,ode-rk45-adaptive,mlp,slcp_distractors,0.884550005197525,0.04228050883979318,0.8893750011920929,0.043074995279312134,4.4425186372362075,0.6648815688001525
ot_flow_matching,ode-rk45-adaptive,mlp,bernoulli_glm_raw,0.903914999961853,0.028378159310844774,0.9014750123023987,0.028299987316131592,4.393505661841482,0.639757739792931
ot_flow_matching,ode-rk45-adaptive,time_mlp,gaussian_mixture,0.9099349975585938,0.02400056061703405,0.9125500023365021,0.019574999809265137,8.512940028961747,0.62211528801002
ot_flow_matching,ode-rk45-adaptive,time_mlp,sir,0.8938099920749665,0.027061562617587916,0.8935000002384186,0.026350021362304688,8.586914918757975,0.6922555052985881
ot_flow_matching,ode-rk45-adaptive,time_mlp,gaussian_linear,0.7631649971008301,0.040323408501584994,0.7591750025749207,0.032799988985061646,8.526772129535676,0.6647785395182924
ot_flow_matching,ode-rk45-adaptive,time_mlp,gaussian_linear_uniform,0.8345300137996674,0.019416268817968044,0.8360750079154968,0.013624995946884155,8.434933089651167,0.656281449763843
ot_flow_matching,ode-rk45-adaptive,time_mlp,lotka_volterra,0.9609150052070617,0.01668422963489151,0.9546000063419342,0.01170000433921814,8.673540189303457,0.6613749079325615
ot_flow_matching,ode-rk45-adaptive,time_mlp,slcp,0.8654699981212616,0.041467403757219405,0.8729000091552734,0.029024988412857056,7.850933929812163,0.6239860391587114
ot_flow_matching,ode-rk45-adaptive,time_mlp,two_moons,0.8606449961662292,0.035548626035767424,0.8490999937057495,0.026625007390975952,8.402420759480446,0.6473382095759165
ot_flow_matching,ode-rk45-adaptive,time_mlp,bernoulli_glm,0.8915749907493591,0.02164742831197903,0.8962250053882599,0.0200749933719635,8.380994492676109,0.6746154055708042
ot_flow_matching,ode-rk45-adaptive,time_mlp,slcp_distractors,0.8637149930000305,0.03903785383412796,0.8725749850273132,0.029900014400482178,8.536298290640115,0.6737660470628538
ot_flow_matching,ode-rk45-adaptive,time_mlp,bernoulli_glm_raw,0.8911249935626984,0.024330443916377092,0.8959999978542328,0.023425012826919556,8.365117549523712,0.665479196625862
ot_partial_flow_matching,ode-rk45-adaptive,mlp,gaussian_mixture,0.9248399913311005,0.021543250005329546,0.925475001335144,0.017300009727478027,4.41329381428659,0.6556561805627739
ot_partial_flow_matching,ode-rk45-adaptive,mlp,sir,0.9199949979782105,0.021765137815538353,0.918749988079071,0.020175009965896606,4.384918865934014,0.6555081030821073
ot_partial_flow_matching,ode-rk45-adaptive,mlp,gaussian_linear,0.7869300007820129,0.05018221885108673,0.7840499877929688,0.03727501630783081,4.372064979933202,0.6819316546175122
ot_partial_flow_matching,ode-rk45-adaptive,mlp,gaussian_linear_uniform,0.8539949953556061,0.024760810400384456,0.8546749949455261,0.018849998712539673,4.489266378898174,0.671720971409049
ot_partial_flow_matching,ode-rk45-adaptive,mlp,lotka_volterra,0.9837249994277955,0.010205640101310653,0.9834499955177307,0.00830000638961792,4.196464585606009,0.5909823661507874
ot_partial_flow_matching,ode-rk45-adaptive,mlp,slcp,0.8911650061607361,0.04040908788085472,0.8913750052452087,0.03692498803138733,4.441006555128842,0.6613728422854521
ot_partial_flow_matching,ode-rk45-adaptive,mlp,two_moons,0.9019850075244904,0.03457720166773155,0.8850499987602234,0.02069997787475586,4.323068851605058,0.6737591776604736
ot_partial_flow_matching,ode-rk45-adaptive,mlp,bernoulli_glm,0.9184750020503998,0.038301372557001924,0.9197750091552734,0.03812500834465027,4.437433728575707,0.6523429134424146
ot_partial_flow_matching,ode-rk45-adaptive,mlp,slcp_distractors,0.8993350028991699,0.03995641746301871,0.9118750095367432,0.03690001368522644,4.4553243174217645,0.675166135610823
ot_partial_flow_matching,ode-rk45-adaptive,mlp,bernoulli_glm_raw,0.9179050087928772,0.03770517289160481,0.9184250235557556,0.036825031042099,4.470688616856933,0.694720461425824
ot_partial_flow_matching,ode-rk45-adaptive,time_mlp,gaussian_mixture,0.926654988527298,0.020723736473584047,0.9270749986171722,0.015574991703033447,8.357463808823377,0.6507495631668012
ot_partial_flow_matching,ode-rk45-adaptive,time_mlp,sir,0.9163300037384033,0.02348517481548502,0.9212999939918518,0.02294999361038208,8.418950885068625,0.6570583108563589
ot_partial_flow_matching,ode-rk45-adaptive,time_mlp,gaussian_linear,0.7832199990749359,0.050902804084740814,0.7739000022411346,0.04727497696876526,8.523494525626301,0.6872765176534209
ot_partial_flow_matching,ode-rk45-adaptive,time_mlp,gaussian_linear_uniform,0.8514750003814697,0.023976003624138584,0.8524999916553497,0.018399983644485474,8.50044622477144,0.6426512265242279
ot_partial_flow_matching,ode-rk45-adaptive,time_mlp,lotka_volterra,0.9699000000953675,0.01656979227481991,0.9679499864578247,0.014824986457824707,8.636235085316002,0.7202763988265416
ot_partial_flow_matching,ode-rk45-adaptive,time_mlp,slcp,0.8803499937057495,0.03762615052233061,0.8793749809265137,0.032725006341934204,8.70802611084655,0.6769603720958328
ot_partial_flow_matching,ode-rk45-adaptive,time_mlp,two_moons,0.8831200003623962,0.03383448347292894,0.8738749921321869,0.026000022888183594,8.701847844664007,0.6964526355696676
ot_partial_flow_matching,ode-rk45-adaptive,time_mlp,bernoulli_glm,0.9080600023269654,0.03850379138186043,0.9079500138759613,0.040550023317337036,7.983810617215932,0.589300784695452
ot_partial_flow_matching,ode-rk45-adaptive,time_mlp,slcp_distractors,0.8788450062274933,0.036178145589897605,0.8808000087738037,0.0298750102519989,8.601853009313345,0.6700501847329403
ot_partial_flow_matching,ode-rk45-adaptive,time_mlp,bernoulli_glm_raw,0.9065549969673157,0.0395673082027092,0.9050249755382538,0.0372999906539917,8.407992181368172,0.6892484764853831
cot_flow_matching,ode-rk45-adaptive,mlp,gaussian_mixture,0.6845750093460083,0.06695974347618439,0.6722000241279602,0.06225001811981201,4.430360363423825,0.69014385415352
cot_flow_matching,ode-rk45-adaptive,mlp,sir,0.6051499962806701,0.067360828038491,0.5679250061511993,0.02527502179145813,4.440772967599332,0.6973413517255382
cot_flow_matching,ode-rk45-adaptive,mlp,gaussian_linear,0.5050899922847748,0.0039176324531239115,0.504399985074997,0.003224998712539673,4.681712776049972,0.7715523324965313
cot_flow_matching,ode-rk45-adaptive,mlp,gaussian_linear_uniform,0.5078900039196015,0.004004107732368154,0.507750004529953,0.0025250017642974854,4.20110605340451,0.6010381362936292
cot_flow_matching,ode-rk45-adaptive,mlp,lotka_volterra,0.8508199989795685,0.05585291065500493,0.8521499931812286,0.03697499632835388,4.415794716961682,0.6451870161750338
cot_flow_matching,ode-rk45-adaptive,mlp,slcp,0.7237049996852875,0.10441283910121156,0.6714249849319458,0.060424983501434326,4.401891847047954,0.6518314952074907
cot_flow_matching,ode-rk45-adaptive,mlp,two_moons,0.6424049973487854,0.07306561555427141,0.6413249969482422,0.03087499737739563,4.426308166980744,0.6691142799572968
cot_flow_matching,ode-rk45-adaptive,mlp,bernoulli_glm,0.554480004310608,0.03324868388016052,0.550475001335144,0.03072500228881836,4.447465530131012,0.6532027662631158
cot_flow_matching,ode-rk45-adaptive,mlp,slcp_distractors,0.7635299980640411,0.10496472535300845,0.7175500094890594,0.06555002927780151,4.401749072782695,0.6863357328453965
cot_flow_matching,ode-rk45-adaptive,mlp,bernoulli_glm_raw,0.5436649918556213,0.015246209312550992,0.5437749922275543,0.015074998140335083,4.198114124312997,0.7036179287896749
cot_flow_matching,ode-rk45-adaptive,time_mlp,gaussian_mixture,0.5661950051784516,0.03588985488311323,0.5517500042915344,0.02232500910758972,8.588042053952814,0.7077155737497435
cot_flow_matching,ode-rk45-adaptive,time_mlp,sir,0.5734200060367585,0.054466635792827844,0.5545249879360199,0.02787497639656067,9.078960483241826,0.6051063946975517
cot_flow_matching,ode-rk45-adaptive,time_mlp,gaussian_linear,0.5034700036048889,0.0017638243262968409,0.5027750134468079,0.000974997878074646,8.48303537638858,0.7222219508893194
cot_flow_matching,ode-rk45-adaptive,time_mlp,gaussian_linear_uniform,0.504295003414154,0.0032801280163797255,0.5033500045537949,0.0027250051498413086,8.968131545837968,0.7027977544196164
cot_flow_matching,ode-rk45-adaptive,time_mlp,lotka_volterra,0.6905350029468537,0.08928016493508059,0.6597999930381775,0.03805002570152283,8.594466485083103,0.6732321477683737
cot_flow_matching,ode-rk45-adaptive,time_mlp,slcp,0.6354600071907044,0.09500118397869785,0.5861749947071075,0.03327497839927673,8.588853160198777,0.6727319787694124
cot_flow_matching,ode-rk45-adaptive,time_mlp,two_moons,0.5529750049114227,0.040610879147168454,0.5439749956130981,0.03287497162818909,8.60098125524819,0.7065825427643598
cot_flow_matching,ode-rk45-adaptive,time_mlp,bernoulli_glm,0.5108150035142899,0.006505001862653018,0.5114500224590302,0.005474984645843506,8.45096675902605,0.6859735542507356
cot_flow_matching,ode-rk45-adaptive,time_mlp,slcp_distractors,0.6349200069904327,0.08924077119042151,0.5782000124454498,0.029300004243850708,8.351897354144603,0.6440346726531777
cot_flow_matching,ode-rk45-adaptive,time_mlp,bernoulli_glm_raw,0.5150950014591217,0.007451192368589374,0.5164250135421753,0.004624992609024048,8.466579314693808,0.689784086854918
cot_0_02_flow_matching,ode-rk45-adaptive,mlp,gaussian_mixture,0.7066500008106231,0.06882192028032383,0.679625004529953,0.04375001788139343,4.744522087275982,0.7592153414071761
cot_0_02_flow_matching,ode-rk45-adaptive,mlp,sir,0.6349800109863282,0.08391066071576866,0.6006750166416168,0.04610002040863037,4.411786223389209,0.7012192336064436
cot_0_02_flow_matching,ode-rk45-adaptive,mlp,gaussian_linear,0.5097500026226044,0.0056822486664742005,0.5073750019073486,0.0031000077724456787,4.675211825221777,0.7441427839464612
cot_0_02_flow_matching,ode-rk45-adaptive,mlp,gaussian_linear_uniform,0.5098799943923951,0.004901633481952984,0.5107499957084656,0.002575010061264038,4.487150383088737,0.6688520633497264
cot_0_02_flow_matching,ode-rk45-adaptive,mlp,lotka_volterra,0.8583899974822998,0.05493821379769566,0.8537249863147736,0.03764998912811279,4.426714470982551,0.6547343407817267
cot_0_02_flow_matching,ode-rk45-adaptive,mlp,slcp,0.7198749959468842,0.09156600124192321,0.6685499846935272,0.035050004720687866,4.451690696459264,0.6922890623814619
cot_0_02_flow_matching,ode-rk45-adaptive,mlp,two_moons,0.6479750037193298,0.07075539169467737,0.6522749960422516,0.04565000534057617,4.844034360535443,0.7716092155613569
cot_0_02_flow_matching,ode-rk45-adaptive,mlp,bernoulli_glm,0.5656800091266632,0.04795675422374202,0.563275009393692,0.045725017786026,4.438083241134882,0.6688281788415383
cot_0_02_flow_matching,ode-rk45-adaptive,mlp,slcp_distractors,0.7508950054645538,0.08881589944124402,0.7154749929904938,0.05985000729560852,4.491419766843319,0.685898442232253
cot_0_02_flow_matching,ode-rk45-adaptive,mlp,bernoulli_glm_raw,0.5475200057029724,0.022406106684431975,0.5489999949932098,0.02037501335144043,4.385107569675893,0.6817795819409268
cot_0_02_flow_matching,ode-rk45-adaptive,time_mlp,gaussian_mixture,0.5892850041389466,0.04501804532961108,0.5745750069618225,0.030474990606307983,8.577459755167364,0.6859773415001593
cot_0_02_flow_matching,ode-rk45-adaptive,time_mlp,sir,0.6060449838638305,0.0932820076261524,0.5776249766349792,0.04217499494552612,8.610679357033224,0.6610545860071676
cot_0_02_flow_matching,ode-rk45-adaptive,time_mlp,gaussian_linear,0.5100099980831146,0.009031190092309776,0.5063000023365021,0.003425002098083496,8.54445998519659,0.6878077126685135
cot_0_02_flow_matching,ode-rk45-adaptive,time_mlp,gaussian_linear_uniform,0.5046700000762939,0.0020771621516874296,0.5046750009059906,0.0015250146389007568,8.494004372414201,0.6638667961999206
cot_0_02_flow_matching,ode-rk45-adaptive,time_mlp,lotka_volterra,0.7196850001811981,0.10263526153523732,0.669050008058548,0.047600001096725464,8.621287415456028,0.7101085191366461
cot_0_02_flow_matching,ode-rk45-adaptive,time_mlp,slcp,0.6554250061511994,0.0827913689933409,0.6146500110626221,0.041550010442733765,8.365084723569453,0.6465346335257354
cot_0_02_flow_matching,ode-rk45-adaptive,time_mlp,two_moons,0.562214994430542,0.04832068912722661,0.5531499981880188,0.04277500510215759,8.38459591269493,0.7092571770536121
cot_0_02_flow_matching,ode-rk45-adaptive,time_mlp,bernoulli_glm,0.5212900042533875,0.013177655253225133,0.5198749899864197,0.011649996042251587,8.455552526190877,0.6868394092433063
cot_0_02_flow_matching,ode-rk45-adaptive,time_mlp,slcp_distractors,0.6469199955463409,0.08642335903212486,0.6085749864578247,0.04364997148513794,9.320368994027376,0.790700749278686
cot_0_02_flow_matching,ode-rk45-adaptive,time_mlp,bernoulli_glm_raw,0.5172449946403503,0.0056765503330820245,0.5172750055789948,0.004124999046325684,8.647717150487006,0.9218474608468067
cot_0_05_flow_matching,ode-rk45-adaptive,mlp,gaussian_mixture,0.7287499904632568,0.07015987186007491,0.7004999816417694,0.03712499141693115,4.5467228151857855,0.7079130957698104
cot_0_05_flow_matching,ode-rk45-adaptive,mlp,sir,0.711630004644394,0.07037382395503711,0.6919249892234802,0.061024993658065796,4.489453345816583,0.6339896671803029
cot_0_05_flow_matching,ode-rk45-adaptive,mlp,gaussian_linear,0.5491250097751618,0.02304828990417788,0.5435250103473663,0.017325013875961304,4.419718005601316,0.6777449148289031
cot_0_05_flow_matching,ode-rk45-adaptive,mlp,gaussian_linear_uniform,0.5363150060176849,0.01605143207597862,0.5357249975204468,0.012900024652481079,4.494250554591417,0.6933950091432494
cot_0_05_flow_matching,ode-rk45-adaptive,mlp,lotka_volterra,0.8701200008392334,0.05369989541327395,0.8697249889373779,0.021799981594085693,4.413041027821601,0.647236256364885
cot_0_05_flow_matching,ode-rk45-adaptive,mlp,slcp,0.7327849984169006,0.08691828320411421,0.7102999985218048,0.05169999599456787,4.461914559453726,0.6872355685969471
cot_0_05_flow_matching,ode-rk45-adaptive,mlp,two_moons,0.7064899981021882,0.08399037398050271,0.7263999879360199,0.06994998455047607,4.572067234665155,0.7120820074685565
cot_0_05_flow_matching,ode-rk45-adaptive,mlp,bernoulli_glm,0.6124050080776214,0.0852574850929633,0.6170250177383423,0.08555001020431519,4.776600412651897,0.7665098151522451
cot_0_05_flow_matching,ode-rk45-adaptive,mlp,slcp_distractors,0.7509750008583069,0.09208787310379252,0.7141999900341034,0.07077500224113464,4.379985132906586,0.651534849251279
cot_0_05_flow_matching,ode-rk45-adaptive,mlp,bernoulli_glm_raw,0.5786550045013428,0.05290949889857866,0.5647500157356262,0.04475000500679016,4.487551975995302,0.7197380948493571
cot_0_05_flow_matching,ode-rk45-adaptive,time_mlp,gaussian_mixture,0.6590700089931488,0.06098860537820768,0.6451750099658966,0.05322501063346863,8.469125866144896,0.6860266532791329
cot_0_05_flow_matching,ode-rk45-adaptive,time_mlp,sir,0.6917549967765808,0.08618679587783903,0.6748749911785126,0.06927502155303955,8.729986204672604,0.6820785983376635
cot_0_05_flow_matching,ode-rk45-adaptive,time_mlp,gaussian_linear,0.5549950063228607,0.031090887829577418,0.5469000041484833,0.021724998950958252,8.538719303254037,0.687874019838439
cot_0_05_flow_matching,ode-rk45-adaptive,time_mlp,gaussian_linear_uniform,0.540040010213852,0.018958701282506964,0.5357750058174133,0.013475000858306885,8.599721116013825,0.6894225101174496
cot_0_05_flow_matching,ode-rk45-adaptive,time_mlp,lotka_volterra,0.7650399923324585,0.08533628352171314,0.7309999763965607,0.047600001096725464,8.414073354937136,0.6713415682506744
cot_0_05_flow_matching,ode-rk45-adaptive,time_mlp,slcp,0.6878400027751923,0.0761833824914046,0.6648249924182892,0.04309996962547302,8.555983210355043,0.6964825563286577
cot_0_05_flow_matching,ode-rk45-adaptive,time_mlp,two_moons,0.616384994983673,0.06442907442952607,0.6208750009536743,0.05470001697540283,8.50336270853877,0.6699388579857468
cot_0_05_flow_matching,ode-rk45-adaptive,time_mlp,bernoulli_glm,0.5684050023555756,0.04648554232825421,0.5689250230789185,0.04937499761581421,8.591844817623496,0.7168546678407933
cot_0_05_flow_matching,ode-rk45-adaptive,time_mlp,slcp_distractors,0.6677049994468689,0.09326066791722702,0.6416749954223633,0.06947499513626099,8.410703467670828,0.6497986320925891
cot_0_05_flow_matching,ode-rk45-adaptive,time_mlp,bernoulli_glm_raw,0.5398549973964691,0.02920989286482294,0.5328750014305115,0.02372497320175171,8.659856325294822,0.6910651603781566
cot_0_1_flow_matching,ode-rk45-adaptive,mlp,gaussian_mixture,0.7521099984645844,0.0700387083308619,0.7469750046730042,0.06357499957084656,4.393627955205739,0.7138940704858001
cot_0_1_flow_matching,ode-rk45-adaptive,mlp,sir,0.7375999987125397,0.0700124437743445,0.7113749980926514,0.058624982833862305,4.3263546660542485,0.7159298022654326
cot_0_1_flow_matching,ode-rk45-adaptive,mlp,gaussian_linear,0.6049999892711639,0.035559679430343265,0.5968250036239624,0.031075000762939453,4.393211746495217,0.7075684159336002
cot_0_1_flow_matching,ode-rk45-adaptive,mlp,gaussian_linear_uniform,0.6072249948978424,0.02829792705803868,0.6064999997615814,0.02157500386238098,4.349097880162299,0.7223742830535478
cot_0_1_flow_matching,ode-rk45-adaptive,mlp,lotka_volterra,0.8887600004673004,0.0512172073507221,0.8739500045776367,0.048350006341934204,4.349158610031009,0.6680227140696687
cot_0_1_flow_matching,ode-rk45-adaptive,mlp,slcp,0.7506750047206878,0.07773504636812027,0.7313500046730042,0.05082499980926514,4.288463940471411,0.6699785690047222
cot_0_1_flow_matching,ode-rk45-adaptive,mlp,two_moons,0.7297849953174591,0.08219661617293451,0.7185499966144562,0.0629500150680542,4.580349394213409,0.7085254021995571
cot_0_1_flow_matching,ode-rk45-adaptive,mlp,bernoulli_glm,0.6659250020980835,0.11639116310141377,0.6814999878406525,0.11127501726150513,4.459199987072497,0.6892556665875594
cot_0_1_flow_matching,ode-rk45-adaptive,mlp,slcp_distractors,0.7733700037002563,0.08334125929809846,0.7588750123977661,0.07012501358985901,4.414134496916086,0.697232927064019
cot_0_1_flow_matching,ode-rk45-adaptive,mlp,bernoulli_glm_raw,0.645974999666214,0.09522051469325431,0.6517750024795532,0.0954500138759613,4.470418075378984,0.7007785918971172
cot_0_1_flow_matching,ode-rk45-adaptive,time_mlp,gaussian_mixture,0.7138249993324279,0.06428452567740393,0.7041999995708466,0.055575013160705566,8.507755095604807,0.682853583879184
cot_0_1_flow_matching,ode-rk45-adaptive,time_mlp,sir,0.738115006685257,0.07807549047716837,0.7294999957084656,0.07307499647140503,8.375553938280792,0.645884286913502
cot_0_1_flow_matching,ode-rk45-adaptive,time_mlp,gaussian_linear,0.6096250057220459,0.03903415054299939,0.6020500063896179,0.035899996757507324,8.410279965214432,0.6328311301512736
cot_0_1_flow_matching,ode-rk45-adaptive,time_mlp,gaussian_linear_uniform,0.6114299952983856,0.0335039257634183,0.6158249974250793,0.02529999613761902,8.509841875173151,0.6779535541179577
cot_0_1_flow_matching,ode-rk45-adaptive,time_mlp,lotka_volterra,0.8144250035285949,0.08599952662829692,0.7888249754905701,0.060950011014938354,8.689108262956143,0.6762300560319402
cot_0_1_flow_matching,ode-rk45-adaptive,time_mlp,slcp,0.717484998703003,0.054895555081314364,0.7265750169754028,0.04524996876716614,8.581309309601783,0.700511592630319
cot_0_1_flow_matching,ode-rk45-adaptive,time_mlp,two_moons,0.664849990606308,0.06303909351651106,0.6401749849319458,0.044349998235702515,8.580654500424862,0.7060482915574504
cot_0_1_flow_matching,ode-rk45-adaptive,time_mlp,bernoulli_glm,0.629324996471405,0.08237696244829386,0.6450999975204468,0.07102501392364502,8.50542235383764,0.6997878005336895
cot_0_1_flow_matching,ode-rk45-adaptive,time_mlp,slcp_distractors,0.7038749992847443,0.049298491303172355,0.6967249810695648,0.0359250009059906,8.497397783119231,0.6489215872458421
cot_0_1_flow_matching,ode-rk45-adaptive,time_mlp,bernoulli_glm_raw,0.61147500872612,0.07930808498185227,0.6063250005245209,0.08009999990463257,8.784847593586893,0.5834907769972948
cot_partial_flow_matching,ode-rk45-adaptive,mlp,gaussian_mixture,0.6988549888134002,0.08349927476625224,0.6786749958992004,0.06800001859664917,4.860320691391825,0.7668538605900846
cot_partial_flow_matching,ode-rk45-adaptive,mlp,sir,0.6157649993896485,0.07581418579705282,0.5744499862194061,0.028449982404708862,4.4882878080941735,0.7108347572719402
cot_partial_flow_matching,ode-rk45-adaptive,mlp,gaussian_linear,0.5123550057411194,0.005617137871036197,0.511599987745285,0.003024965524673462,4.44146470753476,0.6657053537467703
cot_partial_flow_matching,ode-rk45-adaptive,mlp,gaussian_linear_uniform,0.5109749972820282,0.0034433462223968222,0.5111500024795532,0.0034499764442443848,4.3926875499077145,0.6583262687630586
cot_partial_flow_matching,ode-rk45-adaptive,mlp,lotka_volterra,0.8407450020313263,0.07515907817322598,0.8247999846935272,0.03702497482299805,4.376438354421407,0.6793044580597141
cot_partial_flow_matching,ode-rk45-adaptive,mlp,slcp,0.7112599968910217,0.09015421686931538,0.6899749934673309,0.05849999189376831,4.456176447868347,0.6985611941685047
cot_partial_flow_matching,ode-rk45-adaptive,mlp,two_moons,0.6492349922657012,0.09153127349327234,0.6451499760150909,0.05962499976158142,4.518006635922939,0.6765588276239358
cot_partial_flow_matching,ode-rk45-adaptive,mlp,bernoulli_glm,0.5944350004196167,0.070541405177738,0.5903249979019165,0.06384998559951782,4.436596768535674,0.6621380852171916
cot_partial_flow_matching,ode-rk45-adaptive,mlp,slcp_distractors,0.7740599930286407,0.10664506634428102,0.7511749863624573,0.10490000247955322,4.528132228832692,0.7060821810205437
cot_partial_flow_matching,ode-rk45-adaptive,mlp,bernoulli_glm_raw,0.5700800001621247,0.05103765257729842,0.560699999332428,0.04007500410079956,4.464190047699958,0.6834627547423905
cot_partial_flow_matching,ode-rk45-adaptive,time_mlp,gaussian_mixture,0.6024649918079377,0.06725677420565247,0.576324999332428,0.02695000171661377,8.388282153010369,0.6191360209225658
cot_partial_flow_matching,ode-rk45-adaptive,time_mlp,sir,0.5839550077915192,0.06346272540152022,0.5587249994277954,0.02059999108314514,9.131518583558499,0.886040060518981
cot_partial_flow_matching,ode-rk45-adaptive,time_mlp,gaussian_linear,0.5147100031375885,0.010331720174900291,0.5112249851226807,0.004575014114379883,8.481230405159295,0.701878494511592
cot_partial_flow_matching,ode-rk45-adaptive,time_mlp,gaussian_linear_uniform,0.507410004734993,0.005694028971776349,0.5053499937057495,0.002724975347518921,8.630101809836924,0.6668939235041937
cot_partial_flow_matching,ode-rk45-adaptive,time_mlp,lotka_volterra,0.7067200005054474,0.09400059079643282,0.6610250174999237,0.03299999237060547,8.50347342332825,0.6673322821985934
cot_partial_flow_matching,ode-rk45-adaptive,time_mlp,slcp,0.6542649924755096,0.07474943819478098,0.6466749906539917,0.05517500638961792,8.58983213827014,0.6656479146511167
cot_partial_flow_matching,ode-rk45-adaptive,time_mlp,two_moons,0.5733049988746644,0.0613147311626102,0.56147500872612,0.041175007820129395,8.57836480056867,0.7026338140540302
cot_partial_flow_matching,ode-rk45-adaptive,time_mlp,bernoulli_glm,0.5423549950122833,0.03996224095553893,0.529574990272522,0.022549986839294434,9.34696151446551,0.7450392017423214
cot_partial_flow_matching,ode-rk45-adaptive,time_mlp,slcp_distractors,0.6584550023078919,0.08893864083648308,0.6334750056266785,0.05500000715255737,8.574655365943908,0.6649605668007884
cot_partial_flow_matching,ode-rk45-adaptive,time_mlp,bernoulli_glm_raw,0.5324000000953675,0.023905743763696224,0.5271750092506409,0.017750024795532227,8.476262272987515,0.6663765667107479
diffusion_edm_vp,ode-rk45-adaptive,mlp,gaussian_mixture,0.6349350035190582,0.05612356603523237,0.6206749975681305,0.047149986028671265,6.0061362775042655,0.5075136419057363
diffusion_edm_vp,ode-rk45-adaptive,mlp,sir,0.6192499995231628,0.0800787711759384,0.584075003862381,0.030699998140335083,5.70549661424011,0.41663679923930463
diffusion_edm_vp,ode-rk45-adaptive,mlp,gaussian_linear,0.5049550026655197,0.0037019810415304024,0.5039750039577484,0.0020249783992767334,5.757393922843039,0.41345343884103414
diffusion_edm_vp,ode-rk45-adaptive,mlp,gaussian_linear_uniform,0.5062400043010712,0.0027954278674951353,0.5050750076770782,0.0013499855995178223,5.343471361137927,0.3657357298396999
diffusion_edm_vp,ode-rk45-adaptive,mlp,lotka_volterra,0.8515699923038482,0.060647049987502276,0.8693250119686127,0.05489999055862427,5.634322327468544,0.4099699830771314
diffusion_edm_vp,ode-rk45-adaptive,mlp,slcp,0.7037949979305267,0.08643698643605918,0.6903499960899353,0.06145000457763672,5.714580051135272,0.4453450421905897
diffusion_edm_vp,ode-rk45-adaptive,mlp,two_moons,0.5607599973678589,0.04571165221485018,0.5408499836921692,0.023125022649765015,5.480815186165273,0.3937172989662917
diffusion_edm_vp,ode-rk45-adaptive,mlp,bernoulli_glm,0.5943600058555603,0.05614141598076552,0.5949499905109406,0.05604997277259827,5.777362781949341,0.43253221038484835
diffusion_edm_vp,ode-rk45-adaptive,mlp,slcp_distractors,0.7283550024032592,0.09569177054315958,0.7104749977588654,0.056349992752075195,5.733339466620237,0.43824882383680475
diffusion_edm_vp,ode-rk45-adaptive,mlp,bernoulli_glm_raw,0.5729700028896332,0.04191677324602981,0.5587999820709229,0.030074983835220337,5.626675680745393,0.3972813583170091
diffusion_edm_vp,ode-rk45-adaptive,time_mlp,gaussian_mixture,0.5257300019264222,0.006227092141529678,0.5257500112056732,0.003850013017654419,9.832592713553458,0.5089332918598821
diffusion_edm_vp,ode-rk45-adaptive,time_mlp,sir,0.5333300054073333,0.01843066130042671,0.53370001912117,0.015499979257583618,9.668850255850703,0.39261988504682627
diffusion_edm_vp,ode-rk45-adaptive,time_mlp,gaussian_linear,0.5034050047397614,0.0025973456174637273,0.5024749934673309,0.0013750046491622925,9.815617429558188,0.4951488737141012
diffusion_edm_vp,ode-rk45-adaptive,time_mlp,gaussian_linear_uniform,0.5146199941635132,0.0027133141039756437,0.5153000056743622,0.0021499991416931152,9.79423466688022,0.423874312492397
diffusion_edm_vp,ode-rk45-adaptive,time_mlp,lotka_volterra,0.7148049950599671,0.09198618589355821,0.684149980545044,0.03662499785423279,9.854022819176317,0.43251040020480613
diffusion_edm_vp,ode-rk45-adaptive,time_mlp,slcp,0.6505499958992005,0.0895330647960241,0.6254000067710876,0.05950000882148743,9.678220746014267,0.4344998574945006
diffusion_edm_vp,ode-rk45-adaptive,time_mlp,two_moons,0.5204700052738189,0.011352774200333744,0.5172249972820282,0.00619998574256897,9.609369754977525,0.47313339576161206
diffusion_edm_vp,ode-rk45-adaptive,time_mlp,bernoulli_glm,0.5207899987697602,0.006239025218828011,0.5183500051498413,0.00377500057220459,9.895302393473685,0.4201071381807133
diffusion_edm_vp,ode-rk45-adaptive,time_mlp,slcp_distractors,0.6530399978160858,0.07216085412162904,0.6428250074386597,0.06597501039505005,9.715231340005994,0.3855410191286198
diffusion_edm_vp,ode-rk45-adaptive,time_mlp,bernoulli_glm_raw,0.5214600086212158,0.0053347780543803154,0.5199249982833862,0.005549997091293335,9.677525186911225,0.43233868741126175
diffusion_edm_vp_ema,ode-rk45-adaptive,mlp,gaussian_mixture,0.6496899962425232,0.05203577735332967,0.6438249945640564,0.053025007247924805,5.675523179862648,0.4168858467506453
diffusion_edm_vp_ema,ode-rk45-adaptive,mlp,sir,0.6295949935913085,0.0845178196197103,0.5924249887466431,0.032875001430511475,5.623507681209594,0.41746085583196557
diffusion_edm_vp_ema,ode-rk45-adaptive,mlp,gaussian_linear,0.5023500025272369,0.002029651947706996,0.502100020647049,0.0015250295400619507,5.786239116638899,0.4069781691556687
diffusion_edm_vp_ema,ode-rk45-adaptive,mlp,gaussian_linear_uniform,0.5089700013399124,0.003009661205491482,0.5080749988555908,0.0030749887228012085,5.648542170599103,0.41746604739391463
diffusion_edm_vp_ema,ode-rk45-adaptive,mlp,lotka_volterra,0.8649649977684021,0.07429180467603713,0.9033249914646149,0.03287503123283386,5.6031885258853436,0.41425718905515135
diffusion_edm_vp_ema,ode-rk45-adaptive,mlp,slcp,0.7029150068759918,0.09614306016556254,0.6694500148296356,0.03492501378059387,5.611380014009773,0.4242251821794555
diffusion_edm_vp_ema,ode-rk45-adaptive,mlp,two_moons,0.5601249992847442,0.046058572038663606,0.5356250107288361,0.02050003409385681,5.6448105905205015,0.4178348542422464
diffusion_edm_vp_ema,ode-rk45-adaptive,mlp,bernoulli_glm,0.599414998292923,0.05768013652331788,0.5963499844074249,0.056874990463256836,5.59694281630218,0.40590120342986763
diffusion_edm_vp_ema,ode-rk45-adaptive,mlp,slcp_distractors,0.7287750005722046,0.0870313479820443,0.7138000130653381,0.044274985790252686,5.562966571561992,0.41182258236634106
diffusion_edm_vp_ema,ode-rk45-adaptive,mlp,bernoulli_glm_raw,0.5686800062656403,0.035340392441131345,0.5780500173568726,0.029100000858306885,5.639054645039141,0.4071548418997746
diffusion_edm_vp_ema,ode-rk45-adaptive,time_mlp,gaussian_mixture,0.528329998254776,0.008584420778518209,0.530599981546402,0.003649979829788208,9.653253717720508,0.4209516451808788
diffusion_edm_vp_ema,ode-rk45-adaptive,time_mlp,sir,0.5388300001621247,0.01806388775503274,0.5393750071525574,0.0107249915599823,9.812625251151621,0.43491037878051886
diffusion_edm_vp_ema,ode-rk45-adaptive,time_mlp,gaussian_linear,0.5035100102424621,0.002305842433540185,0.5036250054836273,0.00210002064704895,9.64560026442632,0.4040101735682968
diffusion_edm_vp_ema,ode-rk45-adaptive,time_mlp,gaussian_linear_uniform,0.512514990568161,0.0035123458352304356,0.5145500004291534,0.0015999972820281982,9.891501632146538,0.3991545749657151
diffusion_edm_vp_ema,ode-rk45-adaptive,time_mlp,lotka_volterra,0.7006100058555603,0.09138039169675971,0.6492249965667725,0.021924972534179688,10.465421569067985,0.2577899344700047
diffusion_edm_vp_ema,ode-rk45-adaptive,time_mlp,slcp,0.6329199969768524,0.0623948290129249,0.616100013256073,0.026024967432022095,9.787201653327793,0.4361617186625166
diffusion_edm_vp_ema,ode-rk45-adaptive,time_mlp,two_moons,0.5150849997997284,0.014378355931056788,0.512924998998642,0.0068750083446502686,10.466311783250422,0.587009772464136
diffusion_edm_vp_ema,ode-rk45-adaptive,time_mlp,bernoulli_glm,0.518940007686615,0.006601665753408749,0.5170250236988068,0.0045999884605407715,10.092143563646824,0.5290718637947194
diffusion_edm_vp_ema,ode-rk45-adaptive,time_mlp,slcp_distractors,0.6608049988746643,0.08441457832719068,0.6237249970436096,0.05500000715255737,9.503531834390014,0.41075170524457516
diffusion_edm_vp_ema,ode-rk45-adaptive,time_mlp,bernoulli_glm_raw,0.5197700023651123,0.008611307084570691,0.5211500227451324,0.006624966859817505,9.564266556035728,0.3936092105219311
diffusion_edm_ve,ode-rk45-adaptive,mlp,gaussian_mixture,0.7616599917411804,0.06912975912653935,0.7593249976634979,0.06520000100135803,5.654455461073667,0.42477521952184544
diffusion_edm_ve,ode-rk45-adaptive,mlp,sir,0.6474999964237214,0.03890571060276483,0.6401500105857849,0.018299996852874756,5.638892338052392,0.41215323258620024
diffusion_edm_ve,ode-rk45-adaptive,mlp,gaussian_linear,0.791254997253418,0.01006952817720159,0.7898750007152557,0.008799999952316284,5.6874854397028685,0.4182961976350323
diffusion_edm_ve,ode-rk45-adaptive,mlp,gaussian_linear_uniform,0.7852349996566772,0.016897028029661164,0.7872500121593475,0.013675004243850708,5.445587565656751,0.43725928134467756
diffusion_edm_ve,ode-rk45-adaptive,mlp,lotka_volterra,0.8765749990940094,0.05183642780788177,0.8896999955177307,0.017075002193450928,5.634749602526426,0.4210133773668451
diffusion_edm_ve,ode-rk45-adaptive,mlp,slcp,0.8087399959564209,0.04449837666858291,0.8045499920845032,0.02279999852180481,5.742932642903179,0.4068808078363562
diffusion_edm_ve,ode-rk45-adaptive,mlp,two_moons,0.6410700023174286,0.0648691311545639,0.6281499862670898,0.038624972105026245,5.6514281738549474,0.45395580246441575
diffusion_edm_ve,ode-rk45-adaptive,mlp,bernoulli_glm,0.82671999335289,0.06919283406196683,0.8277249932289124,0.06807500123977661,5.729511370696128,0.414064964434595
diffusion_edm_ve,ode-rk45-adaptive,mlp,slcp_distractors,0.8059450030326843,0.04820656690353865,0.7941000163555145,0.02672499418258667,5.70481068501249,0.42780965811972527
diffusion_edm_ve,ode-rk45-adaptive,mlp,bernoulli_glm_raw,0.8254749953746796,0.06619580592733779,0.8321999907493591,0.060950011014938354,5.785172330401838,0.4403231130641533
diffusion_edm_ve,ode-rk45-adaptive,time_mlp,gaussian_mixture,0.6294100046157837,0.016695074247554533,0.6226000189781189,0.013150036334991455,9.713345644250513,0.4354965359799695
diffusion_edm_ve,ode-rk45-adaptive,time_mlp,sir,0.6247099995613098,0.01935265603934519,0.6254250109195709,0.022224992513656616,9.764520150236786,0.415982112517582
diffusion_edm_ve,ode-rk45-adaptive,time_mlp,gaussian_linear,0.8084749937057495,0.016932010627075916,0.8063249886035919,0.013175010681152344,9.699363038316369,0.43475447124148353
diffusion_edm_ve,ode-rk45-adaptive,time_mlp,gaussian_linear_uniform,0.7784850060939789,0.01767486068766205,0.7825250029563904,0.01602497696876526,9.107605219259858,0.36498395841127385
diffusion_edm_ve,ode-rk45-adaptive,time_mlp,lotka_volterra,0.7287900149822235,0.0777666712352893,0.6875250041484833,0.01812499761581421,9.787003011628986,0.41905679108900534
diffusion_edm_ve,ode-rk45-adaptive,time_mlp,slcp,0.790389996767044,0.03556971892249431,0.7973499894142151,0.034024983644485474,9.86567240525037,0.4181518530291099
diffusion_edm_ve,ode-rk45-adaptive,time_mlp,two_moons,0.6481000065803528,0.03392346941002327,0.6413249969482422,0.024325013160705566,9.584978840313852,0.5441749438100665
diffusion_edm_ve,ode-rk45-adaptive,time_mlp,bernoulli_glm,0.7504950106143952,0.0454224228773713,0.742900013923645,0.0448249876499176,9.888659928552807,0.4170688054733199
diffusion_edm_ve,ode-rk45-adaptive,time_mlp,slcp_distractors,0.7896950006484985,0.030173127756776694,0.7943249940872192,0.02292501926422119,10.510366700030863,0.5809569228277666
diffusion_edm_ve,ode-rk45-adaptive,time_mlp,bernoulli_glm_raw,0.7429250001907348,0.047672584948541596,0.7424499988555908,0.04484999179840088,9.751105933450162,0.4353983346588514
diffusion_cosine_F,ode-rk45-adaptive,mlp,gaussian_mixture,0.633819991350174,0.05674211390734304,0.626800000667572,0.05955001711845398,6.458119235001504,0.7792402962721436
diffusion_cosine_F,ode-rk45-adaptive,mlp,sir,0.6197950005531311,0.07846923580437531,0.5856499969959259,0.018999993801116943,6.0286849652417,0.6185529989707624
diffusion_cosine_F,ode-rk45-adaptive,mlp,gaussian_linear,0.5026850014925003,0.0022825487791455824,0.5019250065088272,0.001399993896484375,5.799139241594821,0.7007976555100932
diffusion_cosine_F,ode-rk45-adaptive,mlp,gaussian_linear_uniform,0.5060249984264373,0.0034020087976290875,0.5067749917507172,0.0028500258922576904,5.997692488599569,0.6739400994060725
diffusion_cosine_F,ode-rk45-adaptive,mlp,lotka_volterra,0.8485150039196014,0.06976837078434332,0.8439000248908997,0.046450018882751465,5.977846111077815,0.6636574314795426
diffusion_cosine_F,ode-rk45-adaptive,mlp,slcp,0.7382450103759766,0.09513140253120086,0.7188250124454498,0.08492499589920044,6.245656708627939,0.7959959984403103
diffusion_cosine_F,ode-rk45-adaptive,mlp,two_moons,0.5864350080490113,0.050345891973862265,0.5725000202655792,0.02830001711845398,5.978032381087542,0.7187024399760182
diffusion_cosine_F,ode-rk45-adaptive,mlp,bernoulli_glm,0.5657799899578094,0.05040298365264799,0.5593499839305878,0.046300023794174194,5.845364320185036,0.6815560285801681
diffusion_cosine_F,ode-rk45-adaptive,mlp,slcp_distractors,0.7779249906539917,0.07871568460773656,0.7635499835014343,0.05764999985694885,6.4790247863158585,0.7198739731614308
diffusion_cosine_F,ode-rk45-adaptive,mlp,bernoulli_glm_raw,0.5585749983787537,0.0369990736055668,0.5547249913215637,0.035275012254714966,5.865045902412385,0.667425246408555
diffusion_cosine_F,ode-rk45-adaptive,time_mlp,gaussian_mixture,0.5258600056171417,0.010802032944456648,0.5221750140190125,0.007500022649765015,9.892991345468909,0.6817024755497463
diffusion_cosine_F,ode-rk45-adaptive,time_mlp,sir,0.5436199963092804,0.01540116208028809,0.5408999919891357,0.01320001482963562,10.232507321238518,0.5830224364770539
diffusion_cosine_F,ode-rk45-adaptive,time_mlp,gaussian_linear,0.5052449911832809,0.0031147625375514036,0.5051249861717224,0.0013000071048736572,9.723460040055215,0.6566090313844587
diffusion_cosine_F,ode-rk45-adaptive,time_mlp,gaussian_linear_uniform,0.5075199961662292,0.003700827130652925,0.5057750046253204,0.0011749863624572754,9.910681165009738,0.6919285270488423
diffusion_cosine_F,ode-rk45-adaptive,time_mlp,lotka_volterra,0.7279949963092804,0.07116047323881833,0.6997250020503998,0.03305000066757202,10.34859704170376,0.7111756967381577
diffusion_cosine_F,ode-rk45-adaptive,time_mlp,slcp,0.6624500036239624,0.10385122389274837,0.596450001001358,0.03349998593330383,9.745105842314661,0.68929297853448
diffusion_cosine_F,ode-rk45-adaptive,time_mlp,two_moons,0.5148350059986114,0.010036162734883575,0.5136500000953674,0.009799987077713013,10.218708447180688,0.6938264109513524
diffusion_cosine_F,ode-rk45-adaptive,time_mlp,bernoulli_glm,0.5136899948120117,0.006392755264572326,0.5145249962806702,0.005899995565414429,9.812973521184176,0.710399914433193
diffusion_cosine_F,ode-rk45-adaptive,time_mlp,slcp_distractors,0.6645300030708313,0.09378481215799865,0.6171750128269196,0.03780001401901245,10.044284672755747,0.6730955139465786
diffusion_cosine_F,ode-rk45-adaptive,time_mlp,bernoulli_glm_raw,0.516715008020401,0.0069650961032590225,0.5161499977111816,0.004949986934661865,10.685193979274482,0.7861674557600294
diffusion_cosine_v,ode-rk45-adaptive,mlp,gaussian_mixture,0.634529995918274,0.055158422362072836,0.6326750218868256,0.05979999899864197,5.5281278601847585,0.7282792398542774
diffusion_cosine_v,ode-rk45-adaptive,mlp,sir,0.606454998254776,0.09078598130042312,0.5663999915122986,0.045024991035461426,6.077942420449108,0.6705199304733306
diffusion_cosine_v,ode-rk45-adaptive,mlp,gaussian_linear,0.5029300004243851,0.001499536524282885,0.503274992108345,0.001274988055229187,6.215851247869432,0.7694635191457967
diffusion_cosine_v,ode-rk45-adaptive,mlp,gaussian_linear_uniform,0.5079699963331222,0.003484188499499532,0.5080499947071075,0.0020499825477600098,5.585322471894324,0.7186435926269927
diffusion_cosine_v,ode-rk45-adaptive,mlp,lotka_volterra,0.8501700043678284,0.06017845398340009,0.8502500057220459,0.059074997901916504,5.664796396158636,0.6916633106997568
diffusion_cosine_v,ode-rk45-adaptive,mlp,slcp,0.715354996919632,0.08825298895174802,0.6887499988079071,0.05217501521110535,5.590425941441208,0.6606093187304565
diffusion_cosine_v,ode-rk45-adaptive,mlp,two_moons,0.5877549946308136,0.049238409493622674,0.5644499957561493,0.02319997549057007,5.729552188050002,0.7273573815575899
diffusion_cosine_v,ode-rk45-adaptive,mlp,bernoulli_glm,0.5723599970340729,0.042718262247653994,0.5776999890804291,0.04339998960494995,5.410409714654088,0.6519862782032236
diffusion_cosine_v,ode-rk45-adaptive,mlp,slcp_distractors,0.7768899857997894,0.0859009557482798,0.7631999850273132,0.05674999952316284,5.638312501832843,0.6777788119479718
diffusion_cosine_v,ode-rk45-adaptive,mlp,bernoulli_glm_raw,0.5589150011539459,0.029476947448601912,0.5549749732017517,0.027875006198883057,5.567487541399896,0.7146455828979444
diffusion_cosine_v,ode-rk45-adaptive,time_mlp,gaussian_mixture,0.5285300076007843,0.009124513176707568,0.5254749953746796,0.005750000476837158,9.500113698653877,0.6780517720831934
diffusion_cosine_v,ode-rk45-adaptive,time_mlp,sir,0.5397449910640717,0.018421769156480902,0.5311749875545502,0.009849995374679565,9.88617807328701,0.575892569881531
diffusion_cosine_v,ode-rk45-adaptive,time_mlp,gaussian_linear,0.5024600028991699,0.001825076279103882,0.5020000040531158,0.0011249929666519165,9.478920985199512,0.6709322434067525
diffusion_cosine_v,ode-rk45-adaptive,time_mlp,gaussian_linear_uniform,0.505620002746582,0.0022111180809313833,0.5053000152111053,0.0013750195503234863,9.67422148771584,0.7011391822655423
diffusion_cosine_v,ode-rk45-adaptive,time_mlp,lotka_volterra,0.7400900006294251,0.09537238182798395,0.7046500146389008,0.050074994564056396,10.002932502515614,0.7346752322644056
diffusion_cosine_v,ode-rk45-adaptive,time_mlp,slcp,0.6472250044345855,0.09835950041462366,0.5911499857902527,0.029474973678588867,9.929248599428684,0.7603978643493147
diffusion_cosine_v,ode-rk45-adaptive,time_mlp,two_moons,0.5070000052452087,0.005111600150709734,0.5066250264644623,0.0049000084400177,10.06126281004399,0.7406329431015366
diffusion_cosine_v,ode-rk45-adaptive,time_mlp,bernoulli_glm,0.5154300034046173,0.005600672617409565,0.5155750215053558,0.005374997854232788,9.415446190256626,0.689955181161737
diffusion_cosine_v,ode-rk45-adaptive,time_mlp,slcp_distractors,0.6366700053215026,0.09103069919333752,0.5822000205516815,0.019175022840499878,9.830295107606798,0.6647800152433516
diffusion_cosine_v,ode-rk45-adaptive,time_mlp,bernoulli_glm_raw,0.5172849953174591,0.006925573320965534,0.5172749757766724,0.00610002875328064,9.618421084061264,0.6740400321021786
diffusion_cosine_v_lw,ode-rk45-adaptive,mlp,gaussian_mixture,0.6512550055980683,0.058352480243951774,0.6357250213623047,0.04580000042915344,5.606390617974102,0.6629243341801779
diffusion_cosine_v_lw,ode-rk45-adaptive,mlp,sir,0.6082100033760071,0.08492752143989934,0.5623249709606171,0.02409994602203369,5.787073551304639,0.6493118493692047
diffusion_cosine_v_lw,ode-rk45-adaptive,mlp,gaussian_linear,0.504079994559288,0.002497006573547994,0.5033499896526337,0.0015499889850616455,5.934196253865958,0.8082909462482359
diffusion_cosine_v_lw,ode-rk45-adaptive,mlp,gaussian_linear_uniform,0.5090199917554855,0.0037790963997706784,0.5090999901294708,0.0018000006675720215,5.541261451877654,0.6964850659459177
diffusion_cosine_v_lw,ode-rk45-adaptive,mlp,lotka_volterra,0.874955004453659,0.05071740017506147,0.8915999829769135,0.025525033473968506,5.636542320437729,0.7333661017742895
diffusion_cosine_v_lw,ode-rk45-adaptive,mlp,slcp,0.7215699970722198,0.10890722291425721,0.6805749833583832,0.07289999723434448,5.605270112864673,0.6703948983904906
diffusion_cosine_v_lw,ode-rk45-adaptive,mlp,two_moons,0.5977399945259094,0.050190664320535525,0.5856249928474426,0.03637498617172241,5.761145512294024,0.6820316697940448
diffusion_cosine_v_lw,ode-rk45-adaptive,mlp,bernoulli_glm,0.5757899880409241,0.04134053896927651,0.5709999799728394,0.04152500629425049,5.865658487472683,0.7497158418825661
diffusion_cosine_v_lw,ode-rk45-adaptive,mlp,slcp_distractors,0.7433299958705902,0.08426790544426145,0.7012749910354614,0.0388999879360199,5.6112290367484094,0.7080496321855128
diffusion_cosine_v_lw,ode-rk45-adaptive,mlp,bernoulli_glm_raw,0.5565150022506714,0.02446531498446275,0.5583250224590302,0.02522498369216919,5.569344871025533,0.7059095134713669
diffusion_cosine_v_lw,ode-rk45-adaptive,time_mlp,gaussian_mixture,0.5395749926567077,0.00998944370702957,0.5395749807357788,0.005575001239776611,9.64663811698556,0.6728082053625646
diffusion_cosine_v_lw,ode-rk45-adaptive,time_mlp,sir,0.539944988489151,0.019751464213360374,0.5313499867916107,0.010224997997283936,9.81892380574718,0.6220514001344408
diffusion_cosine_v_lw,ode-rk45-adaptive,time_mlp,gaussian_linear,0.5061349987983703,0.0021268573665820674,0.5062249898910522,0.0011249780654907227,9.570307507459074,0.6657847649054611
diffusion_cosine_v_lw,ode-rk45-adaptive,time_mlp,gaussian_linear_uniform,0.5059650003910064,0.004064920503934474,0.5058749914169312,0.0036999881267547607,9.738931621517986,0.6846226510764453
diffusion_cosine_v_lw,ode-rk45-adaptive,time_mlp,lotka_volterra,0.729940003156662,0.07898744552373732,0.7091749906539917,0.024949997663497925,10.06252739150077,0.7251683524613921
diffusion_cosine_v_lw,ode-rk45-adaptive,time_mlp,slcp,0.6510950088500976,0.09742606615111403,0.609375,0.050999999046325684,10.513006556779146,0.8447740389794517
diffusion_cosine_v_lw,ode-rk45-adaptive,time_mlp,two_moons,0.529185003042221,0.009684894717268333,0.5293999910354614,0.005499988794326782,10.71314386529848,0.7810346050350381
diffusion_cosine_v_lw,ode-rk45-adaptive,time_mlp,bernoulli_glm,0.5156199991703033,0.008155684177612327,0.514724999666214,0.006049990653991699,9.608310941047966,0.6994032707602219
diffusion_cosine_v_lw,ode-rk45-adaptive,time_mlp,slcp_distractors,0.6568599998950958,0.09686741009587944,0.607274979352951,0.037949979305267334,10.17826019860804,0.7605730889830147
diffusion_cosine_v_lw,ode-rk45-adaptive,time_mlp,bernoulli_glm_raw,0.5210199952125549,0.005737162656386639,0.5196000039577484,0.0027749836444854736,9.713722194265575,0.6582668216986126
diffusion_cosine_noise,ode-rk45-adaptive,mlp,gaussian_mixture,0.6412900030612946,0.052616983953911636,0.643200010061264,0.0482499897480011,6.801496567949653,0.7673318829130662
diffusion_cosine_noise,ode-rk45-adaptive,mlp,sir,0.6317149996757507,0.08580752051690967,0.5920250117778778,0.025774985551834106,6.477672083955258,0.7002292351205021
diffusion_cosine_noise,ode-rk45-adaptive,mlp,gaussian_linear,0.513794994354248,0.006710906135721577,0.5118749737739563,0.004074990749359131,6.15451884418726,0.6663206672594213
diffusion_cosine_noise,ode-rk45-adaptive,mlp,gaussian_linear_uniform,0.5125699937343597,0.005770454399591671,0.5109499990940094,0.0031500160694122314,6.117596972547472,0.7049764261388882
diffusion_cosine_noise,ode-rk45-adaptive,mlp,lotka_volterra,0.875365000963211,0.051324766650985267,0.8876749873161316,0.04505002498626709,6.468981972616166,0.6637357149159622
diffusion_cosine_noise,ode-rk45-adaptive,mlp,slcp,0.7476300001144409,0.10064570861547446,0.7132500112056732,0.06445002555847168,6.132255830615759,0.7126269804155042
diffusion_cosine_noise,ode-rk45-adaptive,mlp,two_moons,0.5806050002574921,0.04631872620341905,0.5602749884128571,0.028349965810775757,6.198534895014018,0.7513076439629724
diffusion_cosine_noise,ode-rk45-adaptive,mlp,bernoulli_glm,0.5725899934768677,0.03636338390547949,0.5625749826431274,0.02377498149871826,5.9965793456882235,0.6678969170903634
diffusion_cosine_noise,ode-rk45-adaptive,mlp,slcp_distractors,0.7818149924278259,0.07376878834910869,0.7397499978542328,0.013475000858306885,6.076217424683273,0.6881611100855081
diffusion_cosine_noise,ode-rk45-adaptive,mlp,bernoulli_glm_raw,0.6133950114250183,0.01875941503318623,0.6165750026702881,0.015949994325637817,6.089185330364853,0.681447908098743
diffusion_cosine_noise,ode-rk45-adaptive,time_mlp,gaussian_mixture,0.5788350045681,0.00787511186026834,0.5775499939918518,0.0034999847412109375,10.371201136987656,0.7131133883241421
diffusion_cosine_noise,ode-rk45-adaptive,time_mlp,sir,0.5742428839206696,0.014500617538196287,0.5740749835968018,0.010300010442733765,10.487369094695897,0.6362479938521295
diffusion_cosine_noise,ode-rk45-adaptive,time_mlp,gaussian_linear,0.5754200041294097,0.007315642846228253,0.5749250054359436,0.0033500194549560547,10.304178596008569,0.6528749969907388
diffusion_cosine_noise,ode-rk45-adaptive,time_mlp,gaussian_linear_uniform,0.5688549995422363,0.008081481945055783,0.5726499855518341,0.003524988889694214,10.89799580015242,1.0738607422621496
diffusion_cosine_noise,ode-rk45-adaptive,time_mlp,lotka_volterra,0.7256150007247925,0.10697212534736174,0.6930750012397766,0.06255000829696655,10.594891646131874,0.8787014947583569
diffusion_cosine_noise,ode-rk45-adaptive,time_mlp,slcp,0.6967649936676026,0.07571980125586503,0.6670500040054321,0.02482500672340393,10.314933401346206,0.8819428208081951
diffusion_cosine_noise,ode-rk45-adaptive,time_mlp,two_moons,0.5417449951171875,0.024480311389380636,0.539000004529953,0.022549986839294434,10.839068234246223,0.8927505251804442
diffusion_cosine_noise,ode-rk45-adaptive,time_mlp,bernoulli_glm,0.6083699941635132,0.023745469100737562,0.6019749939441681,0.006974995136260986,11.11213195854798,1.1339803568954738
diffusion_cosine_noise,ode-rk45-adaptive,time_mlp,slcp_distractors,0.6983199954032898,0.09186562239938637,0.6868999898433685,0.05572497844696045,10.556982135772705,0.9815987319910869
diffusion_cosine_noise,ode-rk45-adaptive,time_mlp,bernoulli_glm_raw,0.5817200064659118,0.013014665882858309,0.5809250175952911,0.0098000168800354,10.615223103575408,0.9800677877769173
flow_matching,ode-rk45-adaptive-joint,mlp,gaussian_mixture,0.6659399986267089,0.048819277953132637,0.6724499762058258,0.04285004734992981,5.466406010091305,0.0
flow_matching,ode-rk45-adaptive-joint,mlp,sir,0.5990549981594085,0.05176937356844586,0.5736750066280365,0.017325013875961304,5.492614536546171,0.0
flow_matching,ode-rk45-adaptive-joint,mlp,gaussian_linear,0.504245001077652,0.00249022631730617,0.5035250037908554,0.0017250031232833862,5.540258745662868,0.0
flow_matching,ode-rk45-adaptive-joint,mlp,gaussian_linear_uniform,0.508029991388321,0.003418560595878657,0.507999986410141,0.0018500089645385742,5.560124458745122,0.0
flow_matching,ode-rk45-adaptive-joint,mlp,lotka_volterra,0.8537349998950958,0.0701034117367537,0.8499000072479248,0.0399249792098999,5.527962307445705,0.0
flow_matching,ode-rk45-adaptive-joint,mlp,slcp,0.7478099882602691,0.10043061645368223,0.7195000052452087,0.06280001997947693,5.501454048790038,0.0
flow_matching,ode-rk45-adaptive-joint,mlp,two_moons,0.6342449963092804,0.056810242451122026,0.6281500160694122,0.04342496395111084,5.460980013944209,0.0
flow_matching,ode-rk45-adaptive-joint,mlp,bernoulli_glm,0.5559549987316131,0.03305938801278034,0.5554249882698059,0.03255000710487366,5.543277304619551,0.0
flow_matching,ode-rk45-adaptive-joint,mlp,slcp_distractors,0.7681450009346008,0.09366858734955036,0.7261500060558319,0.052875012159347534,5.657840394414961,0.0
flow_matching,ode-rk45-adaptive-joint,mlp,bernoulli_glm_raw,0.5412650048732758,0.015338712020478276,0.541450023651123,0.01299998164176941,5.69477170612663,0.0
flow_matching,ode-rk45-adaptive-joint,time_mlp,gaussian_mixture,0.5421099960803986,0.01010605847173257,0.5383999943733215,0.006999999284744263,12.548680800944567,0.0
flow_matching,ode-rk45-adaptive-joint,time_mlp,sir,0.5448950111865998,0.02184255951674293,0.5403250157833099,0.007950007915496826,12.563264643773437,0.0
flow_matching,ode-rk45-adaptive-joint,time_mlp,gaussian_linear,0.5050249934196472,0.0034691677382468243,0.5046250075101852,0.002849981188774109,12.601872378960252,0.0
flow_matching,ode-rk45-adaptive-joint,time_mlp,gaussian_linear_uniform,0.5053900063037873,0.003682851937219701,0.5048000067472458,0.0013499855995178223,12.620061089284718,0.0
flow_matching,ode-rk45-adaptive-joint,time_mlp,lotka_volterra,0.7068900048732758,0.1032631261030477,0.6758749783039093,0.05525001883506775,12.561876419000328,0.0
flow_matching,ode-rk45-adaptive-joint,time_mlp,slcp,0.6393250048160553,0.0966774962587493,0.5815249979496002,0.01994997262954712,12.638871335424483,0.0
flow_matching,ode-rk45-adaptive-joint,time_mlp,two_moons,0.5217949986457825,0.012262506845329785,0.5178999900817871,0.006000012159347534,12.550672800280154,0.0
flow_matching,ode-rk45-adaptive-joint,time_mlp,bernoulli_glm,0.5114950060844421,0.003742827603977553,0.5114499926567078,0.003425002098083496,12.61004536319524,0.0
flow_matching,ode-rk45-adaptive-joint,time_mlp,slcp_distractors,0.6719750046730042,0.10544833826909705,0.6216250061988831,0.055299997329711914,12.59629313275218,0.0
flow_matching,ode-rk45-adaptive-joint,time_mlp,bernoulli_glm_raw,0.5149600088596344,0.005428762400371175,0.5136000216007233,0.0028499960899353027,12.609832284040749,0.0
flow_matching_edm,ode-rk45-adaptive-joint,mlp,gaussian_mixture,0.6522100031375885,0.04593826788898407,0.6488249897956848,0.042699992656707764,5.465942291542888,0.0
flow_matching_edm,ode-rk45-adaptive-joint,mlp,sir,0.5887700021266937,0.054478439213322224,0.5674750208854675,0.017625033855438232,5.4961304515600204,0.0
flow_matching_edm,ode-rk45-adaptive-joint,mlp,gaussian_linear,0.5047100067138672,0.004163814883194292,0.503350019454956,0.002124994993209839,5.550690167583525,0.0
flow_matching_edm,ode-rk45-adaptive-joint,mlp,gaussian_linear_uniform,0.5068250000476837,0.004205846012277338,0.5069499909877777,0.002400010824203491,5.781079993583262,0.0
flow_matching_edm,ode-rk45-adaptive-joint,mlp,lotka_volterra,0.8209150075912476,0.08908675707170371,0.8459750115871429,0.06639999151229858,5.515749278478324,0.0
flow_matching_edm,ode-rk45-adaptive-joint,mlp,slcp,0.7054500043392181,0.10207551502394147,0.6705499887466431,0.05912497639656067,5.488675689324737,0.0
flow_matching_edm,ode-rk45-adaptive-joint,mlp,two_moons,0.5727800011634827,0.05558392089816633,0.5589250028133392,0.03647500276565552,5.46414589881897,0.0
flow_matching_edm,ode-rk45-adaptive-joint,mlp,bernoulli_glm,0.5632049977779389,0.036568983010957075,0.5621750056743622,0.0352499783039093,5.537468401715159,0.0
flow_matching_edm,ode-rk45-adaptive-joint,mlp,slcp_distractors,0.7594049990177154,0.09032069110964183,0.7219000160694122,0.04067501425743103,5.633176731877029,0.0
flow_matching_edm,ode-rk45-adaptive-joint,mlp,bernoulli_glm_raw,0.5496749937534332,0.027197111999992484,0.5420499742031097,0.024674981832504272,5.692040486261249,0.0
flow_matching_edm,ode-rk45-adaptive-joint,time_mlp,gaussian_mixture,0.5417900025844574,0.008035634134766942,0.5446749925613403,0.0045500099658966064,12.55983559973538,0.0
flow_matching_edm,ode-rk45-adaptive-joint,time_mlp,sir,0.5374900043010712,0.011788231714416645,0.5346250236034393,0.00415000319480896,12.558566141873598,0.0
flow_matching_edm,ode-rk45-adaptive-joint,time_mlp,gaussian_linear,0.5051600009202957,0.003511044705845027,0.5050750076770782,0.0029000043869018555,12.61750197224319,0.0
flow_matching_edm,ode-rk45-adaptive-joint,time_mlp,gaussian_linear_uniform,0.5051100015640259,0.003112770481816733,0.5051999986171722,0.0016749799251556396,12.609985250979662,0.0
flow_matching_edm,ode-rk45-adaptive-joint,time_mlp,lotka_volterra,0.6871750056743622,0.09336555507728278,0.6638000011444092,0.06337499618530273,12.569502362981439,0.0
flow_matching_edm,ode-rk45-adaptive-joint,time_mlp,slcp,0.6223250031471252,0.08794667169807616,0.5706500113010406,0.023900002241134644,12.573634813539684,0.0
flow_matching_edm,ode-rk45-adaptive-joint,time_mlp,two_moons,0.5241100072860718,0.009363597912251938,0.5211250185966492,0.0071250200271606445,12.52659497782588,0.0
flow_matching_edm,ode-rk45-adaptive-joint,time_mlp,bernoulli_glm,0.5144899964332581,0.006327585178041326,0.5147500038146973,0.005549997091293335,12.61073843576014,0.0
flow_matching_edm,ode-rk45-adaptive-joint,time_mlp,slcp_distractors,0.6520100116729737,0.08043224298034683,0.644225001335144,0.05835002660751343,12.594471861608326,0.0
flow_matching_edm,ode-rk45-adaptive-joint,time_mlp,bernoulli_glm_raw,0.516745001077652,0.005706030552264189,0.5175750255584717,0.004624992609024048,12.60448710527271,0.0
ot_flow_matching,ode-rk45-adaptive-joint,mlp,gaussian_mixture,0.9077799916267395,0.02544156338987435,0.9088749885559082,0.019124984741210938,5.464979715645313,0.0
ot_flow_matching,ode-rk45-adaptive-joint,mlp,sir,0.8975499987602233,0.025326661195964734,0.8970749974250793,0.024475008249282837,5.485769594088197,0.0
ot_flow_matching,ode-rk45-adaptive-joint,mlp,gaussian_linear,0.7671499967575073,0.04396561903592992,0.7611750066280365,0.03924998641014099,5.558312946930528,0.0
ot_flow_matching,ode-rk45-adaptive-joint,mlp,gaussian_linear_uniform,0.8391149997711181,0.021339997845122947,0.8445500135421753,0.017100006341934204,5.5622240267694,0.0
ot_flow_matching,ode-rk45-adaptive-joint,mlp,lotka_volterra,0.9796699941158294,0.010824324427816383,0.9806749820709229,0.008375018835067749,5.6221875213086605,0.0
ot_flow_matching,ode-rk45-adaptive-joint,mlp,slcp,0.8810850083827972,0.0438863328094602,0.8790000081062317,0.049250006675720215,5.462406259961426,0.0
ot_flow_matching,ode-rk45-adaptive-joint,mlp,two_moons,0.8825349986553193,0.040646785657650675,0.865200012922287,0.027350038290023804,5.467832658439875,0.0
ot_flow_matching,ode-rk45-adaptive-joint,mlp,bernoulli_glm,0.9071249961853027,0.03014009284667528,0.9081249833106995,0.028800010681152344,5.557508187368512,0.0
ot_flow_matching,ode-rk45-adaptive-joint,mlp,slcp_distractors,0.8862249970436096,0.04446318530228727,0.8929750025272369,0.0387749969959259,5.661290395073593,0.0
ot_flow_matching,ode-rk45-adaptive-joint,mlp,bernoulli_glm_raw,0.9030599951744079,0.028087308757319483,0.902224987745285,0.027599990367889404,5.684483211487532,0.0
ot_flow_matching,ode-rk45-adaptive-joint,time_mlp,gaussian_mixture,0.909455007314682,0.023899599893767245,0.9103250205516815,0.01947501301765442,12.541548380628228,0.0
ot_flow_matching,ode-rk45-adaptive-joint,time_mlp,sir,0.8939800024032593,0.026712752274660394,0.8940000236034393,0.026449978351593018,12.569425077177584,0.0
ot_flow_matching,ode-rk45-adaptive-joint,time_mlp,gaussian_linear,0.7645650029182434,0.0396271297643837,0.7594000101089478,0.0328499972820282,12.621820307336748,0.0
ot_flow_matching,ode-rk45-adaptive-joint,time_mlp,gaussian_linear_uniform,0.8358000040054321,0.01906898678360931,0.8360750079154968,0.011824995279312134,12.611227971501648,0.0
ot_flow_matching,ode-rk45-adaptive-joint,time_mlp,lotka_volterra,0.9610600054264069,0.017026874896670825,0.9563000202178955,0.012749999761581421,12.574986199848354,0.0
ot_flow_matching,ode-rk45-adaptive-joint,time_mlp,slcp,0.8633000075817108,0.041077460439737784,0.8731250166893005,0.024574995040893555,12.550087905488908,0.0
ot_flow_matching,ode-rk45-adaptive-joint,time_mlp,two_moons,0.8591600000858307,0.03565993592188189,0.8471499979496002,0.02959999442100525,12.529954832047224,0.0
ot_flow_matching,ode-rk45-adaptive-joint,time_mlp,bernoulli_glm,0.889425003528595,0.02199468910636922,0.893449991941452,0.019374996423721313,12.596034263260663,0.0
ot_flow_matching,ode-rk45-adaptive-joint,time_mlp,slcp_distractors,0.863604998588562,0.0382748320861256,0.869949996471405,0.03360000252723694,12.604885807260871,0.0
ot_flow_matching,ode-rk45-adaptive-joint,time_mlp,bernoulli_glm_raw,0.8920399963855743,0.023789060397367064,0.8916999995708466,0.021549999713897705,12.61209968291223,0.0
ot_partial_flow_matching,ode-rk45-adaptive-joint,mlp,gaussian_mixture,0.9260199964046478,0.021678035648255357,0.9271250069141388,0.016400009393692017,5.4764452408999205,0.0
ot_partial_flow_matching,ode-rk45-adaptive-joint,mlp,sir,0.9200899958610534,0.021743394531997497,0.9169249832630157,0.01970002055168152,5.479106674902141,0.0
ot_partial_flow_matching,ode-rk45-adaptive-joint,mlp,gaussian_linear,0.7862299919128418,0.050307836916326586,0.781374990940094,0.042450010776519775,5.540408034808934,0.0
ot_partial_flow_matching,ode-rk45-adaptive-joint,mlp,gaussian_linear_uniform,0.8540049970149994,0.02268967946303817,0.8551499843597412,0.015424996614456177,5.560911528766155,0.0
ot_partial_flow_matching,ode-rk45-adaptive-joint,mlp,lotka_volterra,0.9831000030040741,0.010618962229557128,0.983225017786026,0.007624983787536621,5.51440916955471,0.0
ot_partial_flow_matching,ode-rk45-adaptive-joint,mlp,slcp,0.8915999948978424,0.04006299192310936,0.8919249773025513,0.03652498126029968,5.511033093556762,0.0
ot_partial_flow_matching,ode-rk45-adaptive-joint,mlp,two_moons,0.9023600101470948,0.03322496594648714,0.8856250047683716,0.01864999532699585,5.459253866225481,0.0
ot_partial_flow_matching,ode-rk45-adaptive-joint,mlp,bernoulli_glm,0.9183699905872345,0.03935351516175919,0.9220499992370605,0.03804999589920044,5.594426719471812,0.0
ot_partial_flow_matching,ode-rk45-adaptive-joint,mlp,slcp_distractors,0.8983300030231476,0.0408280133203531,0.9109500050544739,0.0375249981880188,5.656213757582009,0.0
ot_partial_flow_matching,ode-rk45-adaptive-joint,mlp,bernoulli_glm_raw,0.9171700060367585,0.03742814219788311,0.9168500006198883,0.03714999556541443,5.685882204212248,0.0
ot_partial_flow_matching,ode-rk45-adaptive-joint,time_mlp,gaussian_mixture,0.9268199980258942,0.019412651814325787,0.927524983882904,0.01372501254081726,12.53729844558984,0.0
ot_partial_flow_matching,ode-rk45-adaptive-joint,time_mlp,sir,0.9174799978733063,0.02258616294567446,0.9207749962806702,0.022725015878677368,12.56638169195503,0.0
ot_partial_flow_matching,ode-rk45-adaptive-joint,time_mlp,gaussian_linear,0.7846699953079224,0.05150428236905119,0.7798500061035156,0.03744998574256897,12.649056216701865,0.0
ot_partial_flow_matching,ode-rk45-adaptive-joint,time_mlp,gaussian_linear_uniform,0.8530199944972991,0.024409111954144337,0.8576500117778778,0.018000006675720215,12.623450215905905,0.0
ot_partial_flow_matching,ode-rk45-adaptive-joint,time_mlp,lotka_volterra,0.9704950034618378,0.01675200543685639,0.9686750173568726,0.014825016260147095,12.657280558720231,0.0
ot_partial_flow_matching,ode-rk45-adaptive-joint,time_mlp,slcp,0.8798649966716766,0.03786437465088928,0.8803000152111053,0.03512498736381531,12.668031230568886,0.0
ot_partial_flow_matching,ode-rk45-adaptive-joint,time_mlp,two_moons,0.8824900031089783,0.0330735597332899,0.874349981546402,0.02672499418258667,12.550437624566257,0.0
ot_partial_flow_matching,ode-rk45-adaptive-joint,time_mlp,bernoulli_glm,0.9088149905204773,0.03664137262352946,0.9072999954223633,0.03450000286102295,12.603527226485312,0.0
ot_partial_flow_matching,ode-rk45-adaptive-joint,time_mlp,slcp_distractors,0.8792550086975097,0.03756535294518429,0.881725013256073,0.030774980783462524,12.600525930523872,0.0
ot_partial_flow_matching,ode-rk45-adaptive-joint,time_mlp,bernoulli_glm_raw,0.9085299968719482,0.03728867614802658,0.9061000049114227,0.03502503037452698,12.621731175109744,0.0
cot_flow_matching,ode-rk45-adaptive-joint,mlp,gaussian_mixture,0.68507000207901,0.06638148920413596,0.6739500164985657,0.06332501769065857,5.473253523930907,0.0
cot_flow_matching,ode-rk45-adaptive-joint,mlp,sir,0.6048500001430511,0.06624056789381688,0.5662499964237213,0.02090001106262207,5.485471436753869,0.0
cot_flow_matching,ode-rk45-adaptive-joint,mlp,gaussian_linear,0.5015900045633316,0.0008935305982944455,0.5014999806880951,0.0004999637603759766,5.634416515007615,0.0
cot_flow_matching,ode-rk45-adaptive-joint,mlp,gaussian_linear_uniform,0.5056449949741364,0.004394402115077929,0.5043999999761581,0.002925008535385132,5.541287388652563,0.0
cot_flow_matching,ode-rk45-adaptive-joint,mlp,lotka_volterra,0.8494249999523162,0.05691875658821928,0.8490250110626221,0.036124974489212036,5.520551197230816,0.0
cot_flow_matching,ode-rk45-adaptive-joint,mlp,slcp,0.7241249978542328,0.10559425017741926,0.6690249741077423,0.05932497978210449,5.501208677887917,0.0
cot_flow_matching,ode-rk45-adaptive-joint,mlp,two_moons,0.6407000064849854,0.07675731348148301,0.6460500061511993,0.03404998779296875,5.475888506509364,0.0
cot_flow_matching,ode-rk45-adaptive-joint,mlp,bernoulli_glm,0.5566299974918365,0.03349507890233146,0.5543999969959259,0.032049983739852905,5.570784479379654,0.0
cot_flow_matching,ode-rk45-adaptive-joint,mlp,slcp_distractors,0.7642600059509277,0.10451930805615903,0.7153749763965607,0.062099963426589966,5.657191755250096,0.0
cot_flow_matching,ode-rk45-adaptive-joint,mlp,bernoulli_glm_raw,0.5407250046730041,0.015896120717223076,0.5459250211715698,0.013774991035461426,5.648043692111969,0.0
cot_flow_matching,ode-rk45-adaptive-joint,time_mlp,gaussian_mixture,0.5680050075054168,0.036933446596769046,0.5509999990463257,0.021574974060058594,12.551782578229904,0.0
cot_flow_matching,ode-rk45-adaptive-joint,time_mlp,sir,0.5716449975967407,0.055321902073701607,0.5522750020027161,0.02647501230239868,12.705917188897729,0.0
cot_flow_matching,ode-rk45-adaptive-joint,time_mlp,gaussian_linear,0.5034150123596192,0.0029980088139074873,0.5026500225067139,0.0011250078678131104,12.618203182704747,0.0
cot_flow_matching,ode-rk45-adaptive-joint,time_mlp,gaussian_linear_uniform,0.5042699933052063,0.0021928497720657826,0.5044499933719635,0.0021499991416931152,12.776938368566334,0.0
cot_flow_matching,ode-rk45-adaptive-joint,time_mlp,lotka_volterra,0.6937450051307679,0.08703677488173533,0.6637250185012817,0.039449989795684814,12.575753891840577,0.0
cot_flow_matching,ode-rk45-adaptive-joint,time_mlp,slcp,0.6372750043869019,0.09664287922274989,0.5842750072479248,0.02897500991821289,12.580376288853586,0.0
cot_flow_matching,ode-rk45-adaptive-joint,time_mlp,two_moons,0.5549400091171265,0.042955313990957575,0.5471500158309937,0.04277500510215759,12.548649365082383,0.0
cot_flow_matching,ode-rk45-adaptive-joint,time_mlp,bernoulli_glm,0.5130549967288971,0.005159432664792633,0.5138500034809113,0.004825025796890259,12.596516832709312,0.0
cot_flow_matching,ode-rk45-adaptive-joint,time_mlp,slcp_distractors,0.6366449952125549,0.0884600585521992,0.5774750113487244,0.024075031280517578,12.588314281776547,0.0
cot_flow_matching,ode-rk45-adaptive-joint,time_mlp,bernoulli_glm_raw,0.5154800057411194,0.00528877046501318,0.5156500041484833,0.0045500099658966064,12.606074655428529,0.0
cot_0_02_flow_matching,ode-rk45-adaptive-joint,mlp,gaussian_mixture,0.705540007352829,0.06978319960389895,0.6822500228881836,0.04612502455711365,5.569549035280943,0.0
cot_0_02_flow_matching,ode-rk45-adaptive-joint,mlp,sir,0.6354700028896332,0.08235327065744474,0.6000249981880188,0.04152500629425049,5.50934524834156,0.0
cot_0_02_flow_matching,ode-rk45-adaptive-joint,mlp,gaussian_linear,0.50833500623703,0.006216960120173459,0.5060499906539917,0.0034249722957611084,5.665145684033632,0.0
cot_0_02_flow_matching,ode-rk45-adaptive-joint,mlp,gaussian_linear_uniform,0.5081799924373627,0.003930477699246273,0.5070499777793884,0.002825021743774414,5.564786016941071,0.0
cot_0_02_flow_matching,ode-rk45-adaptive-joint,mlp,lotka_volterra,0.8584600031375885,0.05513352604563952,0.8546749949455261,0.0375249981880188,5.523515177890658,0.0
cot_0_02_flow_matching,ode-rk45-adaptive-joint,mlp,slcp,0.7197000026702881,0.09197897252155018,0.6662499904632568,0.03427499532699585,5.498405600897968,0.0
cot_0_02_flow_matching,ode-rk45-adaptive-joint,mlp,two_moons,0.6458549976348877,0.07901202419878034,0.6549749970436096,0.04757499694824219,5.607369491830468,0.0
cot_0_02_flow_matching,ode-rk45-adaptive-joint,mlp,bernoulli_glm,0.5667500078678132,0.04905814528545655,0.5594249963760376,0.03994998335838318,5.550698664039373,0.0
cot_0_02_flow_matching,ode-rk45-adaptive-joint,mlp,slcp_distractors,0.7512699961662292,0.0884676645267704,0.7166750133037567,0.05675002932548523,5.653206805698574,0.0
cot_0_02_flow_matching,ode-rk45-adaptive-joint,mlp,bernoulli_glm_raw,0.5455699980258941,0.022821318132183344,0.5463500022888184,0.018200010061264038,5.682388638146222,0.0
cot_0_02_flow_matching,ode-rk45-adaptive-joint,time_mlp,gaussian_mixture,0.5876700043678283,0.04865030486283445,0.5696000158786774,0.03315001726150513,12.555184842087328,0.0
cot_0_02_flow_matching,ode-rk45-adaptive-joint,time_mlp,sir,0.6073599994182587,0.09209470192753301,0.582524985074997,0.04387500882148743,12.574564135633409,0.0
cot_0_02_flow_matching,ode-rk45-adaptive-joint,time_mlp,gaussian_linear,0.5125800013542176,0.006531627239353648,0.5118000209331512,0.005524992942810059,12.626951899379492,0.0
cot_0_02_flow_matching,ode-rk45-adaptive-joint,time_mlp,gaussian_linear_uniform,0.5054200053215027,0.003020781780301207,0.5060999989509583,0.002200007438659668,12.62287547532469,0.0
cot_0_02_flow_matching,ode-rk45-adaptive-joint,time_mlp,lotka_volterra,0.7217050015926361,0.10283692592263696,0.6738499999046326,0.05222499370574951,12.56667151581496,0.0
cot_0_02_flow_matching,ode-rk45-adaptive-joint,time_mlp,slcp,0.6537950038909912,0.08165993246541334,0.6178500056266785,0.047374993562698364,12.564253374934196,0.0
cot_0_02_flow_matching,ode-rk45-adaptive-joint,time_mlp,two_moons,0.5627399981021881,0.04730875469084405,0.5552749931812286,0.04224999248981476,12.530657171271741,0.0
cot_0_02_flow_matching,ode-rk45-adaptive-joint,time_mlp,bernoulli_glm,0.5204599916934967,0.011453158205318247,0.523624986410141,0.005750000476837158,12.595637532882392,0.0
cot_0_02_flow_matching,ode-rk45-adaptive-joint,time_mlp,slcp_distractors,0.6497549951076508,0.08689268330096975,0.6085250079631805,0.039275020360946655,12.736845819279552,0.0
cot_0_02_flow_matching,ode-rk45-adaptive-joint,time_mlp,bernoulli_glm_raw,0.5161399900913238,0.008019282489905605,0.5179750025272369,0.005674988031387329,12.643637501634657,0.0
cot_0_05_flow_matching,ode-rk45-adaptive-joint,mlp,gaussian_mixture,0.7288049936294556,0.07091168511731809,0.704025000333786,0.04050001502037048,5.494077426381409,0.0
cot_0_05_flow_matching,ode-rk45-adaptive-joint,mlp,sir,0.7130400002002716,0.07040806807132054,0.6870499849319458,0.05704998970031738,5.5554494224488735,0.0
cot_0_05_flow_matching,ode-rk45-adaptive-joint,mlp,gaussian_linear,0.5493299961090088,0.02558378005365515,0.5390749871730804,0.019724994897842407,5.548464408144355,0.0
cot_0_05_flow_matching,ode-rk45-adaptive-joint,mlp,gaussian_linear_uniform,0.5346050083637237,0.01572608009689948,0.533050000667572,0.010224997997283936,5.561197079718113,0.0
cot_0_05_flow_matching,ode-rk45-adaptive-joint,mlp,lotka_volterra,0.8709350168704987,0.05457824034080869,0.8728500008583069,0.023524999618530273,5.520456127822399,0.0
cot_0_05_flow_matching,ode-rk45-adaptive-joint,mlp,slcp,0.7350600004196167,0.08627820851272819,0.7086250185966492,0.05074998736381531,5.505628060549498,0.0
cot_0_05_flow_matching,ode-rk45-adaptive-joint,mlp,two_moons,0.7095549881458283,0.07957395304262321,0.71977499127388,0.06742501258850098,5.544535924680531,0.0
cot_0_05_flow_matching,ode-rk45-adaptive-joint,mlp,bernoulli_glm,0.6141550064086914,0.08716976286325478,0.6189500093460083,0.08912500739097595,5.667800921946764,0.0
cot_0_05_flow_matching,ode-rk45-adaptive-joint,mlp,slcp_distractors,0.7517049968242645,0.09169777118656935,0.7131749987602234,0.06755000352859497,5.643265348859131,0.0
cot_0_05_flow_matching,ode-rk45-adaptive-joint,mlp,bernoulli_glm_raw,0.5789299964904785,0.05268685550659065,0.5674999952316284,0.04537501931190491,5.696677130647004,0.0
cot_0_05_flow_matching,ode-rk45-adaptive-joint,time_mlp,gaussian_mixture,0.6592749953269958,0.06021535996693945,0.645799994468689,0.04967498779296875,12.549361244775355,0.0
cot_0_05_flow_matching,ode-rk45-adaptive-joint,time_mlp,sir,0.6924300014972686,0.08648002811281705,0.6747249960899353,0.06622499227523804,12.57158087939024,0.0
cot_0_05_flow_matching,ode-rk45-adaptive-joint,time_mlp,gaussian_linear,0.5549700081348419,0.03038832112745325,0.5478500127792358,0.021400004625320435,12.608804179355502,0.0
cot_0_05_flow_matching,ode-rk45-adaptive-joint,time_mlp,gaussian_linear_uniform,0.5412749886512757,0.019255848310869426,0.5373999774456024,0.015375018119812012,12.629677888005972,0.0
cot_0_05_flow_matching,ode-rk45-adaptive-joint,time_mlp,lotka_volterra,0.7666600048542023,0.08459374286485011,0.7308250069618225,0.049049973487854004,12.561303796246648,0.0
cot_0_05_flow_matching,ode-rk45-adaptive-joint,time_mlp,slcp,0.6873099982738495,0.07620428896890905,0.6651250123977661,0.04250001907348633,12.578350025229156,0.0
cot_0_05_flow_matching,ode-rk45-adaptive-joint,time_mlp,two_moons,0.6163300096988678,0.0621559505033935,0.6212500035762787,0.0515500009059906,12.540823252871633,0.0
cot_0_05_flow_matching,ode-rk45-adaptive-joint,time_mlp,bernoulli_glm,0.5659800052642823,0.04905496545148226,0.5648249983787537,0.048724979162216187,12.61392119154334,0.0
cot_0_05_flow_matching,ode-rk45-adaptive-joint,time_mlp,slcp_distractors,0.6684449970722198,0.09160907652562883,0.6441499888896942,0.07005000114440918,12.588039466179907,0.0
cot_0_05_flow_matching,ode-rk45-adaptive-joint,time_mlp,bernoulli_glm_raw,0.5406300127506256,0.028136603957602088,0.535874992609024,0.024074971675872803,12.624349221587181,0.0
cot_0_1_flow_matching,ode-rk45-adaptive-joint,mlp,gaussian_mixture,0.7519250094890595,0.06846551388981327,0.7486499845981598,0.06229999661445618,5.47835208568722,0.0
cot_0_1_flow_matching,ode-rk45-adaptive-joint,mlp,sir,0.7372449994087219,0.06975868861196774,0.7110500037670135,0.05572500824928284,5.477240991778672,0.0
cot_0_1_flow_matching,ode-rk45-adaptive-joint,mlp,gaussian_linear,0.6065200090408325,0.034062530873649015,0.5978000164031982,0.024149984121322632,5.545100933872163,0.0
cot_0_1_flow_matching,ode-rk45-adaptive-joint,mlp,gaussian_linear_uniform,0.6051900029182434,0.028151521744459392,0.6047750115394592,0.019450008869171143,5.549597798846662,0.0
cot_0_1_flow_matching,ode-rk45-adaptive-joint,mlp,lotka_volterra,0.8883100032806397,0.05083727788935961,0.8727000057697296,0.049400001764297485,5.51557741034776,0.0
cot_0_1_flow_matching,ode-rk45-adaptive-joint,mlp,slcp,0.7514500081539154,0.07978339901204254,0.7322500050067902,0.05632498860359192,5.484577983617783,0.0
cot_0_1_flow_matching,ode-rk45-adaptive-joint,mlp,two_moons,0.7296849966049195,0.0816777255034334,0.7193500101566315,0.06322500109672546,5.540288675576448,0.0
cot_0_1_flow_matching,ode-rk45-adaptive-joint,mlp,bernoulli_glm,0.6659150063991547,0.11498620974296682,0.6874749958515167,0.10285001993179321,5.550885130651295,0.0
cot_0_1_flow_matching,ode-rk45-adaptive-joint,mlp,slcp_distractors,0.7737250030040741,0.08239643207955362,0.7548249959945679,0.0640999972820282,5.656385416164994,0.0
cot_0_1_flow_matching,ode-rk45-adaptive-joint,mlp,bernoulli_glm_raw,0.6437249958515168,0.09267932075394403,0.6516499817371368,0.09075000882148743,5.689473030157387,0.0
cot_0_1_flow_matching,ode-rk45-adaptive-joint,time_mlp,gaussian_mixture,0.713465005159378,0.06524321766254727,0.6983000040054321,0.04829999804496765,12.538753190077841,0.0
cot_0_1_flow_matching,ode-rk45-adaptive-joint,time_mlp,sir,0.7399999976158143,0.07915105980709516,0.7323000133037567,0.07452502846717834,12.556950910016894,0.0
cot_0_1_flow_matching,ode-rk45-adaptive-joint,time_mlp,gaussian_linear,0.6108399987220764,0.03940528980003208,0.6033749878406525,0.03395000100135803,12.607839717529714,0.0
cot_0_1_flow_matching,ode-rk45-adaptive-joint,time_mlp,gaussian_linear_uniform,0.6108149886131287,0.03252949014835271,0.6093249917030334,0.027899980545043945,12.624301444739103,0.0
cot_0_1_flow_matching,ode-rk45-adaptive-joint,time_mlp,lotka_volterra,0.8142350018024445,0.08523564122383886,0.7866500020027161,0.05917501449584961,12.581850634887815,0.0
cot_0_1_flow_matching,ode-rk45-adaptive-joint,time_mlp,slcp,0.7174800038337708,0.056425798701706824,0.7235000133514404,0.04944998025894165,12.586511192843318,0.0
cot_0_1_flow_matching,ode-rk45-adaptive-joint,time_mlp,two_moons,0.6663899958133698,0.06313804445330708,0.6428000032901764,0.04845002293586731,12.555900633335114,0.0
cot_0_1_flow_matching,ode-rk45-adaptive-joint,time_mlp,bernoulli_glm,0.6323199987411499,0.08704509778223592,0.6490750014781952,0.07677501440048218,12.617583233863115,0.0
cot_0_1_flow_matching,ode-rk45-adaptive-joint,time_mlp,slcp_distractors,0.7024850010871887,0.050268481372122926,0.696274995803833,0.041874974966049194,12.59794228989631,0.0
cot_0_1_flow_matching,ode-rk45-adaptive-joint,time_mlp,bernoulli_glm_raw,0.613525003194809,0.0808160240446272,0.6094750165939331,0.07885000109672546,12.68868653755635,0.0
cot_partial_flow_matching,ode-rk45-adaptive-joint,mlp,gaussian_mixture,0.7009200036525727,0.08413255519343708,0.6841000020503998,0.0737999975681305,5.594115145504475,0.0
cot_partial_flow_matching,ode-rk45-adaptive-joint,mlp,sir,0.6143200159072876,0.07683423281684665,0.573375016450882,0.03382501006126404,5.494214958511293,0.0
cot_partial_flow_matching,ode-rk45-adaptive-joint,mlp,gaussian_linear,0.5108799934387207,0.005478277867233151,0.5091750025749207,0.002825021743774414,5.564735636115074,0.0
cot_partial_flow_matching,ode-rk45-adaptive-joint,mlp,gaussian_linear_uniform,0.5146950006484985,0.005789107260571913,0.5129750072956085,0.0024750232696533203,5.54989708494395,0.0
cot_partial_flow_matching,ode-rk45-adaptive-joint,mlp,lotka_volterra,0.8389550030231476,0.07481604692751635,0.8249500095844269,0.03782498836517334,5.512812695465982,0.0
cot_partial_flow_matching,ode-rk45-adaptive-joint,mlp,slcp,0.7110450029373169,0.0909592117439041,0.6896499991416931,0.05679997801780701,5.511709740385413,0.0
cot_partial_flow_matching,ode-rk45-adaptive-joint,mlp,two_moons,0.6493599951267243,0.09123272293404869,0.6473749876022339,0.05555000901222229,5.480726571753621,0.0
cot_partial_flow_matching,ode-rk45-adaptive-joint,mlp,bernoulli_glm,0.5947449982166291,0.07337925057516341,0.5923250019550323,0.06739997863769531,5.549749190919101,0.0
cot_partial_flow_matching,ode-rk45-adaptive-joint,mlp,slcp_distractors,0.7767599880695343,0.10464508625709491,0.7578499913215637,0.1094750165939331,5.723595331422985,0.0
cot_partial_flow_matching,ode-rk45-adaptive-joint,mlp,bernoulli_glm_raw,0.5733200073242187,0.05157160684387622,0.5626499950885773,0.04030001163482666,5.684454779140651,0.0
cot_partial_flow_matching,ode-rk45-adaptive-joint,time_mlp,gaussian_mixture,0.5999849975109101,0.06463965758931393,0.5776999890804291,0.03202497959136963,12.540860304608941,0.0
cot_partial_flow_matching,ode-rk45-adaptive-joint,time_mlp,sir,0.5837899923324585,0.06541293861497224,0.5598749816417694,0.02114999294281006,14.276611366309226,0.0
cot_partial_flow_matching,ode-rk45-adaptive-joint,time_mlp,gaussian_linear,0.512279999256134,0.00913030962257776,0.5100750029087067,0.005874991416931152,12.622669463977218,0.0
cot_partial_flow_matching,ode-rk45-adaptive-joint,time_mlp,gaussian_linear_uniform,0.5093400001525878,0.00605721154885233,0.5111000239849091,0.0042999982833862305,12.625716748647392,0.0
cot_partial_flow_matching,ode-rk45-adaptive-joint,time_mlp,lotka_volterra,0.7072949945926666,0.09558684380953836,0.6616249978542328,0.031599998474121094,12.566028502769768,0.0
cot_partial_flow_matching,ode-rk45-adaptive-joint,time_mlp,slcp,0.6533699989318847,0.07296664913362425,0.6428499817848206,0.045649975538253784,12.587519044056535,0.0
cot_partial_flow_matching,ode-rk45-adaptive-joint,time_mlp,two_moons,0.5721599936485291,0.061898026692221705,0.5586999952793121,0.03962501883506775,12.545159122906625,0.0
cot_partial_flow_matching,ode-rk45-adaptive-joint,time_mlp,bernoulli_glm,0.5447550058364868,0.04041573292268401,0.5353499948978424,0.027350008487701416,12.76429158821702,0.0
cot_partial_flow_matching,ode-rk45-adaptive-joint,time_mlp,slcp_distractors,0.6603749990463257,0.08961701209289986,0.6409749984741211,0.06470000743865967,12.605251621454954,0.0
cot_partial_flow_matching,ode-rk45-adaptive-joint,time_mlp,bernoulli_glm_raw,0.5325550019741059,0.025419269370915556,0.5203999876976013,0.011274993419647217,12.616974281147122,0.0
diffusion_edm_vp,ode-rk45-adaptive-joint,mlp,gaussian_mixture,0.6333100020885467,0.05531758780380256,0.6184749901294708,0.04607498645782471,5.9757211515679955,0.0
diffusion_edm_vp,ode-rk45-adaptive-joint,mlp,sir,0.6184249937534332,0.08130103476594176,0.5802749991416931,0.02837499976158142,5.65531237795949,0.0
diffusion_edm_vp,ode-rk45-adaptive-joint,mlp,gaussian_linear,0.5037000060081482,0.0017994433514952537,0.5033000111579895,0.000424996018409729,5.710917770862579,0.0
diffusion_edm_vp,ode-rk45-adaptive-joint,mlp,gaussian_linear_uniform,0.5076349973678589,0.003590539426109058,0.5074499845504761,0.0024250149726867676,5.677818113937974,0.0
diffusion_edm_vp,ode-rk45-adaptive-joint,mlp,lotka_volterra,0.8507100045681,0.06059910023532007,0.8679749965667725,0.05550000071525574,5.63362187333405,0.0
diffusion_edm_vp,ode-rk45-adaptive-joint,mlp,slcp,0.702269995212555,0.08723855623819865,0.6899249851703644,0.06922498345375061,5.6289274878799915,0.0
diffusion_edm_vp,ode-rk45-adaptive-joint,mlp,two_moons,0.561014997959137,0.043633426467375704,0.5384750068187714,0.015074998140335083,5.5586550291627645,0.0
diffusion_edm_vp,ode-rk45-adaptive-joint,mlp,bernoulli_glm,0.5971149921417236,0.058750071484053604,0.5900499820709229,0.05692499876022339,5.741722980514169,0.0
diffusion_edm_vp,ode-rk45-adaptive-joint,mlp,slcp_distractors,0.7285199940204621,0.09431285938609409,0.7123749852180481,0.05517500638961792,5.774025808088481,0.0
diffusion_edm_vp,ode-rk45-adaptive-joint,mlp,bernoulli_glm_raw,0.5692350029945373,0.040385482348377355,0.5554499924182892,0.027500003576278687,5.826630452647805,0.0
diffusion_edm_vp,ode-rk45-adaptive-joint,time_mlp,gaussian_mixture,0.5275050103664398,0.007065462920585122,0.5278750061988831,0.003800004720687866,12.691407158970833,0.0
diffusion_edm_vp,ode-rk45-adaptive-joint,time_mlp,sir,0.5355199933052063,0.016720138673374633,0.5333749949932098,0.01132500171661377,12.665539387613535,0.0
diffusion_edm_vp,ode-rk45-adaptive-joint,time_mlp,gaussian_linear,0.5046400010585785,0.0030426781727308375,0.5050750076770782,0.0025250017642974854,12.755450027063489,0.0
diffusion_edm_vp,ode-rk45-adaptive-joint,time_mlp,gaussian_linear_uniform,0.514394998550415,0.005122172061266757,0.5150499939918518,0.0031249821186065674,12.745840756222606,0.0
diffusion_edm_vp,ode-rk45-adaptive-joint,time_mlp,lotka_volterra,0.7134249985218049,0.09220166505224332,0.68299999833107,0.03979998826980591,12.69589176401496,0.0
diffusion_edm_vp,ode-rk45-adaptive-joint,time_mlp,slcp,0.6478349983692169,0.09210697795271668,0.6230500042438507,0.06675001978874207,12.692332344129682,0.0
diffusion_edm_vp,ode-rk45-adaptive-joint,time_mlp,two_moons,0.5246950030326843,0.011229209995516866,0.5244249999523163,0.007350027561187744,12.642165848985314,0.0
diffusion_edm_vp,ode-rk45-adaptive-joint,time_mlp,bernoulli_glm,0.5189650058746338,0.003943607659497416,0.5187750160694122,0.0016750097274780273,12.757293647155166,0.0
diffusion_edm_vp,ode-rk45-adaptive-joint,time_mlp,slcp_distractors,0.6510949909687043,0.07518585162124472,0.6405499875545502,0.06944999098777771,12.709648054093122,0.0
diffusion_edm_vp,ode-rk45-adaptive-joint,time_mlp,bernoulli_glm_raw,0.5182150065898895,0.005221489378941368,0.5192750096321106,0.0024499893188476562,12.780616352334619,0.0
diffusion_edm_vp_ema,ode-rk45-adaptive-joint,mlp,gaussian_mixture,0.6492550015449524,0.05241952845637263,0.6418749988079071,0.04967498779296875,5.642346845008433,0.0
diffusion_edm_vp_ema,ode-rk45-adaptive-joint,mlp,sir,0.6309049963951111,0.0843730305248933,0.5920499861240387,0.0310249924659729,5.586578130722046,0.0
diffusion_edm_vp_ema,ode-rk45-adaptive-joint,mlp,gaussian_linear,0.503245010972023,0.0027420325181925524,0.5026750266551971,0.0019250214099884033,5.7417385671287775,0.0
diffusion_edm_vp_ema,ode-rk45-adaptive-joint,mlp,gaussian_linear_uniform,0.5080150038003921,0.0033338480875512656,0.5080499947071075,0.0022749900817871094,5.691222438588738,0.0
diffusion_edm_vp_ema,ode-rk45-adaptive-joint,mlp,lotka_volterra,0.864235007762909,0.07288620559386848,0.903300017118454,0.030375003814697266,5.632185145281255,0.0
diffusion_edm_vp_ema,ode-rk45-adaptive-joint,mlp,slcp,0.7031850039958953,0.0976131102534902,0.6685999929904938,0.031824976205825806,5.623823642730713,0.0
diffusion_edm_vp_ema,ode-rk45-adaptive-joint,mlp,two_moons,0.5610799968242646,0.04695361115000438,0.5394999980926514,0.024399995803833008,5.613172953017056,0.0
diffusion_edm_vp_ema,ode-rk45-adaptive-joint,mlp,bernoulli_glm,0.5989300012588501,0.059316818035778915,0.5974499881267548,0.060124993324279785,5.684128302149475,0.0
diffusion_edm_vp_ema,ode-rk45-adaptive-joint,mlp,slcp_distractors,0.729289996623993,0.08535722017259592,0.7077749967575073,0.052724987268447876,5.762034486979246,0.0
diffusion_edm_vp_ema,ode-rk45-adaptive-joint,mlp,bernoulli_glm_raw,0.5733899891376495,0.03868897604085696,0.5763500034809113,0.040325015783309937,5.832977761514485,0.0
diffusion_edm_vp_ema,ode-rk45-adaptive-joint,time_mlp,gaussian_mixture,0.5259849965572357,0.007393647443729171,0.5261749923229218,0.007124990224838257,12.66172584053129,0.0
diffusion_edm_vp_ema,ode-rk45-adaptive-joint,time_mlp,sir,0.5399399995803833,0.019563470899621734,0.5411249995231628,0.009725004434585571,12.672918340191245,0.0
diffusion_edm_vp_ema,ode-rk45-adaptive-joint,time_mlp,gaussian_linear,0.5040149956941604,0.0034361351317137787,0.5036749988794327,0.002950012683868408,12.73365272860974,0.0
diffusion_edm_vp_ema,ode-rk45-adaptive-joint,time_mlp,gaussian_linear_uniform,0.5131099998950959,0.003227682971478632,0.5133500099182129,0.002750009298324585,12.757261397317052,0.0
diffusion_edm_vp_ema,ode-rk45-adaptive-joint,time_mlp,lotka_volterra,0.7009450018405914,0.08991662198501428,0.6517249941825867,0.02432498335838318,12.900067821145058,0.0
diffusion_edm_vp_ema,ode-rk45-adaptive-joint,time_mlp,slcp,0.6332300066947937,0.06210729930236317,0.6131500005722046,0.028349995613098145,12.71272555552423,0.0
diffusion_edm_vp_ema,ode-rk45-adaptive-joint,time_mlp,two_moons,0.5148149967193604,0.014595287902008258,0.5080749988555908,0.005174994468688965,12.805986954830587,0.0
diffusion_edm_vp_ema,ode-rk45-adaptive-joint,time_mlp,bernoulli_glm,0.520310002565384,0.008222147950850895,0.519225001335144,0.005199998617172241,12.84592488501221,0.0
diffusion_edm_vp_ema,ode-rk45-adaptive-joint,time_mlp,slcp_distractors,0.6595899999141693,0.08454747650488013,0.6244249939918518,0.05410000681877136,12.714385447092354,0.0
diffusion_edm_vp_ema,ode-rk45-adaptive-joint,time_mlp,bernoulli_glm_raw,0.522709995508194,0.006631606648931585,0.5235999822616577,0.00242498517036438,12.747528900392354,0.0
diffusion_edm_ve,ode-rk45-adaptive-joint,mlp,gaussian_mixture,0.7610700070858002,0.06955630343901613,0.7594999969005585,0.06814998388290405,5.614075639285147,0.0
diffusion_edm_ve,ode-rk45-adaptive-joint,mlp,sir,0.647409999370575,0.04010379895897355,0.6426750123500824,0.01940000057220459,5.598289898596704,0.0
diffusion_edm_ve,ode-rk45-adaptive-joint,mlp,gaussian_linear,0.7928149998188019,0.010320606927279615,0.7917749881744385,0.007674992084503174,5.701013361103833,0.0
diffusion_edm_ve,ode-rk45-adaptive-joint,mlp,gaussian_linear_uniform,0.7864550054073334,0.015183811700947725,0.7842000126838684,0.011424988508224487,5.673499553464353,0.0
diffusion_edm_ve,ode-rk45-adaptive-joint,mlp,lotka_volterra,0.8758499979972839,0.052566652815644266,0.8880500197410583,0.01895001530647278,5.642595602199435,0.0
diffusion_edm_ve,ode-rk45-adaptive-joint,mlp,slcp,0.8086400032043457,0.044864310061242425,0.806674987077713,0.019425034523010254,5.713323953561485,0.0
diffusion_edm_ve,ode-rk45-adaptive-joint,mlp,two_moons,0.6393249988555908,0.06644666999219502,0.6209999918937683,0.032350003719329834,5.569672042503953,0.0
diffusion_edm_ve,ode-rk45-adaptive-joint,mlp,bernoulli_glm,0.8258249938488007,0.07022754245138575,0.8298749923706055,0.07129999995231628,5.700444377958775,0.0
diffusion_edm_ve,ode-rk45-adaptive-joint,mlp,slcp_distractors,0.8046049892902374,0.046975071461477835,0.7962499856948853,0.0265749990940094,5.7923830430954695,0.0
diffusion_edm_ve,ode-rk45-adaptive-joint,mlp,bernoulli_glm_raw,0.8225099980831146,0.06895558782249281,0.832150012254715,0.06059998273849487,5.842148814350367,0.0
diffusion_edm_ve,ode-rk45-adaptive-joint,time_mlp,gaussian_mixture,0.6293250024318695,0.017456894310216065,0.625775009393692,0.01759999990463257,12.657363037578762,0.0
diffusion_edm_ve,ode-rk45-adaptive-joint,time_mlp,sir,0.6261549949645996,0.01994886240078696,0.6262750029563904,0.02415001392364502,12.673032782040536,0.0
diffusion_edm_ve,ode-rk45-adaptive-joint,time_mlp,gaussian_linear,0.807690006494522,0.01790185151045104,0.8067499995231628,0.015049993991851807,12.746292795985937,0.0
diffusion_edm_ve,ode-rk45-adaptive-joint,time_mlp,gaussian_linear_uniform,0.779845005273819,0.01649327474881105,0.7779500186443329,0.017175018787384033,12.704339451156557,0.0
diffusion_edm_ve,ode-rk45-adaptive-joint,time_mlp,lotka_volterra,0.7295500040054321,0.07758012957354095,0.6894749999046326,0.020575016736984253,12.685176325030625,0.0
diffusion_edm_ve,ode-rk45-adaptive-joint,time_mlp,slcp,0.7898849964141845,0.036782709531980436,0.7975749969482422,0.033699989318847656,12.961366694420576,0.0
diffusion_edm_ve,ode-rk45-adaptive-joint,time_mlp,two_moons,0.6473400056362152,0.03329074572331345,0.6448250114917755,0.022374987602233887,13.151697123423219,0.0
diffusion_edm_ve,ode-rk45-adaptive-joint,time_mlp,bernoulli_glm,0.7493799984455108,0.04692178996991977,0.7491999864578247,0.04535001516342163,12.74217508919537,0.0
diffusion_edm_ve,ode-rk45-adaptive-joint,time_mlp,slcp_distractors,0.7901400089263916,0.030176331490495263,0.7942750155925751,0.02355000376701355,12.92595989536494,0.0
diffusion_edm_ve,ode-rk45-adaptive-joint,time_mlp,bernoulli_glm_raw,0.7431600034236908,0.05088123679415369,0.7393749952316284,0.05012500286102295,12.773763231001794,0.0
diffusion_cosine_F,ode-rk45-adaptive-joint,mlp,gaussian_mixture,0.6336650013923645,0.055621862793496846,0.6285499930381775,0.06014999747276306,6.283892314881086,0.0
diffusion_cosine_F,ode-rk45-adaptive-joint,mlp,sir,0.6188399970531464,0.07793521373594543,0.5834499895572662,0.018924981355667114,5.869162382557988,0.0
diffusion_cosine_F,ode-rk45-adaptive-joint,mlp,gaussian_linear,0.5028449952602386,0.002967528664519451,0.5019999891519547,0.001524999737739563,5.694247069768608,0.0
diffusion_cosine_F,ode-rk45-adaptive-joint,mlp,gaussian_linear_uniform,0.5063300013542176,0.00258701302329995,0.505950003862381,0.0015000104904174805,5.814694174565375,0.0
diffusion_cosine_F,ode-rk45-adaptive-joint,mlp,lotka_volterra,0.8475150048732758,0.06989239041466674,0.8413749933242798,0.044124990701675415,5.740461131557822,0.0
diffusion_cosine_F,ode-rk45-adaptive-joint,mlp,slcp,0.7371999979019165,0.09527016289988084,0.723800003528595,0.09187501668930054,5.919861972332001,0.0
diffusion_cosine_F,ode-rk45-adaptive-joint,mlp,two_moons,0.5877749979496002,0.04945336696794153,0.5730000138282776,0.025175034999847412,5.710007502697408,0.0
diffusion_cosine_F,ode-rk45-adaptive-joint,mlp,bernoulli_glm,0.5647399961948395,0.046566656719185744,0.5591000020503998,0.0421999990940094,5.730067124590278,0.0
diffusion_cosine_F,ode-rk45-adaptive-joint,mlp,slcp_distractors,0.7797049880027771,0.07887840426177337,0.7652999758720398,0.05687496066093445,6.303384139202535,0.0
diffusion_cosine_F,ode-rk45-adaptive-joint,mlp,bernoulli_glm_raw,0.5601649940013885,0.03586905473261508,0.5589999854564667,0.03587499260902405,5.849439295008779,0.0
diffusion_cosine_F,ode-rk45-adaptive-joint,time_mlp,gaussian_mixture,0.5234250068664551,0.010807905343521112,0.5183499753475189,0.005774974822998047,12.666016752831638,0.0
diffusion_cosine_F,ode-rk45-adaptive-joint,time_mlp,sir,0.5448750078678131,0.01628863048382922,0.5394749939441681,0.014075011014938354,13.181013016961515,0.0
diffusion_cosine_F,ode-rk45-adaptive-joint,time_mlp,gaussian_linear,0.5051099985837937,0.003001397129283861,0.5047749876976013,0.002549991011619568,12.76496515981853,0.0
diffusion_cosine_F,ode-rk45-adaptive-joint,time_mlp,gaussian_linear_uniform,0.5039099901914597,0.002931531284458433,0.503849983215332,0.0017000138759613037,12.782582733780146,0.0
diffusion_cosine_F,ode-rk45-adaptive-joint,time_mlp,lotka_volterra,0.7260350108146667,0.07230460920064262,0.6982499957084656,0.03662499785423279,13.194084340706468,0.0
diffusion_cosine_F,ode-rk45-adaptive-joint,time_mlp,slcp,0.6628849983215332,0.10291359706546402,0.5976499915122986,0.03270000219345093,13.189584350213408,0.0
diffusion_cosine_F,ode-rk45-adaptive-joint,time_mlp,two_moons,0.5116249918937683,0.005374443187811996,0.5119499862194061,0.0024749934673309326,13.179050216451287,0.0
diffusion_cosine_F,ode-rk45-adaptive-joint,time_mlp,bernoulli_glm,0.5108749985694885,0.005386060608407024,0.5100750029087067,0.0032500028610229492,12.76743286754936,0.0
diffusion_cosine_F,ode-rk45-adaptive-joint,time_mlp,slcp_distractors,0.6639750063419342,0.09542321854697543,0.6157000064849854,0.04254999756813049,12.722725045867264,0.0
diffusion_cosine_F,ode-rk45-adaptive-joint,time_mlp,bernoulli_glm_raw,0.5167849957942963,0.0046418794318654226,0.5171250104904175,0.0006749927997589111,12.958816134370863,0.0
diffusion_cosine_v,ode-rk45-adaptive-joint,mlp,gaussian_mixture,0.6355149924755097,0.055139218351104996,0.6298249959945679,0.05867499113082886,5.609633573330939,0.0
diffusion_cosine_v,ode-rk45-adaptive-joint,mlp,sir,0.605424988269806,0.09114732191747905,0.5660249888896942,0.04519999027252197,5.948816348798573,0.0
diffusion_cosine_v,ode-rk45-adaptive-joint,mlp,gaussian_linear,0.5036149948835373,0.002265615454596293,0.503724992275238,0.0018999874591827393,6.0450914446264505,0.0
diffusion_cosine_v,ode-rk45-adaptive-joint,mlp,gaussian_linear_uniform,0.5089049935340881,0.002353559890337243,0.5096499919891357,0.0016750097274780273,5.703513511456549,0.0
diffusion_cosine_v,ode-rk45-adaptive-joint,mlp,lotka_volterra,0.8508100092411042,0.060034423160048755,0.849824994802475,0.05892500281333923,5.863610381260514,0.0
diffusion_cosine_v,ode-rk45-adaptive-joint,mlp,slcp,0.7170750021934509,0.08614734129024625,0.694474995136261,0.05364999175071716,5.623538133688271,0.0
diffusion_cosine_v,ode-rk45-adaptive-joint,mlp,two_moons,0.5856600105762482,0.04984925118871053,0.5631250143051147,0.024725019931793213,5.820688946172595,0.0
diffusion_cosine_v,ode-rk45-adaptive-joint,mlp,bernoulli_glm,0.5739950060844421,0.04236051004854418,0.5797250270843506,0.044649988412857056,5.684565736912191,0.0
diffusion_cosine_v,ode-rk45-adaptive-joint,mlp,slcp_distractors,0.7770900070667267,0.08465505818458714,0.7616250216960907,0.05660000443458557,5.787397704087198,0.0
diffusion_cosine_v,ode-rk45-adaptive-joint,mlp,bernoulli_glm_raw,0.5564949989318848,0.030663767163322024,0.5560750067234039,0.029774993658065796,5.836503040976822,0.0
diffusion_cosine_v,ode-rk45-adaptive-joint,time_mlp,gaussian_mixture,0.5286750078201294,0.009373764897595744,0.5263000130653381,0.005624979734420776,12.653240752406418,0.0
diffusion_cosine_v,ode-rk45-adaptive-joint,time_mlp,sir,0.539820009469986,0.01803783032931654,0.5324750244617462,0.009074985980987549,13.168250940740108,0.0
diffusion_cosine_v,ode-rk45-adaptive-joint,time_mlp,gaussian_linear,0.5055300027132035,0.003225307782606056,0.5053749978542328,0.0025500059127807617,12.758318620733917,0.0
diffusion_cosine_v,ode-rk45-adaptive-joint,time_mlp,gaussian_linear_uniform,0.5046699941158295,0.0020598797885976803,0.5042999982833862,0.0006500184535980225,12.762590300291777,0.0
diffusion_cosine_v,ode-rk45-adaptive-joint,time_mlp,lotka_volterra,0.7410999953746795,0.09627017285473052,0.7049749791622162,0.04890000820159912,13.188073330558836,0.0
diffusion_cosine_v,ode-rk45-adaptive-joint,time_mlp,slcp,0.6474650025367736,0.09942833822557641,0.5943500101566315,0.03275001049041748,13.290402616374195,0.0
diffusion_cosine_v,ode-rk45-adaptive-joint,time_mlp,two_moons,0.5079350024461746,0.007029289367687962,0.50627501308918,0.0033749938011169434,13.178302962332964,0.0
diffusion_cosine_v,ode-rk45-adaptive-joint,time_mlp,bernoulli_glm,0.514300012588501,0.0052427545483477896,0.5130750238895416,0.0011999905109405518,12.75026336684823,0.0
diffusion_cosine_v,ode-rk45-adaptive-joint,time_mlp,slcp_distractors,0.6349649965763092,0.09145460250089224,0.5771250128746033,0.014975011348724365,13.225853213109076,0.0
diffusion_cosine_v,ode-rk45-adaptive-joint,time_mlp,bernoulli_glm_raw,0.5193199992179871,0.007019695938835005,0.5183500051498413,0.004200011491775513,12.778189703822136,0.0
diffusion_cosine_v_lw,ode-rk45-adaptive-joint,mlp,gaussian_mixture,0.6527250051498413,0.05687588870140502,0.6418000161647797,0.040775030851364136,5.585922885686159,0.0
diffusion_cosine_v_lw,ode-rk45-adaptive-joint,mlp,sir,0.6075399994850159,0.08592552334048552,0.5631999969482422,0.030824989080429077,5.819992376491427,0.0
diffusion_cosine_v_lw,ode-rk45-adaptive-joint,mlp,gaussian_linear,0.5023900002241135,0.0015875772501690922,0.5026749968528748,0.0014499872922897339,5.696546063758433,0.0
diffusion_cosine_v_lw,ode-rk45-adaptive-joint,mlp,gaussian_linear_uniform,0.5085300028324127,0.006089390307265436,0.5075500011444092,0.005499988794326782,5.704385466873646,0.0
diffusion_cosine_v_lw,ode-rk45-adaptive-joint,mlp,lotka_volterra,0.8745100021362304,0.05029259622771274,0.8910750150680542,0.02597498893737793,5.853706644847989,0.0
diffusion_cosine_v_lw,ode-rk45-adaptive-joint,mlp,slcp,0.7215849995613098,0.11023785545699205,0.6882250010967255,0.0799500048160553,5.632496818900108,0.0
diffusion_cosine_v_lw,ode-rk45-adaptive-joint,mlp,two_moons,0.5973800003528595,0.052276968101601075,0.5900499820709229,0.04954996705055237,5.595316403545439,0.0
diffusion_cosine_v_lw,ode-rk45-adaptive-joint,mlp,bernoulli_glm,0.5752099990844727,0.04261941784561425,0.5681250095367432,0.04187503457069397,5.689503132365644,0.0
diffusion_cosine_v_lw,ode-rk45-adaptive-joint,mlp,slcp_distractors,0.7444899916648865,0.08523565559280247,0.7036249935626984,0.04182499647140503,5.78070770483464,0.0
diffusion_cosine_v_lw,ode-rk45-adaptive-joint,mlp,bernoulli_glm_raw,0.5561800003051758,0.02835430377882005,0.5580500066280365,0.02997499704360962,5.839558886364102,0.0
diffusion_cosine_v_lw,ode-rk45-adaptive-joint,time_mlp,gaussian_mixture,0.5394050002098083,0.009610939646585633,0.5405499935150146,0.004124999046325684,12.662326556630433,0.0
diffusion_cosine_v_lw,ode-rk45-adaptive-joint,time_mlp,sir,0.5427750051021576,0.017060172656332237,0.5341500043869019,0.006150007247924805,13.160866428166628,0.0
diffusion_cosine_v_lw,ode-rk45-adaptive-joint,time_mlp,gaussian_linear,0.5046899974346161,0.0027396871620302293,0.5044749975204468,0.0027000010013580322,12.738108850084245,0.0
diffusion_cosine_v_lw,ode-rk45-adaptive-joint,time_mlp,gaussian_linear_uniform,0.505155012011528,0.0034664416508642594,0.5054500102996826,0.0033249855041503906,12.755060906521976,0.0
diffusion_cosine_v_lw,ode-rk45-adaptive-joint,time_mlp,lotka_volterra,0.7280400037765503,0.0787377281952776,0.7040500044822693,0.029925018548965454,13.181379542686045,0.0
diffusion_cosine_v_lw,ode-rk45-adaptive-joint,time_mlp,slcp,0.6507699906826019,0.09582591510726657,0.6079750061035156,0.04340001940727234,14.474205370992422,0.0
diffusion_cosine_v_lw,ode-rk45-adaptive-joint,time_mlp,two_moons,0.5287749946117402,0.008255258887756951,0.530174970626831,0.0054750144481658936,13.94366046320647,0.0
diffusion_cosine_v_lw,ode-rk45-adaptive-joint,time_mlp,bernoulli_glm,0.5138599932193756,0.006862206581862371,0.5133500099182129,0.005575031042098999,12.7473299279809,0.0
diffusion_cosine_v_lw,ode-rk45-adaptive-joint,time_mlp,slcp_distractors,0.6573050022125244,0.09934783806486289,0.606124997138977,0.03834998607635498,14.229588026180863,0.0
diffusion_cosine_v_lw,ode-rk45-adaptive-joint,time_mlp,bernoulli_glm_raw,0.5199999928474426,0.006465331748203103,0.5178999900817871,0.004799991846084595,12.769292525947094,0.0
diffusion_cosine_noise,ode-rk45-adaptive-joint,mlp,gaussian_mixture,0.6409700036048889,0.05259331253660122,0.6398750245571136,0.0497249960899353,6.535473994910717,0.0
diffusion_cosine_noise,ode-rk45-adaptive-joint,mlp,sir,0.6308650016784668,0.08623593596607528,0.5943000018596649,0.028799980878829956,6.5264300387352705,0.0
diffusion_cosine_noise,ode-rk45-adaptive-joint,mlp,gaussian_linear,0.5123449862003326,0.00651346923572252,0.511474996805191,0.004249989986419678,6.265735786408186,0.0
diffusion_cosine_noise,ode-rk45-adaptive-joint,mlp,gaussian_linear_uniform,0.5126849949359894,0.005267544683546711,0.5110250115394592,0.0010499656200408936,6.270794982090592,0.0
diffusion_cosine_noise,ode-rk45-adaptive-joint,mlp,lotka_volterra,0.8758599936962128,0.051215037270118294,0.8858749866485596,0.04794999957084656,6.3100269213318825,0.0
diffusion_cosine_noise,ode-rk45-adaptive-joint,mlp,slcp,0.7480800092220307,0.09935942258627371,0.7125000059604645,0.057999998331069946,6.178382128477097,0.0
diffusion_cosine_noise,ode-rk45-adaptive-joint,mlp,two_moons,0.5802999973297119,0.045534798367823835,0.5581499934196472,0.022549986839294434,6.247026124037802,0.0
diffusion_cosine_noise,ode-rk45-adaptive-joint,mlp,bernoulli_glm,0.572775000333786,0.03784911820366967,0.56147500872612,0.02590000629425049,6.134339288808405,0.0
diffusion_cosine_noise,ode-rk45-adaptive-joint,mlp,slcp_distractors,0.7797700047492981,0.07427115956324278,0.7434000074863434,0.01570001244544983,6.243924828246236,0.0
diffusion_cosine_noise,ode-rk45-adaptive-joint,mlp,bernoulli_glm_raw,0.6160300016403198,0.01791253541201028,0.619949996471405,0.01682502031326294,6.409445409663022,0.0
diffusion_cosine_noise,ode-rk45-adaptive-joint,time_mlp,gaussian_mixture,0.5791300058364868,0.0064916145669846265,0.5780999958515167,0.0033999979496002197,13.67486232612282,0.0
diffusion_cosine_noise,ode-rk45-adaptive-joint,time_mlp,sir,0.5800400018692017,0.015503964528848585,0.580949991941452,0.013750016689300537,13.434280186891556,0.0
diffusion_cosine_noise,ode-rk45-adaptive-joint,time_mlp,gaussian_linear,0.5716550052165985,0.009449964217178025,0.5721500217914581,0.005250036716461182,17.69520609267056,0.0
diffusion_cosine_noise,ode-rk45-adaptive-joint,time_mlp,gaussian_linear_uniform,0.5705399930477142,0.0071203438918467435,0.5711999833583832,0.00550001859664917,13.93131423741579,0.0
diffusion_cosine_noise,ode-rk45-adaptive-joint,time_mlp,lotka_volterra,0.7204471826553345,0.10843536279123853,0.6870999932289124,0.06825000047683716,13.936478070914745,0.0
diffusion_cosine_noise,ode-rk45-adaptive-joint,time_mlp,slcp,0.6973549962043762,0.07523372552590506,0.6693249940872192,0.025875002145767212,13.441475448198617,0.0
diffusion_cosine_noise,ode-rk45-adaptive-joint,time_mlp,two_moons,0.5413500070571899,0.02597691192759581,0.5387250185012817,0.02082499861717224,13.418269345536828,0.0
diffusion_cosine_noise,ode-rk45-adaptive-joint,time_mlp,bernoulli_glm,0.6088049948215485,0.022422355547735005,0.6019499897956848,0.005750000476837158,13.522403533570468,0.0
diffusion_cosine_noise,ode-rk45-adaptive-joint,time_mlp,slcp_distractors,0.6997800052165986,0.09234996177475112,0.6862500011920929,0.05412501096725464,13.465236808173358,0.0
diffusion_cosine_noise,ode-rk45-adaptive-joint,time_mlp,bernoulli_glm_raw,0.5806499898433686,0.015454619814359524,0.5750249922275543,0.007299989461898804,13.802861724980175,0.0
flow_matching,ode-tsit5-adaptive,mlp,gaussian_mixture,0.6667699992656708,0.04854321460792299,0.6727499961853027,0.04152500629425049,4.16397117190063,0.005314839631364169
flow_matching,ode-tsit5-adaptive,mlp,sir,0.5999100029468536,0.052283704469987556,0.5752499997615814,0.016874998807907104,4.233606749400496,0.004729640147218525
flow_matching,ode-tsit5-adaptive,mlp,gaussian_linear,0.5034599900245667,0.002475968612039941,0.5028999745845795,0.0018250048160552979,4.181732019875199,0.005246465587229368
flow_matching,ode-tsit5-adaptive,mlp,gaussian_linear_uniform,0.5066600054502487,0.004533752019275101,0.5053500235080719,0.002750009298324585,4.201767306309193,0.014898391553529304
flow_matching,ode-tsit5-adaptive,mlp,lotka_volterra,0.8533599972724915,0.07052193726102475,0.8507499992847443,0.04022499918937683,4.246727924328297,0.00518871054409202
flow_matching,ode-tsit5-adaptive,mlp,slcp,0.7507849991321563,0.09964091067123836,0.7210249900817871,0.058099985122680664,4.164801691006869,0.004872061783252648
flow_matching,ode-tsit5-adaptive,mlp,two_moons,0.6352649986743927,0.057634085906440556,0.6300750076770782,0.049100011587142944,4.154123668931424,0.004050037360162097
flow_matching,ode-tsit5-adaptive,mlp,bernoulli_glm,0.5550050020217896,0.03223384593763732,0.5549750030040741,0.030674993991851807,4.173850504402071,0.003854620910319033
flow_matching,ode-tsit5-adaptive,mlp,slcp_distractors,0.7666150093078613,0.09440877664554762,0.721325010061264,0.047825008630752563,4.2496107099577785,0.00488977269447605
flow_matching,ode-tsit5-adaptive,mlp,bernoulli_glm_raw,0.5435700058937073,0.01911803776867885,0.5479499995708466,0.012849986553192139,4.290065355412662,0.010631944338195205
flow_matching,ode-tsit5-adaptive,time_mlp,gaussian_mixture,0.5401799976825714,0.009012810027949876,0.5367499887943268,0.006650000810623169,8.351522161625326,0.037188701573122464
flow_matching,ode-tsit5-adaptive,time_mlp,sir,0.5441850006580353,0.02184978960004474,0.540800005197525,0.0104999840259552,8.260842946730554,0.010526371914271427
flow_matching,ode-tsit5-adaptive,time_mlp,gaussian_linear,0.502634996175766,0.001730177283899609,0.5022749900817871,0.0013749897480010986,8.196055310312659,0.02626096769023158
flow_matching,ode-tsit5-adaptive,time_mlp,gaussian_linear_uniform,0.5058649986982345,0.0034494170523843384,0.5054500102996826,0.0014999806880950928,8.302448723278939,0.011620346549170307
flow_matching,ode-tsit5-adaptive,time_mlp,lotka_volterra,0.7084249973297119,0.10259684760072277,0.6794500052928925,0.05134999752044678,8.319042634777725,0.044575044663597005
flow_matching,ode-tsit5-adaptive,time_mlp,slcp,0.6387649953365326,0.09936776209411752,0.5785999894142151,0.019724994897842407,8.216036455333233,0.05004567261079275
flow_matching,ode-tsit5-adaptive,time_mlp,two_moons,0.5195199966430664,0.008670394162306447,0.5194500088691711,0.0031499862670898438,8.448568973969667,0.06654880861009513
flow_matching,ode-tsit5-adaptive,time_mlp,bernoulli_glm,0.511080002784729,0.0049485040251409755,0.5109499990940094,0.0038250088691711426,8.306358288787305,0.007781561257085303
flow_matching,ode-tsit5-adaptive,time_mlp,slcp_distractors,0.6715199947357178,0.1063325056816027,0.6174249947071075,0.05449998378753662,8.394409958273172,0.012077613954090353
flow_matching,ode-tsit5-adaptive,time_mlp,bernoulli_glm_raw,0.5117449998855591,0.005897522295980596,0.5110750198364258,0.0036750435829162598,8.132434529811144,0.008851789290212098
flow_matching_edm,ode-tsit5-adaptive,mlp,gaussian_mixture,0.648644995689392,0.04492366974030961,0.6406500041484833,0.03790000081062317,4.198767203371972,0.008393642416032365
flow_matching_edm,ode-tsit5-adaptive,mlp,sir,0.5883300006389618,0.053006306587242404,0.5680499970912933,0.020574986934661865,4.222526101395488,0.03365821611176181
flow_matching_edm,ode-tsit5-adaptive,mlp,gaussian_linear,0.5026200026273727,0.0022910899079176135,0.5013999938964844,0.00042498111724853516,4.2399846578016875,0.005744503146835806
flow_matching_edm,ode-tsit5-adaptive,mlp,gaussian_linear_uniform,0.5080200016498566,0.0032954712046048104,0.5081000030040741,0.002925008535385132,4.357448538951576,0.07638255159795802
flow_matching_edm,ode-tsit5-adaptive,mlp,lotka_volterra,0.8218550026416779,0.08825351756537786,0.8467999994754791,0.0653499960899353,4.163038058485836,0.004664594845415697
flow_matching_edm,ode-tsit5-adaptive,mlp,slcp,0.7054399967193603,0.10165389214852708,0.6706500053405762,0.06165000796318054,4.095165052264929,0.004015121457020056
flow_matching_edm,ode-tsit5-adaptive,mlp,two_moons,0.5711149930953979,0.05352440001346849,0.5600000023841858,0.04235002398490906,4.1870368011295795,0.0036611081236557754
flow_matching_edm,ode-tsit5-adaptive,mlp,bernoulli_glm,0.5633099973201752,0.0379280157529465,0.5608999729156494,0.03572499752044678,4.1547856781631705,0.040516174727597394
flow_matching_edm,ode-tsit5-adaptive,mlp,slcp_distractors,0.7613749980926514,0.08842628503285403,0.7224999964237213,0.04120001196861267,4.05330012589693,0.04022524622383884
flow_matching_edm,ode-tsit5-adaptive,mlp,bernoulli_glm_raw,0.5521499991416932,0.027263445740626713,0.5472249984741211,0.024325013160705566,4.210686647705733,0.0054682810076839075
flow_matching_edm,ode-tsit5-adaptive,time_mlp,gaussian_mixture,0.5419950008392334,0.0077991537082313855,0.5434499979019165,0.003725022077560425,8.427381581719965,0.013336660832336427
flow_matching_edm,ode-tsit5-adaptive,time_mlp,sir,0.5372099995613098,0.012390889953589869,0.5347999930381775,0.004924982786178589,8.25871990751475,0.16869873148378378
flow_matching_edm,ode-tsit5-adaptive,time_mlp,gaussian_linear,0.5024499922990799,0.001676600450750812,0.5023999959230423,0.001100003719329834,8.28067718334496,0.009433789518958843
flow_matching_edm,ode-tsit5-adaptive,time_mlp,gaussian_linear_uniform,0.5086300015449524,0.0031900017799951974,0.5086250007152557,0.002875000238418579,8.3122523390688,0.0071769323165864225
flow_matching_edm,ode-tsit5-adaptive,time_mlp,lotka_volterra,0.6845650017261505,0.09341466522729602,0.6629500091075897,0.061499983072280884,8.66552822077647,0.18609293859520312
flow_matching_edm,ode-tsit5-adaptive,time_mlp,slcp,0.6217200040817261,0.08619596351169413,0.5742250084877014,0.028724998235702515,8.369605302624404,0.013841001137902736
flow_matching_edm,ode-tsit5-adaptive,time_mlp,two_moons,0.5226600050926209,0.01122363649862985,0.5175749957561493,0.006300002336502075,7.672009419649839,0.11034101032868167
flow_matching_edm,ode-tsit5-adaptive,time_mlp,bernoulli_glm,0.512770003080368,0.0045558870217233035,0.5102500021457672,0.002450019121170044,8.164857781399041,0.01805960370964943
flow_matching_edm,ode-tsit5-adaptive,time_mlp,slcp_distractors,0.6545100033283233,0.07991898307416102,0.6516499817371368,0.06319999694824219,8.24776076860726,0.008665436788745779
flow_matching_edm,ode-tsit5-adaptive,time_mlp,bernoulli_glm_raw,0.5154100000858307,0.0068091059598828305,0.5130500197410583,0.0033250153064727783,8.204619187489152,0.01759750249089308
ot_flow_matching,ode-tsit5-adaptive,mlp,gaussian_mixture,0.9069950044155121,0.024463251427002123,0.9077750146389008,0.01862502098083496,4.155300195235759,0.007834251855315184
ot_flow_matching,ode-tsit5-adaptive,mlp,sir,0.8978900015354156,0.02525943953301851,0.899399995803833,0.023674994707107544,4.201889831200242,0.010800110063289719
ot_flow_matching,ode-tsit5-adaptive,mlp,gaussian_linear,0.7718950152397156,0.041347968643777065,0.768975019454956,0.03177499771118164,4.27895910711959,0.015812526896009555
ot_flow_matching,ode-tsit5-adaptive,mlp,gaussian_linear_uniform,0.839614999294281,0.019848307657307218,0.8466750085353851,0.015525013208389282,4.207226783409714,0.03846965524232516
ot_flow_matching,ode-tsit5-adaptive,mlp,lotka_volterra,0.9790299952030181,0.010665631428531119,0.9805999994277954,0.00830000638961792,4.202990254666656,0.14016100337717416
ot_flow_matching,ode-tsit5-adaptive,mlp,slcp,0.8824649930000306,0.04191367394222477,0.8812499940395355,0.04535001516342163,3.890407292544842,0.016185064826617298
ot_flow_matching,ode-tsit5-adaptive,mlp,two_moons,0.88333500623703,0.04104013896853075,0.8649500012397766,0.025274991989135742,4.214537414722145,0.013947205122515318
ot_flow_matching,ode-tsit5-adaptive,mlp,bernoulli_glm,0.9090649962425232,0.029082143762125225,0.9113500118255615,0.02709999680519104,4.200928105134517,0.026737536749176057
ot_flow_matching,ode-tsit5-adaptive,mlp,slcp_distractors,0.8844649970531464,0.04365981621939683,0.8922000229358673,0.04225000739097595,4.230329262278974,0.00618683347368618
ot_flow_matching,ode-tsit5-adaptive,mlp,bernoulli_glm_raw,0.9038299977779388,0.026624348811564606,0.9037750065326691,0.026749998331069946,4.185965235158801,0.01686037161775368
ot_flow_matching,ode-tsit5-adaptive,time_mlp,gaussian_mixture,0.9101200044155121,0.023931957533086832,0.9107249975204468,0.018325001001358032,8.299660314712673,0.046254883578365755
ot_flow_matching,ode-tsit5-adaptive,time_mlp,sir,0.8937300086021424,0.02673844666096218,0.8921500146389008,0.026674985885620117,8.366988762002439,0.005530202025538306
ot_flow_matching,ode-tsit5-adaptive,time_mlp,gaussian_linear,0.7647149920463562,0.040146364607006144,0.7632249891757965,0.029549986124038696,8.31172639289871,0.008370843187192945
ot_flow_matching,ode-tsit5-adaptive,time_mlp,gaussian_linear_uniform,0.835400003194809,0.01901970292739926,0.837550014257431,0.011375010013580322,8.226971680205315,0.024375377485754458
ot_flow_matching,ode-tsit5-adaptive,time_mlp,lotka_volterra,0.9605549991130828,0.016877477795536586,0.9547250270843506,0.01199999451637268,8.45623736390844,0.009099695491189181
ot_flow_matching,ode-tsit5-adaptive,time_mlp,slcp,0.8654099941253662,0.041655971450044585,0.8744499981403351,0.023649990558624268,7.648927601892501,0.060815924271370156
ot_flow_matching,ode-tsit5-adaptive,time_mlp,two_moons,0.8600799977779389,0.03515114289130514,0.8492749929428101,0.03167501091957092,8.204501022398471,0.01297831594690274
ot_flow_matching,ode-tsit5-adaptive,time_mlp,bernoulli_glm,0.8911749958992005,0.021794771737327065,0.8906500041484833,0.02090001106262207,8.163969975151122,0.009860764790241549
ot_flow_matching,ode-tsit5-adaptive,time_mlp,slcp_distractors,0.8628299951553344,0.0386336116620838,0.8721249997615814,0.03162500262260437,8.307959706895053,0.04416381870234013
ot_flow_matching,ode-tsit5-adaptive,time_mlp,bernoulli_glm_raw,0.889790004491806,0.023090334798867528,0.8941249847412109,0.021250009536743164,8.155766687728464,0.013707962726922937
ot_partial_flow_matching,ode-tsit5-adaptive,mlp,gaussian_mixture,0.9251799941062927,0.02065740218683522,0.9276999831199646,0.014200001955032349,4.210880865715444,0.013929358022029093
ot_partial_flow_matching,ode-tsit5-adaptive,mlp,sir,0.919240003824234,0.021647019285696605,0.9171500205993652,0.019224971532821655,4.194252494908869,0.020533730386905584
ot_partial_flow_matching,ode-tsit5-adaptive,mlp,gaussian_linear,0.7864400029182435,0.04907498264659259,0.7808000147342682,0.040574997663497925,4.15291940541938,0.003259331978547736
ot_partial_flow_matching,ode-tsit5-adaptive,mlp,gaussian_linear_uniform,0.855189996957779,0.0249124128782647,0.8596749901771545,0.021549999713897705,4.276363909430802,0.005467096193885581
ot_partial_flow_matching,ode-tsit5-adaptive,mlp,lotka_volterra,0.9833750009536744,0.01067017247654981,0.983474999666214,0.00845000147819519,4.0025259117595855,0.06260799939151357
ot_partial_flow_matching,ode-tsit5-adaptive,mlp,slcp,0.890939998626709,0.041286343960030114,0.8910999894142151,0.03955000638961792,4.236837287992239,0.008628575137587429
ot_partial_flow_matching,ode-tsit5-adaptive,mlp,two_moons,0.9023300111293793,0.0347891819138583,0.8888750076293945,0.028025001287460327,4.112565543875098,0.015057282071926791
ot_partial_flow_matching,ode-tsit5-adaptive,mlp,bernoulli_glm,0.9195049941539765,0.037288867791986105,0.9236499965190887,0.03659999370574951,4.222740696184337,0.0161174711540972
ot_partial_flow_matching,ode-tsit5-adaptive,mlp,slcp_distractors,0.8993400037288666,0.04059181464693463,0.9120500087738037,0.037025004625320435,4.243216750770808,0.008133516237391501
ot_partial_flow_matching,ode-tsit5-adaptive,mlp,bernoulli_glm_raw,0.9177699983119965,0.036852562702226685,0.9178999960422516,0.036874979734420776,4.245774508267641,0.0038484489214109714
ot_partial_flow_matching,ode-tsit5-adaptive,time_mlp,gaussian_mixture,0.9265750050544739,0.01969847372845671,0.9265750050544739,0.014600008726119995,8.153789749369025,0.018305555569559092
ot_partial_flow_matching,ode-tsit5-adaptive,time_mlp,sir,0.9167950034141541,0.0232804973893294,0.9208999872207642,0.022525012493133545,8.198123201169073,0.01394603081242717
ot_partial_flow_matching,ode-tsit5-adaptive,time_mlp,gaussian_linear,0.7853499948978424,0.050732311146492376,0.7800500094890594,0.04082497954368591,8.315472589805722,0.01547113203457226
ot_partial_flow_matching,ode-tsit5-adaptive,time_mlp,gaussian_linear_uniform,0.8546149969100952,0.023194712663378,0.8556750118732452,0.014475017786026001,8.303219614923,0.025970862715100497
ot_partial_flow_matching,ode-tsit5-adaptive,time_mlp,lotka_volterra,0.9697999894618988,0.017203289812767735,0.967974990606308,0.014575004577636719,8.418708512745798,0.03432270355864063
ot_partial_flow_matching,ode-tsit5-adaptive,time_mlp,slcp,0.8791600048542023,0.038989538001913134,0.8803749978542328,0.03450000286102295,8.484597973618657,0.04112714226525416
ot_partial_flow_matching,ode-tsit5-adaptive,time_mlp,two_moons,0.8838149964809418,0.033237360903111614,0.873199999332428,0.027350008487701416,8.475122634880245,0.00583869810135147
ot_partial_flow_matching,ode-tsit5-adaptive,time_mlp,bernoulli_glm,0.9094050109386445,0.03604030901820167,0.9084750115871429,0.03557500243186951,7.792301034927368,0.2289947351210564
ot_partial_flow_matching,ode-tsit5-adaptive,time_mlp,slcp_distractors,0.8797549962997436,0.035941216457594925,0.8819000124931335,0.029375016689300537,8.38929828023538,0.005320028572443335
ot_partial_flow_matching,ode-tsit5-adaptive,time_mlp,bernoulli_glm_raw,0.9070549964904785,0.038940785031853754,0.9049249887466431,0.03674998879432678,8.18096804395318,0.010687776947219218
cot_flow_matching,ode-tsit5-adaptive,mlp,gaussian_mixture,0.6835500061511993,0.06587146088550837,0.6716000139713287,0.060425013303756714,4.210797030292452,0.003205902267723336
cot_flow_matching,ode-tsit5-adaptive,mlp,sir,0.6036350011825562,0.0636867294984562,0.5662750005722046,0.02037501335144043,4.216572969034314,0.004344108045970973
cot_flow_matching,ode-tsit5-adaptive,mlp,gaussian_linear,0.5037300139665604,0.002803588785033168,0.503000020980835,0.002325013279914856,4.4368239007890224,0.036011218380327566
cot_flow_matching,ode-tsit5-adaptive,mlp,gaussian_linear_uniform,0.507150000333786,0.0024429518412855543,0.507750004529953,0.0022999942302703857,3.999590739700943,0.04189599234713831
cot_flow_matching,ode-tsit5-adaptive,mlp,lotka_volterra,0.850189995765686,0.05607558597778904,0.8513250052928925,0.035899996757507324,4.202859052177518,0.009104593995448503
cot_flow_matching,ode-tsit5-adaptive,mlp,slcp,0.722504997253418,0.10633485402727674,0.6698249876499176,0.062150001525878906,4.19295912226662,0.010228831485669077
cot_flow_matching,ode-tsit5-adaptive,mlp,two_moons,0.6389850020408631,0.07545232712689588,0.6447000205516815,0.032725006341934204,4.214364243485034,0.00708470494978572
cot_flow_matching,ode-tsit5-adaptive,mlp,bernoulli_glm,0.5554950118064881,0.035236535197452075,0.5533000230789185,0.031224995851516724,4.243038931116462,0.12449499923390733
cot_flow_matching,ode-tsit5-adaptive,mlp,slcp_distractors,0.7627900063991546,0.10571338374236315,0.7134750187397003,0.06292504072189331,4.190569640509784,0.024436430108254057
cot_flow_matching,ode-tsit5-adaptive,mlp,bernoulli_glm_raw,0.5393299996852875,0.015519066694954207,0.5438999831676483,0.013074994087219238,3.986987761594355,0.08372512285070877
cot_flow_matching,ode-tsit5-adaptive,time_mlp,gaussian_mixture,0.5676100015640259,0.03621006105567762,0.5543999969959259,0.026299983263015747,8.367392778489739,0.03199312062113531
cot_flow_matching,ode-tsit5-adaptive,time_mlp,sir,0.5694600045681,0.05579643569782615,0.5493000149726868,0.025000005960464478,8.864688107930125,0.41487704699942735
cot_flow_matching,ode-tsit5-adaptive,time_mlp,gaussian_linear,0.5027500063180923,0.0028479723450364875,0.5019000172615051,0.0011250078678131104,8.237311436049641,0.0423383694486056
cot_flow_matching,ode-tsit5-adaptive,time_mlp,gaussian_linear_uniform,0.5055100053548813,0.002061169058344876,0.5055499970912933,0.0010000169277191162,8.739464471209795,0.16444238549600657
cot_flow_matching,ode-tsit5-adaptive,time_mlp,lotka_volterra,0.6930750131607055,0.08762340411573799,0.6617999970912933,0.04095003008842468,8.424715252034366,0.10959443019379532
cot_flow_matching,ode-tsit5-adaptive,time_mlp,slcp,0.6395649969577789,0.09711898401751413,0.5888999998569489,0.03350001573562622,8.376444001961499,0.006703235769458833
cot_flow_matching,ode-tsit5-adaptive,time_mlp,two_moons,0.554245001077652,0.03929855798996481,0.543749988079071,0.0307999849319458,8.357373579591513,0.029926425792491006
cot_flow_matching,ode-tsit5-adaptive,time_mlp,bernoulli_glm,0.5121849954128266,0.005866560256631428,0.5142499804496765,0.003550022840499878,8.247327538393439,0.016413126219332518
cot_flow_matching,ode-tsit5-adaptive,time_mlp,slcp_distractors,0.6362449944019317,0.08813415409885261,0.5817000269889832,0.03115004301071167,8.143021165858954,0.010856181771720411
cot_flow_matching,ode-tsit5-adaptive,time_mlp,bernoulli_glm_raw,0.5160350024700164,0.006976930733457735,0.5176499783992767,0.00685003399848938,8.244521354977042,0.00789594555865017
cot_0_02_flow_matching,ode-tsit5-adaptive,mlp,gaussian_mixture,0.7067700088024139,0.06801784845037066,0.6816250085830688,0.04214999079704285,4.50284934900701,0.018496765655146775
cot_0_02_flow_matching,ode-tsit5-adaptive,mlp,sir,0.6361300051212311,0.08117741876753772,0.6028000116348267,0.0435749888420105,4.193908239901066,0.033016829051299094
cot_0_02_flow_matching,ode-tsit5-adaptive,mlp,gaussian_linear,0.5083350032567978,0.004642953248557165,0.5085499882698059,0.004149973392486572,4.412617493141442,0.05075091623463099
cot_0_02_flow_matching,ode-tsit5-adaptive,mlp,gaussian_linear_uniform,0.508460009098053,0.0032441370048849646,0.5092500150203705,0.00317499041557312,4.271717349719256,0.005342245900529344
cot_0_02_flow_matching,ode-tsit5-adaptive,mlp,lotka_volterra,0.8591100037097931,0.05531819823977949,0.8542750179767609,0.03855001926422119,4.21326985694468,0.006742056725445745
cot_0_02_flow_matching,ode-tsit5-adaptive,mlp,slcp,0.7184450030326843,0.09322187356798105,0.6618750095367432,0.03085002303123474,4.226420556288213,0.0037711002626357962
cot_0_02_flow_matching,ode-tsit5-adaptive,mlp,two_moons,0.6459549963474274,0.07434771948931634,0.6507749855518341,0.05377498269081116,4.597719675116241,0.008131009783124246
cot_0_02_flow_matching,ode-tsit5-adaptive,mlp,bernoulli_glm,0.5647350013256073,0.04767924436664984,0.5602250099182129,0.04510003328323364,4.223546329606324,0.009057734206755999
cot_0_02_flow_matching,ode-tsit5-adaptive,mlp,slcp_distractors,0.7524049997329711,0.08816540099463903,0.7155250012874603,0.05550000071525574,4.2703354964964095,0.004439285757380027
cot_0_02_flow_matching,ode-tsit5-adaptive,mlp,bernoulli_glm_raw,0.5454200029373169,0.02388777636861896,0.5456750094890594,0.022624999284744263,4.152742603141815,0.0047390757534986
cot_0_02_flow_matching,ode-tsit5-adaptive,time_mlp,gaussian_mixture,0.5896750032901764,0.047969103174614294,0.5785000026226044,0.03584998846054077,8.356926502659917,0.03571678793097609
cot_0_02_flow_matching,ode-tsit5-adaptive,time_mlp,sir,0.6063650071620941,0.09286714256938251,0.5767750144004822,0.042900025844573975,8.499602721072733,0.22147061257356992
cot_0_02_flow_matching,ode-tsit5-adaptive,time_mlp,gaussian_linear,0.511839997768402,0.00760214624799142,0.5104250013828278,0.004600018262863159,8.325095906853676,0.03156837032637903
cot_0_02_flow_matching,ode-tsit5-adaptive,time_mlp,gaussian_linear_uniform,0.5075500041246415,0.004388276639566951,0.5063500106334686,0.0028749853372573853,8.28989854361862,0.019065899862597883
cot_0_02_flow_matching,ode-tsit5-adaptive,time_mlp,lotka_volterra,0.7206549942493439,0.1024310900066636,0.6716249883174896,0.05157500505447388,8.478762799873948,0.1601327869461947
cot_0_02_flow_matching,ode-tsit5-adaptive,time_mlp,slcp,0.6564649999141693,0.08202239516520014,0.6239250004291534,0.04997500777244568,8.138923816476018,0.08640058895372893
cot_0_02_flow_matching,ode-tsit5-adaptive,time_mlp,two_moons,0.5616849929094314,0.04749191732551239,0.5496249794960022,0.036724984645843506,8.155100398138165,0.0035652960574476013
cot_0_02_flow_matching,ode-tsit5-adaptive,time_mlp,bernoulli_glm,0.519650000333786,0.012907517492252357,0.5176250040531158,0.008700013160705566,8.248303764220328,0.01641873661209484
cot_0_02_flow_matching,ode-tsit5-adaptive,time_mlp,slcp_distractors,0.6502749979496002,0.0860328173936023,0.6099250018596649,0.04172500967979431,9.074788278713822,0.03131528960691981
cot_0_02_flow_matching,ode-tsit5-adaptive,time_mlp,bernoulli_glm_raw,0.5195950031280517,0.005349274495087884,0.5190750062465668,0.0040000081062316895,8.392568936850875,0.21315740102955794
cot_0_05_flow_matching,ode-tsit5-adaptive,mlp,gaussian_mixture,0.7282000064849854,0.07119049834953602,0.7039500176906586,0.04074999690055847,4.318097979389131,0.020081625446303833
cot_0_05_flow_matching,ode-tsit5-adaptive,mlp,sir,0.7138500154018402,0.07072883848601189,0.6881000101566315,0.05817499756813049,4.288887673895806,0.047331223259966915
cot_0_05_flow_matching,ode-tsit5-adaptive,mlp,gaussian_linear,0.548470002412796,0.024783899782065816,0.537200003862381,0.014025002717971802,4.207189571578056,0.007436838943374065
cot_0_05_flow_matching,ode-tsit5-adaptive,mlp,gaussian_linear_uniform,0.53609499335289,0.017700449743327063,0.5350500047206879,0.012150019407272339,4.270893491618335,0.004219047679655483
cot_0_05_flow_matching,ode-tsit5-adaptive,mlp,lotka_volterra,0.8693700075149536,0.054100122785399225,0.8687250018119812,0.019825011491775513,4.208372749853879,0.014472691678796888
cot_0_05_flow_matching,ode-tsit5-adaptive,mlp,slcp,0.7348649978637696,0.08535996288744828,0.7089250087738037,0.05079999566078186,4.239501185901463,0.00535552143495986
cot_0_05_flow_matching,ode-tsit5-adaptive,mlp,two_moons,0.70518000125885,0.08332130930766814,0.7235249876976013,0.06804999709129333,4.328565947711468,0.028963953402950483
cot_0_05_flow_matching,ode-tsit5-adaptive,mlp,bernoulli_glm,0.6146950006484986,0.08868965768475086,0.6183750033378601,0.09209999442100525,4.528490398824215,0.016857014721669616
cot_0_05_flow_matching,ode-tsit5-adaptive,mlp,slcp_distractors,0.7515499949455261,0.09305289979979316,0.7125499844551086,0.07169997692108154,4.170405947137624,0.0070233385954191095
cot_0_05_flow_matching,ode-tsit5-adaptive,mlp,bernoulli_glm_raw,0.5797849953174591,0.050760895754275184,0.570499986410141,0.04682499170303345,4.255972179584205,0.009995279474110367
cot_0_05_flow_matching,ode-tsit5-adaptive,time_mlp,gaussian_mixture,0.6598050057888031,0.06025566490083309,0.6479749977588654,0.05327498912811279,8.248844423796982,0.008401762905077617
cot_0_05_flow_matching,ode-tsit5-adaptive,time_mlp,sir,0.6939800024032593,0.08481213291461395,0.6737250089645386,0.06745001673698425,8.514035064540803,0.1301744789893563
cot_0_05_flow_matching,ode-tsit5-adaptive,time_mlp,gaussian_linear,0.5543599963188172,0.02902654068272424,0.5447250008583069,0.018849998712539673,8.316158561315387,0.008147540192970981
cot_0_05_flow_matching,ode-tsit5-adaptive,time_mlp,gaussian_linear_uniform,0.5400650084018708,0.01959642125778885,0.5364250242710114,0.011199980974197388,8.381352435424924,0.004990858605112977
cot_0_05_flow_matching,ode-tsit5-adaptive,time_mlp,lotka_volterra,0.7669550001621246,0.08563161828356394,0.733225017786026,0.05312499403953552,8.316567139979451,0.14031314244221624
cot_0_05_flow_matching,ode-tsit5-adaptive,time_mlp,slcp,0.6881899893283844,0.07651594228107916,0.6634499728679657,0.04067498445510864,8.342578189540655,0.008493092052569776
cot_0_05_flow_matching,ode-tsit5-adaptive,time_mlp,two_moons,0.6154599964618683,0.06279880573899285,0.621275007724762,0.0517750084400177,8.288742136396468,0.009261743275252933
cot_0_05_flow_matching,ode-tsit5-adaptive,time_mlp,bernoulli_glm,0.5658649981021882,0.04886026400616838,0.5633000135421753,0.04492500424385071,8.374568083323538,0.08608018023574635
cot_0_05_flow_matching,ode-tsit5-adaptive,time_mlp,slcp_distractors,0.667724996805191,0.0917919263911106,0.6401749849319458,0.06537500023841858,8.200046305451542,0.007971299111376236
cot_0_05_flow_matching,ode-tsit5-adaptive,time_mlp,bernoulli_glm_raw,0.5421949982643127,0.03025641038447659,0.536549985408783,0.024499982595443726,8.438774558342994,0.010799754809739198
cot_0_1_flow_matching,ode-tsit5-adaptive,mlp,gaussian_mixture,0.7523350119590759,0.06764317346478153,0.7458249926567078,0.06049996614456177,4.164076932612806,0.00591773052285233
cot_0_1_flow_matching,ode-tsit5-adaptive,mlp,sir,0.7368499994277954,0.07047566715358006,0.7091000080108643,0.05710002779960632,4.103044815640897,0.011186513430155804
cot_0_1_flow_matching,ode-tsit5-adaptive,mlp,gaussian_linear,0.607120007276535,0.03559138454161268,0.5989250242710114,0.024224966764450073,4.162879053317011,0.010921395367654102
cot_0_1_flow_matching,ode-tsit5-adaptive,mlp,gaussian_linear_uniform,0.6068849980831146,0.028999405554243605,0.6070249974727631,0.023074984550476074,4.118872819654643,0.007080011197210482
cot_0_1_flow_matching,ode-tsit5-adaptive,mlp,lotka_volterra,0.8907000064849854,0.04993006453859158,0.8751000165939331,0.0499500036239624,4.135727763082832,0.002895816513831947
cot_0_1_flow_matching,ode-tsit5-adaptive,mlp,slcp,0.750644999742508,0.07952205985117318,0.7269999980926514,0.053775012493133545,4.073922037892044,0.003905984847110377
cot_0_1_flow_matching,ode-tsit5-adaptive,mlp,two_moons,0.7298099935054779,0.08356372676053792,0.723149985074997,0.06709998846054077,4.350653789937496,0.05665497664723968
cot_0_1_flow_matching,ode-tsit5-adaptive,mlp,bernoulli_glm,0.6676949977874755,0.11535761203095772,0.6830999851226807,0.11375001072883606,4.240333479736,0.004590847997359446
cot_0_1_flow_matching,ode-tsit5-adaptive,mlp,slcp_distractors,0.7742850065231324,0.08079466301376162,0.7565250098705292,0.06477499008178711,4.189060060679912,0.004116324115809537
cot_0_1_flow_matching,ode-tsit5-adaptive,mlp,bernoulli_glm_raw,0.6421299993991851,0.09311986607063472,0.6429999768733978,0.0981999933719635,4.2339923467487095,0.016120623778677224
cot_0_1_flow_matching,ode-tsit5-adaptive,time_mlp,gaussian_mixture,0.7132699966430665,0.06645933940171424,0.7019749879837036,0.05399999022483826,8.288550041709096,0.012757251542778509
cot_0_1_flow_matching,ode-tsit5-adaptive,time_mlp,sir,0.7372849941253662,0.07848639724480412,0.7272250056266785,0.07215002179145813,8.242724345438182,0.1412154194967714
cot_0_1_flow_matching,ode-tsit5-adaptive,time_mlp,gaussian_linear,0.6106299936771393,0.04046392142223082,0.6052500009536743,0.02695000171661377,8.204579047020525,0.09609241238735713
cot_0_1_flow_matching,ode-tsit5-adaptive,time_mlp,gaussian_linear_uniform,0.6131399929523468,0.03307253117899042,0.6124999821186066,0.024325013160705566,8.2895272905007,0.007672998699620137
cot_0_1_flow_matching,ode-tsit5-adaptive,time_mlp,lotka_volterra,0.8155799984931946,0.0868865499229646,0.7893750071525574,0.062225013971328735,8.490428154170512,0.050188234901722556
cot_0_1_flow_matching,ode-tsit5-adaptive,time_mlp,slcp,0.717884999513626,0.05453058698706398,0.7259249985218048,0.04582500457763672,8.360293206200003,0.009857568293823641
cot_0_1_flow_matching,ode-tsit5-adaptive,time_mlp,two_moons,0.6650800049304962,0.06329777410379414,0.6450250148773193,0.05097499489784241,8.35767635665834,0.010750344618464159
cot_0_1_flow_matching,ode-tsit5-adaptive,time_mlp,bernoulli_glm,0.6326450049877167,0.08350016093756647,0.6495749950408936,0.06957501173019409,8.273062221053987,0.01010882208651599
cot_0_1_flow_matching,ode-tsit5-adaptive,time_mlp,slcp_distractors,0.7037299990653991,0.05018902166756508,0.6956749856472015,0.039224982261657715,8.287835765071213,0.042450647619360314
cot_0_1_flow_matching,ode-tsit5-adaptive,time_mlp,bernoulli_glm_raw,0.6093199968338012,0.07824993553061878,0.6008000075817108,0.07407501339912415,8.556815688312053,0.11013097998878459
cot_partial_flow_matching,ode-tsit5-adaptive,mlp,gaussian_mixture,0.7000449955463409,0.08449452033917064,0.6806250214576721,0.06977501511573792,4.618066661991179,0.013566781836861296
cot_partial_flow_matching,ode-tsit5-adaptive,mlp,sir,0.6149049997329712,0.07434517185557685,0.5785500109195709,0.036125004291534424,4.264750874694437,0.005563644773776716
cot_partial_flow_matching,ode-tsit5-adaptive,mlp,gaussian_linear,0.512374997138977,0.006032884227766064,0.5103000104427338,0.003725022077560425,4.229034299962223,0.00375826619007048
cot_partial_flow_matching,ode-tsit5-adaptive,mlp,gaussian_linear_uniform,0.5123250007629394,0.005935658162897642,0.5105249881744385,0.004199981689453125,4.183936665486544,0.003708338451937805
cot_partial_flow_matching,ode-tsit5-adaptive,mlp,lotka_volterra,0.8416999995708465,0.07373800599381503,0.8277750015258789,0.037400007247924805,4.156023672129959,0.0034924033493147905
cot_partial_flow_matching,ode-tsit5-adaptive,mlp,slcp,0.709624993801117,0.09076364775835871,0.688400000333786,0.059749990701675415,4.230005609244108,0.015574287700598785
cot_partial_flow_matching,ode-tsit5-adaptive,mlp,two_moons,0.6490949988365173,0.09147751527399962,0.645499974489212,0.0582999587059021,4.300077979918569,0.014663262618412097
cot_partial_flow_matching,ode-tsit5-adaptive,mlp,bernoulli_glm,0.594225001335144,0.07331210128639597,0.5925249755382538,0.06919997930526733,4.229217732418329,0.01839968822846496
cot_partial_flow_matching,ode-tsit5-adaptive,mlp,slcp_distractors,0.7776099979877472,0.10328318299591938,0.7595999836921692,0.11152499914169312,4.292940681241452,0.05858172530562558
cot_partial_flow_matching,ode-tsit5-adaptive,mlp,bernoulli_glm_raw,0.5704000115394592,0.048327457039619326,0.5589500069618225,0.033250004053115845,4.242010424472392,0.0037986144053824013
cot_partial_flow_matching,ode-tsit5-adaptive,time_mlp,gaussian_mixture,0.6007149934768676,0.06697928246382054,0.5758249759674072,0.02852499485015869,8.175912893004716,0.03495494661833823
cot_partial_flow_matching,ode-tsit5-adaptive,time_mlp,sir,0.5828650057315826,0.06291082731670795,0.5574000179767609,0.018900036811828613,8.82426528884098,0.24899321246529943
cot_partial_flow_matching,ode-tsit5-adaptive,time_mlp,gaussian_linear,0.51319500207901,0.010070264884447908,0.5074500143527985,0.0030500292778015137,8.255958504229785,0.008774021979475504
cot_partial_flow_matching,ode-tsit5-adaptive,time_mlp,gaussian_linear_uniform,0.5092849999666214,0.006731090967013046,0.5084249973297119,0.0044250041246414185,8.418082130793483,0.01306791313978959
cot_partial_flow_matching,ode-tsit5-adaptive,time_mlp,lotka_volterra,0.7049399971961975,0.09479098128557058,0.659375011920929,0.03149998188018799,8.421245195623488,0.14748991999498692
cot_partial_flow_matching,ode-tsit5-adaptive,time_mlp,slcp,0.65348499417305,0.07397165691684608,0.6455999910831451,0.052799999713897705,8.376392218191176,0.016389319391978203
cot_partial_flow_matching,ode-tsit5-adaptive,time_mlp,two_moons,0.5723900020122528,0.06098453834422973,0.5596749782562256,0.03692498803138733,8.384383520018309,0.10162468691718385
cot_partial_flow_matching,ode-tsit5-adaptive,time_mlp,bernoulli_glm,0.5434950113296508,0.0385471457610796,0.5315000116825104,0.025150001049041748,9.106925635784865,0.058627359499418184
cot_partial_flow_matching,ode-tsit5-adaptive,time_mlp,slcp_distractors,0.6604700028896332,0.08918414418929099,0.6317999958992004,0.05457499623298645,8.364104701019823,0.015279106553192201
cot_partial_flow_matching,ode-tsit5-adaptive,time_mlp,bernoulli_glm_raw,0.5322049975395202,0.022113252908422684,0.5262499749660492,0.015449970960617065,8.2611093766056,0.009114549157554566
diffusion_edm_vp,ode-tsit5-adaptive,mlp,gaussian_mixture,0.6345100045204163,0.054061220407440616,0.6236250102519989,0.0504000186920166,5.861841603089124,0.16175189833741072
diffusion_edm_vp,ode-tsit5-adaptive,mlp,sir,0.6193150043487549,0.08050623351854402,0.5864250063896179,0.03620001673698425,5.572775335516781,0.0056142207490364965
diffusion_edm_vp,ode-tsit5-adaptive,mlp,gaussian_linear,0.5040549993515014,0.0021463202517479803,0.5040749907493591,0.0012249946594238281,5.627373340632767,0.012985103594363952
diffusion_edm_vp,ode-tsit5-adaptive,mlp,gaussian_linear_uniform,0.5073149979114533,0.0050790274127992556,0.505050003528595,0.002025008201599121,5.226376485452056,0.06116364838749306
diffusion_edm_vp,ode-tsit5-adaptive,mlp,lotka_volterra,0.8525499939918518,0.059506794117294065,0.8701499998569489,0.05134999752044678,5.50665605245158,0.0054744801182710955
diffusion_edm_vp,ode-tsit5-adaptive,mlp,slcp,0.7031949937343598,0.0875646698904162,0.6900250017642975,0.06570002436637878,5.566908021178096,0.017887514633020612
diffusion_edm_vp,ode-tsit5-adaptive,mlp,two_moons,0.5595250010490418,0.04203183390318992,0.540149986743927,0.017000019550323486,5.446354871056974,0.10038913281474084
diffusion_edm_vp,ode-tsit5-adaptive,mlp,bernoulli_glm,0.5968300044536591,0.058377585344645835,0.5932500064373016,0.05902501940727234,5.641642928682268,0.008276991206157257
diffusion_edm_vp,ode-tsit5-adaptive,mlp,slcp_distractors,0.7272649943828583,0.09578840000002727,0.7097249925136566,0.056649982929229736,5.597094006463886,0.028372580869443588
diffusion_edm_vp,ode-tsit5-adaptive,mlp,bernoulli_glm_raw,0.5705299973487854,0.041298003221273784,0.5574249923229218,0.033174991607666016,5.539666437730193,0.05071550802343883
diffusion_edm_vp,ode-tsit5-adaptive,time_mlp,gaussian_mixture,0.5277549922466278,0.0069991938438171,0.5286999940872192,0.006725013256072998,9.698914228659124,0.06174964694340512
diffusion_edm_vp,ode-tsit5-adaptive,time_mlp,sir,0.533799996972084,0.0191232885966359,0.5302749872207642,0.011400014162063599,9.544427337683738,0.0588776195822409
diffusion_edm_vp,ode-tsit5-adaptive,time_mlp,gaussian_linear,0.5030749946832657,0.002013109300778107,0.5024000108242035,0.0010750144720077515,9.672434052359312,0.05497837274589225
diffusion_edm_vp,ode-tsit5-adaptive,time_mlp,gaussian_linear_uniform,0.5161799967288971,0.004708830834740614,0.5145249962806702,0.003425002098083496,9.668749228678644,0.01196814929432068
diffusion_edm_vp,ode-tsit5-adaptive,time_mlp,lotka_volterra,0.713334995508194,0.09274338666037546,0.6806249916553497,0.03707501292228699,9.722293559461832,0.017577911263389433
diffusion_edm_vp,ode-tsit5-adaptive,time_mlp,slcp,0.6493900001049042,0.09070687651898418,0.6251499950885773,0.0598750114440918,9.540253695379942,0.039336435475108684
diffusion_edm_vp,ode-tsit5-adaptive,time_mlp,two_moons,0.5238100051879883,0.011446889429974905,0.5185500085353851,0.003425002098083496,9.523664580006152,0.09589171766961704
diffusion_edm_vp,ode-tsit5-adaptive,time_mlp,bernoulli_glm,0.5204050004482269,0.005028645790033385,0.5204750001430511,0.004325002431869507,9.774705498851835,0.010422182301881189
diffusion_edm_vp,ode-tsit5-adaptive,time_mlp,slcp_distractors,0.6498299956321716,0.07359983346587048,0.6372750103473663,0.0642000138759613,9.58455453980714,0.036847296351572634
diffusion_edm_vp,ode-tsit5-adaptive,time_mlp,bernoulli_glm_raw,0.5204799950122834,0.004461614397651845,0.5226749777793884,0.0020500123500823975,9.533031184785068,0.006213034506566827
diffusion_edm_vp_ema,ode-tsit5-adaptive,mlp,gaussian_mixture,0.6504550039768219,0.053263819478104275,0.6405999958515167,0.04692500829696655,5.555883769970388,0.00604480553306583
diffusion_edm_vp_ema,ode-tsit5-adaptive,mlp,sir,0.6323600113391876,0.08412114725183834,0.5938000082969666,0.0317000150680542,5.492015747353435,0.009380924199468002
diffusion_edm_vp_ema,ode-tsit5-adaptive,mlp,gaussian_linear,0.5050700008869171,0.0026765777834670368,0.5048999786376953,0.0028499960899353027,5.656736664101482,0.0034899042777507836
diffusion_edm_vp_ema,ode-tsit5-adaptive,mlp,gaussian_linear_uniform,0.5068500101566314,0.002694636546306483,0.5064000189304352,0.0014000236988067627,5.518968193884939,0.008008965997157561
diffusion_edm_vp_ema,ode-tsit5-adaptive,mlp,lotka_volterra,0.8644699990749359,0.07334196752226242,0.9018999934196472,0.03372499346733093,5.474303281493485,0.009054779208775503
diffusion_edm_vp_ema,ode-tsit5-adaptive,mlp,slcp,0.7042549967765808,0.09839283637300442,0.6689999997615814,0.03564998507499695,5.4771226339042185,0.0031081179323271596
diffusion_edm_vp_ema,ode-tsit5-adaptive,mlp,two_moons,0.562654995918274,0.04607032789950291,0.5370999872684479,0.020574986934661865,5.596253706607968,0.10218742563525922
diffusion_edm_vp_ema,ode-tsit5-adaptive,mlp,bernoulli_glm,0.6010949969291687,0.06061614530673736,0.5998499989509583,0.06542500853538513,5.476222697645426,0.008714741061178422
diffusion_edm_vp_ema,ode-tsit5-adaptive,mlp,slcp_distractors,0.728754997253418,0.0883822739562075,0.7095499932765961,0.05232501029968262,5.435073875449598,0.011450700934888104
diffusion_edm_vp_ema,ode-tsit5-adaptive,mlp,bernoulli_glm_raw,0.5724250078201294,0.03604783076817069,0.5758500099182129,0.03437498211860657,5.537454907502979,0.05240515896928247
diffusion_edm_vp_ema,ode-tsit5-adaptive,time_mlp,gaussian_mixture,0.528629994392395,0.007786211631443071,0.5296249985694885,0.006899982690811157,9.526549430657179,0.011287566698434098
diffusion_edm_vp_ema,ode-tsit5-adaptive,time_mlp,sir,0.5389599978923798,0.018548049656960733,0.5352250039577484,0.009925007820129395,9.680832079984247,0.01370478824720988
diffusion_edm_vp_ema,ode-tsit5-adaptive,time_mlp,gaussian_linear,0.5034399926662445,0.002688657625107689,0.5020999908447266,0.001600012183189392,9.525647644046694,0.017299330404656754
diffusion_edm_vp_ema,ode-tsit5-adaptive,time_mlp,gaussian_linear_uniform,0.5139000058174134,0.004529398475150586,0.5138000249862671,0.0031999945640563965,9.768229721672833,0.01566569292498349
diffusion_edm_vp_ema,ode-tsit5-adaptive,time_mlp,lotka_volterra,0.699729996919632,0.09138996843700024,0.6478250026702881,0.018150001764297485,10.221432749088853,0.18538082457691135
diffusion_edm_vp_ema,ode-tsit5-adaptive,time_mlp,slcp,0.6322499990463257,0.06356537586694423,0.612075001001358,0.028074979782104492,9.660650506801904,0.011228338596425438
diffusion_edm_vp_ema,ode-tsit5-adaptive,time_mlp,two_moons,0.5149649947881698,0.0142251724259312,0.5124250054359436,0.008599996566772461,10.553960427921265,0.33858566533932205
diffusion_edm_vp_ema,ode-tsit5-adaptive,time_mlp,bernoulli_glm,0.5192149996757507,0.007301957475136373,0.5186000168323517,0.005399972200393677,9.929925498645753,0.12405398878431963
diffusion_edm_vp_ema,ode-tsit5-adaptive,time_mlp,slcp_distractors,0.6594750106334686,0.08340833748635873,0.6238250136375427,0.05500000715255737,9.42004559552297,0.07390925964465725
diffusion_edm_vp_ema,ode-tsit5-adaptive,time_mlp,bernoulli_glm_raw,0.523024994134903,0.005155209265414654,0.5246999859809875,0.0018500089645385742,9.448041823878885,0.020378902939963545
diffusion_edm_ve,ode-tsit5-adaptive,mlp,gaussian_mixture,0.7617449939250946,0.06978786756414392,0.7604499757289886,0.06784999370574951,5.519729856029153,0.010320810582421083
diffusion_edm_ve,ode-tsit5-adaptive,mlp,sir,0.6481799960136414,0.03893684972249561,0.6432249844074249,0.017124980688095093,5.502938552759588,0.00969936966037152
diffusion_edm_ve,ode-tsit5-adaptive,mlp,gaussian_linear,0.7915149927139282,0.007432226503981783,0.7901249825954437,0.004399985074996948,5.5713737770915035,0.004123461457207445
diffusion_edm_ve,ode-tsit5-adaptive,mlp,gaussian_linear_uniform,0.7831800043582916,0.014540464009784227,0.7829000055789948,0.009700000286102295,5.3188456740230325,0.10941021179770248
diffusion_edm_ve,ode-tsit5-adaptive,mlp,lotka_volterra,0.8759150087833405,0.05107090599936054,0.8877000212669373,0.016400009393692017,5.506697424501181,0.007458036768700287
diffusion_edm_ve,ode-tsit5-adaptive,mlp,slcp,0.8089299976825715,0.04392225974781616,0.8089249730110168,0.017375022172927856,5.614783773384988,0.005923096816589206
diffusion_edm_ve,ode-tsit5-adaptive,mlp,two_moons,0.6396549999713897,0.06394229578976365,0.6206249892711639,0.03307497501373291,5.60326313469559,0.12065773453916591
diffusion_edm_ve,ode-tsit5-adaptive,mlp,bernoulli_glm,0.829039990901947,0.06859562448472227,0.8316249847412109,0.0681999921798706,5.599824823997915,0.006969932484542421
diffusion_edm_ve,ode-tsit5-adaptive,mlp,slcp_distractors,0.8055599927902222,0.045335130466783745,0.7952249944210052,0.02060002088546753,5.6126393703743815,0.05759234713792872
diffusion_edm_ve,ode-tsit5-adaptive,mlp,bernoulli_glm_raw,0.8232400000095368,0.06835101369568546,0.8274500072002411,0.06692498922348022,5.724371832050383,0.07468270750478372
diffusion_edm_ve,ode-tsit5-adaptive,time_mlp,gaussian_mixture,0.6295849978923798,0.017776815544186666,0.6232999861240387,0.015899986028671265,9.576644970383494,0.012999490282428491
diffusion_edm_ve,ode-tsit5-adaptive,time_mlp,sir,0.625930005311966,0.02010229490297478,0.6272499859333038,0.020199984312057495,9.640860302839428,0.011517790950930747
diffusion_edm_ve,ode-tsit5-adaptive,time_mlp,gaussian_linear,0.8056400001049042,0.01699393481550017,0.8039000034332275,0.013199985027313232,9.566638106666506,0.01080850977986012
diffusion_edm_ve,ode-tsit5-adaptive,time_mlp,gaussian_linear_uniform,0.7795699894428253,0.01585009684035782,0.7801750004291534,0.013650000095367432,8.99831898007542,0.22656086523715904
diffusion_edm_ve,ode-tsit5-adaptive,time_mlp,lotka_volterra,0.7286549985408783,0.0774194724739801,0.6903750002384186,0.021274983882904053,9.658687778096645,0.014402887301896226
diffusion_edm_ve,ode-tsit5-adaptive,time_mlp,slcp,0.7919400036334991,0.035027696122364366,0.7991000115871429,0.03549998998641968,9.761275503970683,0.08323271271266047
diffusion_edm_ve,ode-tsit5-adaptive,time_mlp,two_moons,0.6450649917125701,0.031848548575244905,0.6430499851703644,0.018525004386901855,9.69499320667237,0.2116328097819015
diffusion_edm_ve,ode-tsit5-adaptive,time_mlp,bernoulli_glm,0.7493100047111512,0.04815061634550504,0.745074987411499,0.04754999279975891,9.74469386804849,0.02092975019863682
diffusion_edm_ve,ode-tsit5-adaptive,time_mlp,slcp_distractors,0.7911050021648407,0.030258677280134805,0.7953749895095825,0.024275004863739014,10.264672029390931,0.24077049410027104
diffusion_edm_ve,ode-tsit5-adaptive,time_mlp,bernoulli_glm_raw,0.7451849997043609,0.04967928402904983,0.7431749999523163,0.04670000076293945,9.610922321025281,0.009659523601791845
diffusion_cosine_F,ode-tsit5-adaptive,mlp,gaussian_mixture,0.6319599986076355,0.05717191810786729,0.6258000135421753,0.05955001711845398,6.426760031841695,0.06367866790165286
diffusion_cosine_F,ode-tsit5-adaptive,mlp,sir,0.6181950032711029,0.07780594906201163,0.5807999968528748,0.01802501082420349,5.846590895578265,0.044025077425947995
diffusion_cosine_F,ode-tsit5-adaptive,mlp,gaussian_linear,0.5016449958086013,0.0010678152031273092,0.5012750029563904,0.0007750242948532104,5.580063037667424,0.01888779585167609
diffusion_cosine_F,ode-tsit5-adaptive,mlp,gaussian_linear_uniform,0.5070749938488006,0.003796866978110679,0.5063500106334686,0.0016750097274780273,5.950856935791672,0.09928173314580942
diffusion_cosine_F,ode-tsit5-adaptive,mlp,lotka_volterra,0.8490350067615509,0.06946916945023232,0.8439500033855438,0.045625001192092896,5.8442670338787135,0.028333311962605114
diffusion_cosine_F,ode-tsit5-adaptive,mlp,slcp,0.7387600064277648,0.09504732154248309,0.723024994134903,0.09384998679161072,6.23183905268088,0.1333077492627284
diffusion_cosine_F,ode-tsit5-adaptive,mlp,two_moons,0.586474996805191,0.04948783850702057,0.5743999779224396,0.036125004291534424,5.8219487442635,0.006135616706957176
diffusion_cosine_F,ode-tsit5-adaptive,mlp,bernoulli_glm,0.5666000008583069,0.0483969191898489,0.5593000054359436,0.041775017976760864,5.847045944910496,0.007025697917331213
diffusion_cosine_F,ode-tsit5-adaptive,mlp,slcp_distractors,0.7798049926757813,0.0799863565343814,0.7641249895095825,0.05692499876022339,6.490808504447341,0.01326506375374787
diffusion_cosine_F,ode-tsit5-adaptive,mlp,bernoulli_glm_raw,0.5606450080871582,0.03652991945910402,0.5629500150680542,0.040499985218048096,5.868873436842113,0.010274661712982695
diffusion_cosine_F,ode-tsit5-adaptive,time_mlp,gaussian_mixture,0.5286049902439117,0.010649917490744969,0.5285749733448029,0.006525009870529175,9.829372473713011,0.18424312184867192
diffusion_cosine_F,ode-tsit5-adaptive,time_mlp,sir,0.542535001039505,0.01702541151805385,0.5359750092029572,0.011949986219406128,10.095228904951364,0.014848020248507501
diffusion_cosine_F,ode-tsit5-adaptive,time_mlp,gaussian_linear,0.504135000705719,0.0029139407699180593,0.5028499960899353,0.0018250048160552979,9.51027591228485,0.01431838890294046
diffusion_cosine_F,ode-tsit5-adaptive,time_mlp,gaussian_linear_uniform,0.5041800022125245,0.0019325000656922166,0.5045500099658966,0.0014999806880950928,9.684052774030715,0.028926132951016342
diffusion_cosine_F,ode-tsit5-adaptive,time_mlp,lotka_volterra,0.7313500046730042,0.06873447056809344,0.7021250128746033,0.03130000829696655,10.229575502313674,0.12607858782678708
diffusion_cosine_F,ode-tsit5-adaptive,time_mlp,slcp,0.6626200020313263,0.10234069744542712,0.6012000143527985,0.03720000386238098,9.934595771599561,0.007465123743092584
diffusion_cosine_F,ode-tsit5-adaptive,time_mlp,two_moons,0.5129299998283386,0.008310329037235963,0.5130999982357025,0.006024986505508423,10.129821783024818,0.1257609842804305
diffusion_cosine_F,ode-tsit5-adaptive,time_mlp,bernoulli_glm,0.5109800040721894,0.005608582654728104,0.5102250277996063,0.005250006914138794,9.775827188417315,0.18321563105454833
diffusion_cosine_F,ode-tsit5-adaptive,time_mlp,slcp_distractors,0.6627799928188324,0.09314711135171126,0.6114749908447266,0.03512498736381531,10.17321792030707,0.02620642090497019
diffusion_cosine_F,ode-tsit5-adaptive,time_mlp,bernoulli_glm_raw,0.5149249911308289,0.005650277791333524,0.515874981880188,0.00415000319480896,10.80342307621613,0.21716394464486186
diffusion_cosine_v,ode-tsit5-adaptive,mlp,gaussian_mixture,0.6356949925422668,0.0555655268238871,0.629399985074997,0.06259998679161072,5.492946649435908,0.08598916915061633
diffusion_cosine_v,ode-tsit5-adaptive,mlp,sir,0.6070199906826019,0.08975030722233258,0.5702499747276306,0.0471000075340271,6.008255237527192,0.5939818589299131
diffusion_cosine_v,ode-tsit5-adaptive,mlp,gaussian_linear,0.5039899945259094,0.0026299097179441023,0.503150001168251,0.0013250112533569336,5.9625158758834,0.02025972424381709
diffusion_cosine_v,ode-tsit5-adaptive,mlp,gaussian_linear_uniform,0.5048050105571746,0.004241772522484474,0.5021250247955322,0.0013250112533569336,5.396751083713025,0.08344359556297838
diffusion_cosine_v,ode-tsit5-adaptive,mlp,lotka_volterra,0.851089996099472,0.05965654998136422,0.8498499989509583,0.060274988412857056,5.520623095054179,0.02243255305861204
diffusion_cosine_v,ode-tsit5-adaptive,mlp,slcp,0.7133950054645538,0.0887330238689957,0.6818749904632568,0.04582497477531433,5.587134759593755,0.006046673873977528
diffusion_cosine_v,ode-tsit5-adaptive,mlp,two_moons,0.5896600008010864,0.047858697226401535,0.5693250000476837,0.0221250057220459,5.575950325839221,0.027098712401825206
diffusion_cosine_v,ode-tsit5-adaptive,mlp,bernoulli_glm,0.5709849953651428,0.04191680519400827,0.5737000107765198,0.045249998569488525,5.403400832600892,0.006218845695081652
diffusion_cosine_v,ode-tsit5-adaptive,mlp,slcp_distractors,0.7794649958610534,0.08536357771447343,0.7654249966144562,0.061350017786026,5.632374698389322,0.004213702817730872
diffusion_cosine_v,ode-tsit5-adaptive,mlp,bernoulli_glm_raw,0.5585199952125549,0.03084717378148118,0.5579749941825867,0.02785000205039978,5.549313373491168,0.007334122438929768
diffusion_cosine_v,ode-tsit5-adaptive,time_mlp,gaussian_mixture,0.5275750041007996,0.009897483952862484,0.5251249969005585,0.003000020980834961,9.61280590267852,0.015050080657098485
diffusion_cosine_v,ode-tsit5-adaptive,time_mlp,sir,0.5422099947929382,0.017836601927722524,0.5373999774456024,0.00927501916885376,9.716120443865657,0.10892868356397617
diffusion_cosine_v,ode-tsit5-adaptive,time_mlp,gaussian_linear,0.502569991350174,0.002094779721784514,0.5024999976158142,0.0014000087976455688,9.26381474910304,0.013467891154943056
diffusion_cosine_v,ode-tsit5-adaptive,time_mlp,gaussian_linear_uniform,0.5071900010108947,0.0038391974284127397,0.506850004196167,0.0026000142097473145,9.456167125329376,0.009812188836079198
diffusion_cosine_v,ode-tsit5-adaptive,time_mlp,lotka_volterra,0.7375600099563598,0.0971269725287992,0.7010000050067902,0.04670000076293945,9.878361063264311,0.11604674760837881
diffusion_cosine_v,ode-tsit5-adaptive,time_mlp,slcp,0.647995001077652,0.09879553438646443,0.5978000164031982,0.03570002317428589,9.824768773838878,0.33378369146251835
diffusion_cosine_v,ode-tsit5-adaptive,time_mlp,two_moons,0.5091599941253662,0.0076226900988782065,0.5071000158786774,0.004725039005279541,10.009138898737728,0.22803295787423483
diffusion_cosine_v,ode-tsit5-adaptive,time_mlp,bernoulli_glm,0.5148100018501282,0.00717087441232427,0.5153250098228455,0.004875004291534424,9.379833308141679,0.18127445339311757
diffusion_cosine_v,ode-tsit5-adaptive,time_mlp,slcp_distractors,0.6366550028324127,0.08928802497044681,0.5806999802589417,0.01572495698928833,9.9177479384467,0.1088595699380778
diffusion_cosine_v,ode-tsit5-adaptive,time_mlp,bernoulli_glm_raw,0.517170000076294,0.006065641224585696,0.5163750052452087,0.003600001335144043,9.597985041886568,0.1801403678922528
diffusion_cosine_v_lw,ode-tsit5-adaptive,mlp,gaussian_mixture,0.6516300082206726,0.056675272210814434,0.6377499997615814,0.04625001549720764,5.58172328742221,0.008110280220901428
diffusion_cosine_v_lw,ode-tsit5-adaptive,mlp,sir,0.6077449977397918,0.0849436390750664,0.5616749823093414,0.02802497148513794,5.605592114664614,0.005283327100768113
diffusion_cosine_v_lw,ode-tsit5-adaptive,mlp,gaussian_linear,0.5031600028276444,0.0024276357767794286,0.5028499960899353,0.0025250017642974854,5.706800592783838,0.1410422542962358
diffusion_cosine_v_lw,ode-tsit5-adaptive,mlp,gaussian_linear_uniform,0.5083899974822998,0.0031377413744247563,0.5080249905586243,0.0016750097274780273,5.381820163782686,0.09476562085012523
diffusion_cosine_v_lw,ode-tsit5-adaptive,mlp,lotka_volterra,0.8738699972629547,0.05032357280025079,0.8881250023841858,0.028674989938735962,5.474384458828718,0.009608922980260854
diffusion_cosine_v_lw,ode-tsit5-adaptive,mlp,slcp,0.722825002670288,0.10669797581708,0.6916749775409698,0.07157504558563232,5.6097468446008865,0.005691322018498314
diffusion_cosine_v_lw,ode-tsit5-adaptive,mlp,two_moons,0.5983249962329864,0.0521334299014928,0.5892750024795532,0.03732502460479736,5.6385443830862645,0.04283588699340582
diffusion_cosine_v_lw,ode-tsit5-adaptive,mlp,bernoulli_glm,0.5761749982833863,0.04391162568926803,0.5779750049114227,0.042075008153915405,5.848957375437021,0.15170276715951103
diffusion_cosine_v_lw,ode-tsit5-adaptive,mlp,slcp_distractors,0.7426699995994568,0.08630019144972766,0.7041000127792358,0.04867503046989441,5.5916865726932885,0.0063597976050332
diffusion_cosine_v_lw,ode-tsit5-adaptive,mlp,bernoulli_glm_raw,0.5567050099372863,0.027769942660764924,0.5530000030994415,0.024100005626678467,5.551393210422248,0.010114434159410777
diffusion_cosine_v_lw,ode-tsit5-adaptive,time_mlp,gaussian_mixture,0.5374400019645691,0.010046191480620753,0.5382750034332275,0.007499992847442627,9.818737102393062,0.14003003550487958
diffusion_cosine_v_lw,ode-tsit5-adaptive,time_mlp,sir,0.5399349987506866,0.019191617251976163,0.5305000245571136,0.008225053548812866,9.667260528355836,0.04667885770485333
diffusion_cosine_v_lw,ode-tsit5-adaptive,time_mlp,gaussian_linear,0.5033149987459182,0.002181517678718893,0.5032750070095062,0.0010749995708465576,9.354065947048365,0.016053608708128664
diffusion_cosine_v_lw,ode-tsit5-adaptive,time_mlp,gaussian_linear_uniform,0.5065699994564057,0.0038540324899707487,0.5059249997138977,0.0027499794960021973,9.52345842057839,0.013652089745261454
diffusion_cosine_v_lw,ode-tsit5-adaptive,time_mlp,lotka_volterra,0.7290300011634827,0.07947629026544366,0.7085500061511993,0.02610000967979431,9.91829151948914,0.11271519311750161
diffusion_cosine_v_lw,ode-tsit5-adaptive,time_mlp,slcp,0.6521350085735321,0.09680391253440362,0.6117250025272369,0.050675004720687866,10.606826666463167,0.08688479996901717
diffusion_cosine_v_lw,ode-tsit5-adaptive,time_mlp,two_moons,0.5332050085067749,0.011760571322675373,0.5368500053882599,0.008899986743927002,10.659337743371726,0.31306055245696124
diffusion_cosine_v_lw,ode-tsit5-adaptive,time_mlp,bernoulli_glm,0.5143750071525574,0.005460414968430137,0.514724999666214,0.005349993705749512,9.570040874555707,0.1766933166025589
diffusion_cosine_v_lw,ode-tsit5-adaptive,time_mlp,slcp_distractors,0.657829999923706,0.09634806809656994,0.6062000095844269,0.03507500886917114,10.282622182834894,0.14464985720550688
diffusion_cosine_v_lw,ode-tsit5-adaptive,time_mlp,bernoulli_glm_raw,0.52121000289917,0.006739131486276918,0.5211749970912933,0.004575014114379883,9.619759017508477,0.16849410027137193
diffusion_cosine_noise,ode-tsit5-adaptive,mlp,gaussian_mixture,0.6408399999141693,0.05246151853235461,0.6421000063419342,0.04934999346733093,7.162142167799175,0.09570365868820613
diffusion_cosine_noise,ode-tsit5-adaptive,mlp,sir,0.6308799982070923,0.08330845265116464,0.5977250039577484,0.03057500720024109,6.654133392311633,0.20838150452415075
diffusion_cosine_noise,ode-tsit5-adaptive,mlp,gaussian_linear,0.510699987411499,0.006583994784181247,0.5083249807357788,0.0019249916076660156,6.332290385570377,0.0691016652402899
diffusion_cosine_noise,ode-tsit5-adaptive,mlp,gaussian_linear_uniform,0.5090299904346466,0.0051764448493549844,0.5066500008106232,0.0015249848365783691,6.201503532752395,0.049809194775395235
diffusion_cosine_noise,ode-tsit5-adaptive,mlp,lotka_volterra,0.8757450044155121,0.05170952061865199,0.883899986743927,0.04842501878738403,6.458623831346631,0.20191095724619662
diffusion_cosine_noise,ode-tsit5-adaptive,mlp,slcp,0.7480149984359741,0.10046144828590371,0.7140249907970428,0.06784999370574951,6.288158335350454,0.059366535042114116
diffusion_cosine_noise,ode-tsit5-adaptive,mlp,two_moons,0.578190004825592,0.046978034273909404,0.5562250018119812,0.028650015592575073,6.412032284680754,0.21515606892192848
diffusion_cosine_noise,ode-tsit5-adaptive,mlp,bernoulli_glm,0.5703899919986725,0.03674645540041959,0.5583750009536743,0.02640002965927124,6.0025387180037795,0.022711657145709694
diffusion_cosine_noise,ode-tsit5-adaptive,mlp,slcp_distractors,0.7820050060749054,0.07463157684618163,0.7421000003814697,0.015799999237060547,6.170614326000214,0.0696082832228337
diffusion_cosine_noise,ode-tsit5-adaptive,mlp,bernoulli_glm_raw,0.6116299986839294,0.019032835260314802,0.6165750026702881,0.018450021743774414,7.265549345593899,0.2961017228565953
diffusion_cosine_noise,ode-tsit5-adaptive,time_mlp,gaussian_mixture,0.5908750116825103,0.017095161398094704,0.5834750235080719,0.008275002241134644,10.340357004199177,0.14209581682569292
diffusion_cosine_noise,ode-tsit5-adaptive,time_mlp,sir,0.5727650046348571,0.015708064917317594,0.5687000155448914,0.011000007390975952,10.491365882847457,0.1661912891063559
diffusion_cosine_noise,ode-tsit5-adaptive,time_mlp,gaussian_linear,0.5728799998760223,0.007447591502943125,0.573725014925003,0.0065499842166900635,10.109338622912764,0.152351124691112
diffusion_cosine_noise,ode-tsit5-adaptive,time_mlp,gaussian_linear_uniform,0.5719150006771088,0.008202047567910774,0.5756750106811523,0.0030749738216400146,10.313278146088123,0.3542138289097379
diffusion_cosine_noise,ode-tsit5-adaptive,time_mlp,lotka_volterra,0.7559698343276977,0.10589017281555999,0.7403750121593475,0.0798250138759613,10.219612212013454,0.13104212081729621
diffusion_cosine_noise,ode-tsit5-adaptive,time_mlp,slcp,0.6945749998092652,0.0768133047471892,0.6665000021457672,0.02869999408721924,9.915103754866868,0.09203162474522254
diffusion_cosine_noise,ode-tsit5-adaptive,time_mlp,two_moons,0.5403299927711487,0.024097272531113365,0.5369999706745148,0.018399983644485474,10.647898549307138,0.5293073882330677
diffusion_cosine_noise,ode-tsit5-adaptive,time_mlp,bernoulli_glm,0.6070650041103363,0.021894633813833594,0.6032499969005585,0.007899969816207886,10.697633027378469,0.509662712057965
diffusion_cosine_noise,ode-tsit5-adaptive,time_mlp,slcp_distractors,0.7000700056552887,0.09376221541602056,0.683899998664856,0.05450001358985901,10.056052266899496,0.12766556037205326
diffusion_cosine_noise,ode-tsit5-adaptive,time_mlp,bernoulli_glm_raw,0.5781500041484833,0.01293124060423137,0.5761750042438507,0.008724987506866455,10.095495185814798,0.2077751374820347
flow_matching,ode-tsit5-adaptive-joint,mlp,gaussian_mixture,0.6666099965572357,0.04855273115753798,0.6723749935626984,0.042075008153915405,5.467586498707533,0.0
flow_matching,ode-tsit5-adaptive-joint,mlp,sir,0.5979249954223633,0.05222830974951954,0.5724499821662903,0.014549970626831055,5.4936800161376595,0.0
flow_matching,ode-tsit5-adaptive-joint,mlp,gaussian_linear,0.5029549956321716,0.0023853179854358007,0.5023249983787537,0.001900017261505127,5.545776621438563,0.0
flow_matching,ode-tsit5-adaptive-joint,mlp,gaussian_linear_uniform,0.506709998846054,0.00336583891290769,0.5062000155448914,0.001475006341934204,5.558868370018899,0.0
flow_matching,ode-tsit5-adaptive-joint,mlp,lotka_volterra,0.852130001783371,0.07152630169165454,0.8502749800682068,0.0388999879360199,5.526885708793998,0.0
flow_matching,ode-tsit5-adaptive-joint,mlp,slcp,0.7482399940490723,0.09865688958775444,0.7182750105857849,0.05597501993179321,5.498210361227393,0.0
flow_matching,ode-tsit5-adaptive-joint,mlp,two_moons,0.6345800042152405,0.0579153985262832,0.6290249824523926,0.04347503185272217,5.459613414481282,0.0
flow_matching,ode-tsit5-adaptive-joint,mlp,bernoulli_glm,0.554670000076294,0.03503907035453091,0.5492750108242035,0.030299991369247437,5.542762844823301,0.0
flow_matching,ode-tsit5-adaptive-joint,mlp,slcp_distractors,0.7686450004577636,0.0935011104652272,0.7249500155448914,0.04900002479553223,5.657568891532719,0.0
flow_matching,ode-tsit5-adaptive-joint,mlp,bernoulli_glm_raw,0.5415099918842315,0.01695298986505715,0.5403999984264374,0.009874999523162842,5.692774936556816,0.0
flow_matching,ode-tsit5-adaptive-joint,time_mlp,gaussian_mixture,0.5395549952983856,0.007073415128171987,0.5408249795436859,0.006899982690811157,12.54806559998542,0.0
flow_matching,ode-tsit5-adaptive-joint,time_mlp,sir,0.5433199942111969,0.021622649986901447,0.5379250049591064,0.00867500901222229,12.559321298263967,0.0
flow_matching,ode-tsit5-adaptive-joint,time_mlp,gaussian_linear,0.5030699908733368,0.001750462172308955,0.5034249722957611,0.0017249882221221924,12.601182349026203,0.0
flow_matching,ode-tsit5-adaptive-joint,time_mlp,gaussian_linear_uniform,0.5036350071430207,0.003112164975771274,0.502575010061264,0.0013750195503234863,12.622626558877528,0.0
flow_matching,ode-tsit5-adaptive-joint,time_mlp,lotka_volterra,0.7071250081062317,0.10228060790561963,0.6811499893665314,0.05125001072883606,13.806761773303151,0.0
flow_matching,ode-tsit5-adaptive-joint,time_mlp,slcp,0.6384850025177002,0.09979187845315374,0.5787749886512756,0.020274996757507324,12.643095495179296,0.0
flow_matching,ode-tsit5-adaptive-joint,time_mlp,two_moons,0.5218850046396255,0.012856878782027856,0.5203499794006348,0.006300002336502075,12.550356639549136,0.0
flow_matching,ode-tsit5-adaptive-joint,time_mlp,bernoulli_glm,0.5144099950790405,0.004550653075615129,0.5145500004291534,0.0035499930381774902,12.610872641205788,0.0
flow_matching,ode-tsit5-adaptive-joint,time_mlp,slcp_distractors,0.6727599978446961,0.10508385594490027,0.6223749816417694,0.055074989795684814,12.595950622111559,0.0
flow_matching,ode-tsit5-adaptive-joint,time_mlp,bernoulli_glm_raw,0.5129400014877319,0.004892888054862653,0.5133750140666962,0.0020249783992767334,12.610442025586963,0.0
flow_matching_edm,ode-tsit5-adaptive-joint,mlp,gaussian_mixture,0.6499099969863892,0.046974684878118254,0.6419999897480011,0.0372999906539917,5.464015626348555,0.0
flow_matching_edm,ode-tsit5-adaptive-joint,mlp,sir,0.5875150024890899,0.05459857015250474,0.5663250088691711,0.018925011157989502,5.496468941681087,0.0
flow_matching_edm,ode-tsit5-adaptive-joint,mlp,gaussian_linear,0.5032000035047531,0.0021321402816768826,0.5029249936342239,0.0007500052452087402,5.551278146915138,0.0
flow_matching_edm,ode-tsit5-adaptive-joint,mlp,gaussian_linear_uniform,0.5054549992084503,0.003059124514949577,0.5057750046253204,0.00242498517036438,5.680396638810635,0.0
flow_matching_edm,ode-tsit5-adaptive-joint,mlp,lotka_volterra,0.8229050040245056,0.08735104990541476,0.8460749983787537,0.06624999642372131,5.516408046707511,0.0
flow_matching_edm,ode-tsit5-adaptive-joint,mlp,slcp,0.7050099968910217,0.10253061493956031,0.6703999936580658,0.059749990701675415,5.4858508333563805,0.0
flow_matching_edm,ode-tsit5-adaptive-joint,mlp,two_moons,0.571654999256134,0.05452174852626804,0.5525749921798706,0.033924996852874756,5.46403106674552,0.0
flow_matching_edm,ode-tsit5-adaptive-joint,mlp,bernoulli_glm,0.5637750029563904,0.034790090278239406,0.5637750029563904,0.03365001082420349,5.538248953409493,0.0
flow_matching_edm,ode-tsit5-adaptive-joint,mlp,slcp_distractors,0.7584449946880341,0.09056454083851032,0.7218999862670898,0.04507499933242798,5.635690435767174,0.0
flow_matching_edm,ode-tsit5-adaptive-joint,mlp,bernoulli_glm_raw,0.5530999958515167,0.0276203359471352,0.5480749905109406,0.02580001950263977,5.692679856903851,0.0
flow_matching_edm,ode-tsit5-adaptive-joint,time_mlp,gaussian_mixture,0.5404499888420105,0.008947731199515899,0.5410999953746796,0.00755000114440918,12.562734814360738,0.0
flow_matching_edm,ode-tsit5-adaptive-joint,time_mlp,sir,0.5382300019264221,0.014345059052937056,0.5394000113010406,0.0059999823570251465,13.051405107602477,0.0
flow_matching_edm,ode-tsit5-adaptive-joint,time_mlp,gaussian_linear,0.5052300035953522,0.0036239561234791533,0.5038000047206879,0.0025999844074249268,12.617118922062218,0.0
flow_matching_edm,ode-tsit5-adaptive-joint,time_mlp,gaussian_linear_uniform,0.5059000015258789,0.0041795884144138085,0.5043000280857086,0.0033500492572784424,12.612773843109608,0.0
flow_matching_edm,ode-tsit5-adaptive-joint,time_mlp,lotka_volterra,0.6856200098991394,0.0918811473109272,0.6646249890327454,0.06340000033378601,14.564907003194094,0.0
flow_matching_edm,ode-tsit5-adaptive-joint,time_mlp,slcp,0.6211300015449523,0.08801285640719596,0.5702499747276306,0.02129995822906494,12.573818305507302,0.0
flow_matching_edm,ode-tsit5-adaptive-joint,time_mlp,two_moons,0.5235399901866913,0.011429363929401182,0.5206749737262726,0.008524984121322632,12.522762494161725,0.0
flow_matching_edm,ode-tsit5-adaptive-joint,time_mlp,bernoulli_glm,0.5152549982070923,0.0038631849251758994,0.5148999989032745,0.0035499930381774902,12.608386057429016,0.0
flow_matching_edm,ode-tsit5-adaptive-joint,time_mlp,slcp_distractors,0.6518499970436096,0.08310935842279854,0.6459749937057495,0.06287500262260437,12.591487172991037,0.0
flow_matching_edm,ode-tsit5-adaptive-joint,time_mlp,bernoulli_glm_raw,0.5184700071811676,0.006429506545769287,0.5194500088691711,0.004324972629547119,12.60595690086484,0.0
ot_flow_matching,ode-tsit5-adaptive-joint,mlp,gaussian_mixture,0.9070500016212464,0.02543658874398744,0.9092499911785126,0.018900007009506226,5.470659331418574,0.0
ot_flow_matching,ode-tsit5-adaptive-joint,mlp,sir,0.8969499945640564,0.024543480444130194,0.8951999843120575,0.02339997887611389,5.486857119016349,0.0
ot_flow_matching,ode-tsit5-adaptive-joint,mlp,gaussian_linear,0.7684599995613098,0.04173083639101268,0.7658500075340271,0.03224998712539673,5.555034898221493,0.0
ot_flow_matching,ode-tsit5-adaptive-joint,mlp,gaussian_linear_uniform,0.8386649906635284,0.018802837951925885,0.8434749841690063,0.015124976634979248,5.559020018205047,0.0
ot_flow_matching,ode-tsit5-adaptive-joint,mlp,lotka_volterra,0.9794599950313568,0.010607516304358685,0.9802999794483185,0.007650017738342285,5.60476737190038,0.0
ot_flow_matching,ode-tsit5-adaptive-joint,mlp,slcp,0.8831199944019318,0.042610518854273645,0.8790999948978424,0.0440250039100647,5.454825643450022,0.0
ot_flow_matching,ode-tsit5-adaptive-joint,mlp,two_moons,0.8828000009059906,0.04058906837073328,0.8673500120639801,0.027750015258789062,5.467738579958677,0.0
ot_flow_matching,ode-tsit5-adaptive-joint,mlp,bernoulli_glm,0.9091400027275085,0.027866663504865583,0.9095749855041504,0.027074992656707764,5.561313860118389,0.0
ot_flow_matching,ode-tsit5-adaptive-joint,mlp,slcp_distractors,0.8844700038433075,0.044523881679870855,0.8922750055789948,0.042849987745285034,5.6574861677363515,0.0
ot_flow_matching,ode-tsit5-adaptive-joint,mlp,bernoulli_glm_raw,0.9034950017929078,0.0266376884999686,0.9053750038146973,0.024725019931793213,5.68950033467263,0.0
ot_flow_matching,ode-tsit5-adaptive-joint,time_mlp,gaussian_mixture,0.9102599918842316,0.023335816108990243,0.9114499986171722,0.017224997282028198,12.542813525535166,0.0
ot_flow_matching,ode-tsit5-adaptive-joint,time_mlp,sir,0.8942200005054474,0.02669622331970246,0.8946999907493591,0.025700002908706665,12.569134213030338,0.0
ot_flow_matching,ode-tsit5-adaptive-joint,time_mlp,gaussian_linear,0.7629399955272674,0.04081380094222993,0.7567000091075897,0.034299999475479126,12.619916264899075,0.0
ot_flow_matching,ode-tsit5-adaptive-joint,time_mlp,gaussian_linear_uniform,0.8360049962997437,0.020538808625393156,0.8396749794483185,0.016324996948242188,12.612798996269703,0.0
ot_flow_matching,ode-tsit5-adaptive-joint,time_mlp,lotka_volterra,0.9616149961948395,0.01655594213425786,0.9573000073432922,0.012874990701675415,13.066156395711005,0.0
ot_flow_matching,ode-tsit5-adaptive-joint,time_mlp,slcp,0.8651099920272827,0.04128430919878304,0.8757499754428864,0.024875015020370483,12.548599527217448,0.0
ot_flow_matching,ode-tsit5-adaptive-joint,time_mlp,two_moons,0.8596650004386902,0.03685700691442174,0.8487000167369843,0.02995002269744873,12.536531379446387,0.0
ot_flow_matching,ode-tsit5-adaptive-joint,time_mlp,bernoulli_glm,0.8909949898719788,0.02274554500344071,0.8931249976158142,0.020850002765655518,12.597684815526009,0.0
ot_flow_matching,ode-tsit5-adaptive-joint,time_mlp,slcp_distractors,0.8637700021266937,0.04009064847773372,0.8707500100135803,0.03482499718666077,12.60838077776134,0.0
ot_flow_matching,ode-tsit5-adaptive-joint,time_mlp,bernoulli_glm_raw,0.8904699981212616,0.02177363232056183,0.8893750011920929,0.01985001564025879,12.61044830456376,0.0
ot_partial_flow_matching,ode-tsit5-adaptive-joint,mlp,gaussian_mixture,0.9248249948024749,0.020433576126638986,0.9263999760150909,0.015224993228912354,5.469697915017605,0.0
ot_partial_flow_matching,ode-tsit5-adaptive-joint,mlp,sir,0.9204149901866913,0.02209665458096068,0.9201499819755554,0.021499991416931152,5.47965909447521,0.0
ot_partial_flow_matching,ode-tsit5-adaptive-joint,mlp,gaussian_linear,0.786790007352829,0.04914149245155214,0.7833750247955322,0.040499985218048096,5.540459794923663,0.0
ot_partial_flow_matching,ode-tsit5-adaptive-joint,mlp,gaussian_linear_uniform,0.8541250050067901,0.021892075952807954,0.8574000000953674,0.017224997282028198,5.560422306880355,0.0
ot_partial_flow_matching,ode-tsit5-adaptive-joint,mlp,lotka_volterra,0.9834249973297119,0.010653075552073512,0.9835750162601471,0.008074969053268433,5.507796050980687,0.0
ot_partial_flow_matching,ode-tsit5-adaptive-joint,mlp,slcp,0.8909800112247467,0.04062097680129,0.8903250098228455,0.033549994230270386,5.512828727252781,0.0
ot_partial_flow_matching,ode-tsit5-adaptive-joint,mlp,two_moons,0.9014900028705597,0.03397369454809584,0.8874250054359436,0.026150017976760864,5.464522235095501,0.0
ot_partial_flow_matching,ode-tsit5-adaptive-joint,mlp,bernoulli_glm,0.919760000705719,0.03641387629892465,0.9223249852657318,0.03782501816749573,5.580755753442645,0.0
ot_partial_flow_matching,ode-tsit5-adaptive-joint,mlp,slcp_distractors,0.8981850028038025,0.04023101278876338,0.9108000099658966,0.03610000014305115,5.655222964473069,0.0
ot_partial_flow_matching,ode-tsit5-adaptive-joint,mlp,bernoulli_glm_raw,0.9165749967098236,0.03715181453044164,0.9184499979019165,0.036875009536743164,5.687329483218491,0.0
ot_partial_flow_matching,ode-tsit5-adaptive-joint,time_mlp,gaussian_mixture,0.9254100024700165,0.02032193492706108,0.925775021314621,0.01502498984336853,12.535471848212183,0.0
ot_partial_flow_matching,ode-tsit5-adaptive-joint,time_mlp,sir,0.9162450075149536,0.02327093692874044,0.9187999963760376,0.022149980068206787,12.558165222406387,0.0
ot_partial_flow_matching,ode-tsit5-adaptive-joint,time_mlp,gaussian_linear,0.7857349991798401,0.05129716999272369,0.7833000123500824,0.035449981689453125,12.610799666494131,0.0
ot_partial_flow_matching,ode-tsit5-adaptive-joint,time_mlp,gaussian_linear_uniform,0.8521249890327454,0.024113924349260796,0.8530249893665314,0.019050002098083496,12.62123143300414,0.0
ot_partial_flow_matching,ode-tsit5-adaptive-joint,time_mlp,lotka_volterra,0.9697200000286103,0.01709100084957535,0.9677000045776367,0.016400009393692017,13.15213087387383,0.0
ot_partial_flow_matching,ode-tsit5-adaptive-joint,time_mlp,slcp,0.8797000050544739,0.03844952967454295,0.8789750039577484,0.031275004148483276,12.66340715251863,0.0
ot_partial_flow_matching,ode-tsit5-adaptive-joint,time_mlp,two_moons,0.8830449998378753,0.034713077621861904,0.8714500069618225,0.02672499418258667,12.55247710738331,0.0
ot_partial_flow_matching,ode-tsit5-adaptive-joint,time_mlp,bernoulli_glm,0.9106800019741058,0.03693086443347093,0.9077999889850616,0.03602498769760132,12.605882421135902,0.0
ot_partial_flow_matching,ode-tsit5-adaptive-joint,time_mlp,slcp_distractors,0.8801500082015992,0.0365246628564807,0.8841750025749207,0.0314750075340271,12.598488190211356,0.0
ot_partial_flow_matching,ode-tsit5-adaptive-joint,time_mlp,bernoulli_glm_raw,0.908460009098053,0.03852058933319768,0.90870001912117,0.040650010108947754,12.621748805046082,0.0
cot_flow_matching,ode-tsit5-adaptive-joint,mlp,gaussian_mixture,0.6830800116062165,0.06642072248142676,0.6696250140666962,0.06040000915527344,5.471803626045585,0.0
cot_flow_matching,ode-tsit5-adaptive-joint,mlp,sir,0.6045399844646454,0.06479142625944093,0.5645249783992767,0.017199993133544922,5.485675664618611,0.0
cot_flow_matching,ode-tsit5-adaptive-joint,mlp,gaussian_linear,0.5026799976825714,0.0021675095288618954,0.5020499974489212,0.0015749931335449219,5.6332452073693275,0.0
cot_flow_matching,ode-tsit5-adaptive-joint,mlp,gaussian_linear_uniform,0.5062499970197678,0.0035048573682923963,0.5080499947071075,0.0010249912738800049,5.543215523473918,0.0
cot_flow_matching,ode-tsit5-adaptive-joint,mlp,lotka_volterra,0.8509199857711792,0.05470203350566248,0.8489999771118164,0.03350001573562622,5.520315198227763,0.0
cot_flow_matching,ode-tsit5-adaptive-joint,mlp,slcp,0.7235049903392792,0.10540312136145169,0.6672999858856201,0.056599974632263184,5.499415505677462,0.0
cot_flow_matching,ode-tsit5-adaptive-joint,mlp,two_moons,0.6404500007629395,0.07635763387073916,0.6460999846458435,0.033799976110458374,5.476416487246752,0.0
cot_flow_matching,ode-tsit5-adaptive-joint,mlp,bernoulli_glm,0.5535149991512298,0.03266128137881457,0.5503000020980835,0.030774980783462524,5.552183550782502,0.0
cot_flow_matching,ode-tsit5-adaptive-joint,mlp,slcp_distractors,0.7640550136566162,0.10500126179439509,0.7213750183582306,0.06607499718666077,5.658203544095159,0.0
cot_flow_matching,ode-tsit5-adaptive-joint,mlp,bernoulli_glm_raw,0.5419449985027314,0.015374627890518836,0.5482000112533569,0.012699991464614868,5.660655214451253,0.0
cot_flow_matching,ode-tsit5-adaptive-joint,time_mlp,gaussian_mixture,0.5667399942874909,0.037475915007881076,0.5536499917507172,0.02740001678466797,12.557177170179784,0.0
cot_flow_matching,ode-tsit5-adaptive-joint,time_mlp,sir,0.5716550052165985,0.05576575950987466,0.5526500046253204,0.025549978017807007,12.70331304334104,0.0
cot_flow_matching,ode-tsit5-adaptive-joint,time_mlp,gaussian_linear,0.503414997458458,0.0027766927040507893,0.5025999844074249,0.001699984073638916,12.634808246977627,0.0
cot_flow_matching,ode-tsit5-adaptive-joint,time_mlp,gaussian_linear_uniform,0.502920001745224,0.0025584349249980526,0.5015000104904175,0.0007500052452087402,12.738580074161291,0.0
cot_flow_matching,ode-tsit5-adaptive-joint,time_mlp,lotka_volterra,0.6901700079441071,0.08887781636856724,0.6572750210762024,0.04104998707771301,14.321164218708873,0.0
cot_flow_matching,ode-tsit5-adaptive-joint,time_mlp,slcp,0.6354549884796142,0.09757849900818114,0.5831499993801117,0.03630000352859497,12.57696383446455,0.0
cot_flow_matching,ode-tsit5-adaptive-joint,time_mlp,two_moons,0.5562649995088578,0.042613745374396474,0.547124981880188,0.034699976444244385,12.54551050439477,0.0
cot_flow_matching,ode-tsit5-adaptive-joint,time_mlp,bernoulli_glm,0.5135399997234344,0.007007922290760146,0.5171250104904175,0.003474980592727661,12.604695274494588,0.0
cot_flow_matching,ode-tsit5-adaptive-joint,time_mlp,slcp_distractors,0.6348450005054473,0.0883588057134099,0.5788500010967255,0.02875000238418579,12.586455700919032,0.0
cot_flow_matching,ode-tsit5-adaptive-joint,time_mlp,bernoulli_glm_raw,0.5149150013923645,0.005825507610687403,0.5154500007629395,0.003850013017654419,12.606406040489674,0.0
cot_0_02_flow_matching,ode-tsit5-adaptive-joint,mlp,gaussian_mixture,0.7070200026035309,0.06711384514003792,0.6847749948501587,0.04154998064041138,5.569687543436885,0.0
cot_0_02_flow_matching,ode-tsit5-adaptive-joint,mlp,sir,0.6349849998950958,0.08211109256057568,0.5991999804973602,0.04332497715950012,5.508850305341184,0.0
cot_0_02_flow_matching,ode-tsit5-adaptive-joint,mlp,gaussian_linear,0.506995004415512,0.003447202638922416,0.5058999955654144,0.0018999874591827393,5.638895381242037,0.0
cot_0_02_flow_matching,ode-tsit5-adaptive-joint,mlp,gaussian_linear_uniform,0.5071299970149994,0.004238763754746098,0.5058249831199646,0.0027750134468078613,5.565621889196336,0.0
cot_0_02_flow_matching,ode-tsit5-adaptive-joint,mlp,lotka_volterra,0.8580249965190887,0.05624250547546733,0.8549000024795532,0.04089999198913574,5.517151723615825,0.0
cot_0_02_flow_matching,ode-tsit5-adaptive-joint,mlp,slcp,0.7209800064563752,0.09141697933786781,0.6663750112056732,0.03177499771118164,5.497027351520956,0.0
cot_0_02_flow_matching,ode-tsit5-adaptive-joint,mlp,two_moons,0.6485399901866913,0.07504681216260799,0.6489499807357788,0.05167502164840698,5.60513099655509,0.0
cot_0_02_flow_matching,ode-tsit5-adaptive-joint,mlp,bernoulli_glm,0.5682750046253204,0.051051567152301046,0.5659999847412109,0.049325019121170044,5.552875889465213,0.0
cot_0_02_flow_matching,ode-tsit5-adaptive-joint,mlp,slcp_distractors,0.7519700050354003,0.08773857736387503,0.7184500098228455,0.06130000948905945,5.651439007371664,0.0
cot_0_02_flow_matching,ode-tsit5-adaptive-joint,mlp,bernoulli_glm_raw,0.5464649975299836,0.022432219284374125,0.5483750104904175,0.021925002336502075,5.6830740394070745,0.0
cot_0_02_flow_matching,ode-tsit5-adaptive-joint,time_mlp,gaussian_mixture,0.5896399974822998,0.0464420478123237,0.5773749947547913,0.0356999933719635,12.552791060879827,0.0
cot_0_02_flow_matching,ode-tsit5-adaptive-joint,time_mlp,sir,0.6056150019168853,0.09036687578979277,0.5836749970912933,0.04362499713897705,12.579203727655113,0.0
cot_0_02_flow_matching,ode-tsit5-adaptive-joint,time_mlp,gaussian_linear,0.5113899886608124,0.0072794530365241136,0.5080999732017517,0.0032999813556671143,12.62824593950063,0.0
cot_0_02_flow_matching,ode-tsit5-adaptive-joint,time_mlp,gaussian_linear_uniform,0.5058300018310546,0.00469490905912774,0.50450000166893,0.0029000043869018555,12.623964723199606,0.0
cot_0_02_flow_matching,ode-tsit5-adaptive-joint,time_mlp,lotka_volterra,0.7201450049877167,0.10308775052312838,0.6695000231266022,0.05025002360343933,14.060998292639852,0.0
cot_0_02_flow_matching,ode-tsit5-adaptive-joint,time_mlp,slcp,0.6539349973201751,0.0822743221996323,0.6191000044345856,0.05145001411437988,12.581618351861835,0.0
cot_0_02_flow_matching,ode-tsit5-adaptive-joint,time_mlp,two_moons,0.5636699974536896,0.04650764018001125,0.5523000061511993,0.0330750048160553,12.531142362393439,0.0
cot_0_02_flow_matching,ode-tsit5-adaptive-joint,time_mlp,bernoulli_glm,0.5187699854373932,0.011201524053218965,0.5165249705314636,0.008324980735778809,12.592412803322077,0.0
cot_0_02_flow_matching,ode-tsit5-adaptive-joint,time_mlp,slcp_distractors,0.6483999967575074,0.08640183263505263,0.6079500019550323,0.04092499613761902,12.73176952265203,0.0
cot_0_02_flow_matching,ode-tsit5-adaptive-joint,time_mlp,bernoulli_glm_raw,0.5184499979019165,0.008017229579129561,0.5162499845027924,0.005099982023239136,12.6593486238271,0.0
cot_0_05_flow_matching,ode-tsit5-adaptive-joint,mlp,gaussian_mixture,0.7294749915599823,0.06968204780925183,0.7054499983787537,0.04012501239776611,5.484868967905641,0.0
cot_0_05_flow_matching,ode-tsit5-adaptive-joint,mlp,sir,0.7126450061798095,0.07125848521000738,0.6883249878883362,0.06022500991821289,5.543847841210663,0.0
cot_0_05_flow_matching,ode-tsit5-adaptive-joint,mlp,gaussian_linear,0.5505950033664704,0.024275847121430078,0.5401250123977661,0.015000015497207642,5.55028672516346,0.0
cot_0_05_flow_matching,ode-tsit5-adaptive-joint,mlp,gaussian_linear_uniform,0.533994996547699,0.01735705648410923,0.5300500094890594,0.012649983167648315,5.561696508899331,0.0
cot_0_05_flow_matching,ode-tsit5-adaptive-joint,mlp,lotka_volterra,0.8717299938201905,0.05374019183190267,0.8709000051021576,0.021324992179870605,5.520219556987286,0.0
cot_0_05_flow_matching,ode-tsit5-adaptive-joint,mlp,slcp,0.733650004863739,0.08587909266483652,0.707749992609024,0.05302497744560242,5.505889991298318,0.0
cot_0_05_flow_matching,ode-tsit5-adaptive-joint,mlp,two_moons,0.7058899998664856,0.08547035889095668,0.7222499847412109,0.06665000319480896,5.567203938961029,0.0
cot_0_05_flow_matching,ode-tsit5-adaptive-joint,mlp,bernoulli_glm,0.6117700040340424,0.08838975511686167,0.6183499991893768,0.08852499723434448,5.65679775364697,0.0
cot_0_05_flow_matching,ode-tsit5-adaptive-joint,mlp,slcp_distractors,0.7510500073432922,0.09229435673764312,0.7138250172138214,0.07257500290870667,5.646221876144409,0.0
cot_0_05_flow_matching,ode-tsit5-adaptive-joint,mlp,bernoulli_glm_raw,0.579420006275177,0.05124842100925349,0.5654250085353851,0.04277500510215759,5.701175638474524,0.0
cot_0_05_flow_matching,ode-tsit5-adaptive-joint,time_mlp,gaussian_mixture,0.659865003824234,0.06035032100873663,0.643750011920929,0.04794999957084656,12.544269223697484,0.0
cot_0_05_flow_matching,ode-tsit5-adaptive-joint,time_mlp,sir,0.6937999904155732,0.08438188346482148,0.6773250102996826,0.06572499871253967,12.570122120901942,0.0
cot_0_05_flow_matching,ode-tsit5-adaptive-joint,time_mlp,gaussian_linear,0.5557400047779083,0.031126749744346736,0.5465250015258789,0.022000014781951904,12.61033882945776,0.0
cot_0_05_flow_matching,ode-tsit5-adaptive-joint,time_mlp,gaussian_linear_uniform,0.5362499952316284,0.01690767690220562,0.5330249965190887,0.009775012731552124,12.629381665959954,0.0
cot_0_05_flow_matching,ode-tsit5-adaptive-joint,time_mlp,lotka_volterra,0.7674100041389466,0.08453976744781845,0.733225017786026,0.04787498712539673,14.546044506132603,0.0
cot_0_05_flow_matching,ode-tsit5-adaptive-joint,time_mlp,slcp,0.6877799987792969,0.07563946493521785,0.6665999889373779,0.043899983167648315,12.576570997014642,0.0
cot_0_05_flow_matching,ode-tsit5-adaptive-joint,time_mlp,two_moons,0.6164349913597107,0.06292742387372498,0.621099978685379,0.04977497458457947,12.539957555010915,0.0
cot_0_05_flow_matching,ode-tsit5-adaptive-joint,time_mlp,bernoulli_glm,0.5688750088214874,0.04861973565970318,0.5692999958992004,0.04862499237060547,12.636692145839334,0.0
cot_0_05_flow_matching,ode-tsit5-adaptive-joint,time_mlp,slcp_distractors,0.6675749957561493,0.09233427650033936,0.6448249816894531,0.07122498750686646,12.585130364634097,0.0
cot_0_05_flow_matching,ode-tsit5-adaptive-joint,time_mlp,bernoulli_glm_raw,0.5377749979496003,0.028444617356559457,0.5334499776363373,0.02484998106956482,12.624881591647863,0.0
cot_0_1_flow_matching,ode-tsit5-adaptive-joint,mlp,gaussian_mixture,0.7517300069332122,0.06896412794161706,0.7484000027179718,0.06252500414848328,5.470322878099978,0.0
cot_0_1_flow_matching,ode-tsit5-adaptive-joint,mlp,sir,0.7375900030136109,0.07035508843427425,0.7096000015735626,0.056800007820129395,5.4792883433401585,0.0
cot_0_1_flow_matching,ode-tsit5-adaptive-joint,mlp,gaussian_linear,0.60692999958992,0.03535495984229724,0.6031500101089478,0.021124988794326782,5.549776129424572,0.0
cot_0_1_flow_matching,ode-tsit5-adaptive-joint,mlp,gaussian_linear_uniform,0.6049799978733063,0.030305303567352768,0.6070249974727631,0.022350013256072998,5.5463952338323,0.0
cot_0_1_flow_matching,ode-tsit5-adaptive-joint,mlp,lotka_volterra,0.8898599922657013,0.05084687149759661,0.8753750026226044,0.05027502775192261,5.512827576138079,0.0
cot_0_1_flow_matching,ode-tsit5-adaptive-joint,mlp,slcp,0.750285005569458,0.07956651922880122,0.7301750183105469,0.05512496829032898,5.485544469207525,0.0
cot_0_1_flow_matching,ode-tsit5-adaptive-joint,mlp,two_moons,0.7334050059318542,0.08107547366823883,0.721574991941452,0.06339997053146362,5.5368552869185805,0.0
cot_0_1_flow_matching,ode-tsit5-adaptive-joint,mlp,bernoulli_glm,0.6687150001525879,0.11437687306112548,0.6861999928951263,0.1076749861240387,5.551625581458211,0.0
cot_0_1_flow_matching,ode-tsit5-adaptive-joint,mlp,slcp_distractors,0.7729599952697754,0.08215516325984688,0.7570250034332275,0.06452500820159912,5.65469369571656,0.0
cot_0_1_flow_matching,ode-tsit5-adaptive-joint,mlp,bernoulli_glm_raw,0.646509999036789,0.09430841568497716,0.6497749984264374,0.09764999151229858,5.68845335021615,0.0
cot_0_1_flow_matching,ode-tsit5-adaptive-joint,time_mlp,gaussian_mixture,0.7134599983692169,0.06484742733002866,0.7001999914646149,0.05207499861717224,12.544659519568086,0.0
cot_0_1_flow_matching,ode-tsit5-adaptive-joint,time_mlp,sir,0.738305002450943,0.07865323269482939,0.730349987745285,0.0753999650478363,12.556904680095613,0.0
cot_0_1_flow_matching,ode-tsit5-adaptive-joint,time_mlp,gaussian_linear,0.6102800071239471,0.04036668448985066,0.60487499833107,0.03412500023841858,12.61539591383189,0.0
cot_0_1_flow_matching,ode-tsit5-adaptive-joint,time_mlp,gaussian_linear_uniform,0.6116750061511993,0.035970591691113205,0.6140750050544739,0.03207501769065857,12.62251991033554,0.0
cot_0_1_flow_matching,ode-tsit5-adaptive-joint,time_mlp,lotka_volterra,0.8143800079822541,0.08614290114965213,0.7891250252723694,0.058975011110305786,14.578813772648573,0.0
cot_0_1_flow_matching,ode-tsit5-adaptive-joint,time_mlp,slcp,0.7171950042247772,0.05286552092235764,0.7267250120639801,0.040499985218048096,12.585035502910614,0.0
cot_0_1_flow_matching,ode-tsit5-adaptive-joint,time_mlp,two_moons,0.6667549908161163,0.06437754577753194,0.6438499987125397,0.052949994802474976,12.558206742629409,0.0
cot_0_1_flow_matching,ode-tsit5-adaptive-joint,time_mlp,bernoulli_glm,0.6319900035858155,0.0844849502021923,0.6474500000476837,0.07210001349449158,12.626551375724375,0.0
cot_0_1_flow_matching,ode-tsit5-adaptive-joint,time_mlp,slcp_distractors,0.7035999953746795,0.051979680078599176,0.6972249746322632,0.04127499461174011,12.595821173861623,0.0
cot_0_1_flow_matching,ode-tsit5-adaptive-joint,time_mlp,bernoulli_glm_raw,0.6112649977207184,0.07976704978232875,0.6060750186443329,0.07945004105567932,12.709291881881654,0.0
cot_partial_flow_matching,ode-tsit5-adaptive-joint,mlp,gaussian_mixture,0.6997300028800965,0.0846358051675466,0.6834999918937683,0.07499998807907104,5.588605398312211,0.0
cot_partial_flow_matching,ode-tsit5-adaptive-joint,mlp,sir,0.6153999924659729,0.0768179267959265,0.5753499865531921,0.031249970197677612,5.495459285564721,0.0
cot_partial_flow_matching,ode-tsit5-adaptive-joint,mlp,gaussian_linear,0.5110450059175491,0.004941186928638866,0.5116250216960907,0.0023500025272369385,5.5613039415329695,0.0
cot_partial_flow_matching,ode-tsit5-adaptive-joint,mlp,gaussian_linear_uniform,0.514029997587204,0.006111431269880344,0.5139749944210052,0.005024999380111694,5.55116865132004,0.0
cot_partial_flow_matching,ode-tsit5-adaptive-joint,mlp,lotka_volterra,0.8397550106048584,0.07422923206470192,0.8247250020503998,0.03659999370574951,5.510370589792728,0.0
cot_partial_flow_matching,ode-tsit5-adaptive-joint,mlp,slcp,0.7102749943733215,0.09145888495796761,0.6926999986171722,0.0575999915599823,5.5116602554917336,0.0
cot_partial_flow_matching,ode-tsit5-adaptive-joint,mlp,two_moons,0.6488949954509735,0.09099562449254085,0.6428250074386597,0.0513249933719635,5.480298657901585,0.0
cot_partial_flow_matching,ode-tsit5-adaptive-joint,mlp,bernoulli_glm,0.5901000022888183,0.07220056290259363,0.5916000008583069,0.07487499713897705,5.545704268850386,0.0
cot_partial_flow_matching,ode-tsit5-adaptive-joint,mlp,slcp_distractors,0.7781449913978576,0.10383192743398806,0.7615749835968018,0.10804998874664307,5.714389594271779,0.0
cot_partial_flow_matching,ode-tsit5-adaptive-joint,mlp,bernoulli_glm_raw,0.5706049978733063,0.05147084799509243,0.5649499893188477,0.04135000705718994,5.684067688882351,0.0
cot_partial_flow_matching,ode-tsit5-adaptive-joint,time_mlp,gaussian_mixture,0.6003300070762634,0.06755322526314106,0.5757250189781189,0.029675006866455078,12.539090353995562,0.0
cot_partial_flow_matching,ode-tsit5-adaptive-joint,time_mlp,sir,0.5830599904060364,0.06309165641869947,0.5598499774932861,0.024399995803833008,13.202744620852172,0.0
cot_partial_flow_matching,ode-tsit5-adaptive-joint,time_mlp,gaussian_linear,0.5125699996948242,0.008570601087259825,0.5099000036716461,0.004225015640258789,12.620070611126721,0.0
cot_partial_flow_matching,ode-tsit5-adaptive-joint,time_mlp,gaussian_linear_uniform,0.5095600068569184,0.007738435882872654,0.5066750049591064,0.0033249855041503906,12.63069710880518,0.0
cot_partial_flow_matching,ode-tsit5-adaptive-joint,time_mlp,lotka_volterra,0.7068599939346314,0.09488440454651961,0.6623749732971191,0.03222501277923584,14.56141842994839,0.0
cot_partial_flow_matching,ode-tsit5-adaptive-joint,time_mlp,slcp,0.6547700047492981,0.07478137893378,0.6465499997138977,0.05139997601509094,12.584014866501093,0.0
cot_partial_flow_matching,ode-tsit5-adaptive-joint,time_mlp,two_moons,0.5725499987602234,0.06174873606141508,0.5593250095844269,0.036475032567977905,12.546056477352977,0.0
cot_partial_flow_matching,ode-tsit5-adaptive-joint,time_mlp,bernoulli_glm,0.541635000705719,0.0378055617798813,0.5311000049114227,0.024399995803833008,12.778985433280468,0.0
cot_partial_flow_matching,ode-tsit5-adaptive-joint,time_mlp,slcp_distractors,0.6603249967098236,0.08882214413872158,0.6345250010490417,0.05365002155303955,12.604168424382806,0.0
cot_partial_flow_matching,ode-tsit5-adaptive-joint,time_mlp,bernoulli_glm_raw,0.5338599979877472,0.02352819953728875,0.5259749889373779,0.012474983930587769,12.618957943283021,0.0
diffusion_edm_vp,ode-tsit5-adaptive-joint,mlp,gaussian_mixture,0.6358700037002564,0.05584308122666389,0.6231250166893005,0.04875001311302185,5.907235688529909,0.0
diffusion_edm_vp,ode-tsit5-adaptive-joint,mlp,sir,0.6186699986457824,0.08225621180822311,0.5821999907493591,0.030099987983703613,5.6542875822633505,0.0
diffusion_edm_vp,ode-tsit5-adaptive-joint,mlp,gaussian_linear,0.5056299954652786,0.002517167189763076,0.5066500008106232,0.0018000006675720215,5.71612292714417,0.0
diffusion_edm_vp,ode-tsit5-adaptive-joint,mlp,gaussian_linear_uniform,0.5037149965763092,0.0036254728639529984,0.5020750164985657,0.0015750229358673096,5.681318308226764,0.0
diffusion_edm_vp,ode-tsit5-adaptive-joint,mlp,lotka_volterra,0.8501050114631653,0.06086911239202385,0.8690250217914581,0.056349992752075195,5.634383991360664,0.0
diffusion_edm_vp,ode-tsit5-adaptive-joint,mlp,slcp,0.7015949964523316,0.08668070909350296,0.6888499855995178,0.060424983501434326,5.630403835326433,0.0
diffusion_edm_vp,ode-tsit5-adaptive-joint,mlp,two_moons,0.560589998960495,0.04382958102115536,0.5337249934673309,0.013025015592575073,5.670747548341751,0.0
diffusion_edm_vp,ode-tsit5-adaptive-joint,mlp,bernoulli_glm,0.5964600026607514,0.05643736264449744,0.5893499851226807,0.05572497844696045,5.755387783050537,0.0
diffusion_edm_vp,ode-tsit5-adaptive-joint,mlp,slcp_distractors,0.7279249966144562,0.09472517964408679,0.7123000025749207,0.05885002017021179,5.773394315503538,0.0
diffusion_edm_vp,ode-tsit5-adaptive-joint,mlp,bernoulli_glm_raw,0.5741449952125549,0.04256124075008235,0.564300000667572,0.03020000457763672,5.828566139563918,0.0
diffusion_edm_vp,ode-tsit5-adaptive-joint,time_mlp,gaussian_mixture,0.5240899920463562,0.005277721471434897,0.5248499810695648,0.0033999979496002197,12.676902300678194,0.0
diffusion_edm_vp,ode-tsit5-adaptive-joint,time_mlp,sir,0.5345300018787384,0.016039027460278896,0.5319499969482422,0.011150002479553223,12.665500682778656,0.0
diffusion_edm_vp,ode-tsit5-adaptive-joint,time_mlp,gaussian_linear,0.5051249980926513,0.003660080715107189,0.504874974489212,0.0030750036239624023,12.747717140242457,0.0
diffusion_edm_vp,ode-tsit5-adaptive-joint,time_mlp,gaussian_linear_uniform,0.5144349932670593,0.004375912230601536,0.5137249827384949,0.004074990749359131,12.74613288603723,0.0
diffusion_edm_vp,ode-tsit5-adaptive-joint,time_mlp,lotka_volterra,0.7131799995899201,0.09267457694890047,0.684799998998642,0.03579998016357422,12.940015077590942,0.0
diffusion_edm_vp,ode-tsit5-adaptive-joint,time_mlp,slcp,0.6476450085639953,0.09091358532069675,0.6195749938488007,0.060725003480911255,12.690935936756432,0.0
diffusion_edm_vp,ode-tsit5-adaptive-joint,time_mlp,two_moons,0.5214999973773956,0.01206675072249832,0.5177249908447266,0.006024986505508423,12.899243160150945,0.0
diffusion_edm_vp,ode-tsit5-adaptive-joint,time_mlp,bernoulli_glm,0.5203650057315826,0.007169452972829213,0.5219500064849854,0.008025020360946655,12.75696912407875,0.0
diffusion_edm_vp,ode-tsit5-adaptive-joint,time_mlp,slcp_distractors,0.6513199985027314,0.07634919058366041,0.6417250037193298,0.07164999842643738,12.709863599389791,0.0
diffusion_edm_vp,ode-tsit5-adaptive-joint,time_mlp,bernoulli_glm_raw,0.5211500108242035,0.006897356679309654,0.5209750235080719,0.005924969911575317,12.780558601021767,0.0
diffusion_edm_vp_ema,ode-tsit5-adaptive-joint,mlp,gaussian_mixture,0.6503349959850311,0.05308298124070612,0.6439249813556671,0.052874982357025146,5.6462157517671585,0.0
diffusion_edm_vp_ema,ode-tsit5-adaptive-joint,mlp,sir,0.6300149917602539,0.0837326960073879,0.5923500061035156,0.03190001845359802,5.596854942850769,0.0
diffusion_edm_vp_ema,ode-tsit5-adaptive-joint,mlp,gaussian_linear,0.5049400001764297,0.0023034526119489434,0.5052250027656555,0.0015000104904174805,5.750783450901508,0.0
diffusion_edm_vp_ema,ode-tsit5-adaptive-joint,mlp,gaussian_linear_uniform,0.5091799974441529,0.005373644331066229,0.5098749995231628,0.00392499566078186,5.693248534575105,0.0
diffusion_edm_vp_ema,ode-tsit5-adaptive-joint,mlp,lotka_volterra,0.8639450013637543,0.07403169761233205,0.9048500061035156,0.028449982404708862,5.628945879638195,0.0
diffusion_edm_vp_ema,ode-tsit5-adaptive-joint,mlp,slcp,0.7031749963760376,0.09881862544054829,0.6659500002861023,0.03494998812675476,5.622445442713797,0.0
diffusion_edm_vp_ema,ode-tsit5-adaptive-joint,mlp,two_moons,0.5635749995708466,0.04654402588785114,0.538100004196167,0.016700029373168945,5.6128097008913755,0.0
diffusion_edm_vp_ema,ode-tsit5-adaptive-joint,mlp,bernoulli_glm,0.5967250049114228,0.06059145390313347,0.5985000133514404,0.06485000252723694,5.684749115258455,0.0
diffusion_edm_vp_ema,ode-tsit5-adaptive-joint,mlp,slcp_distractors,0.730145001411438,0.08683948526772005,0.7078750133514404,0.052499979734420776,5.769635716453195,0.0
diffusion_edm_vp_ema,ode-tsit5-adaptive-joint,mlp,bernoulli_glm_raw,0.5707300007343292,0.04007341116298761,0.5738749802112579,0.038849979639053345,5.830890171229839,0.0
diffusion_edm_vp_ema,ode-tsit5-adaptive-joint,time_mlp,gaussian_mixture,0.5285850048065186,0.006383216527840792,0.5304000079631805,0.0018750131130218506,12.661779880523682,0.0
diffusion_edm_vp_ema,ode-tsit5-adaptive-joint,time_mlp,sir,0.5404749929904937,0.018790662110734786,0.5433000028133392,0.010324984788894653,12.672325072810054,0.0
diffusion_edm_vp_ema,ode-tsit5-adaptive-joint,time_mlp,gaussian_linear,0.5039000004529953,0.001978890147581672,0.5039249956607819,0.0014749914407730103,12.738271699286997,0.0
diffusion_edm_vp_ema,ode-tsit5-adaptive-joint,time_mlp,gaussian_linear_uniform,0.5128849923610688,0.004107799088537391,0.5118750035762787,0.0030750036239624023,12.756190409883857,0.0
diffusion_edm_vp_ema,ode-tsit5-adaptive-joint,time_mlp,lotka_volterra,0.6998999893665314,0.09122147998601692,0.6475249826908112,0.019199997186660767,13.150037556886673,0.0
diffusion_edm_vp_ema,ode-tsit5-adaptive-joint,time_mlp,slcp,0.6308699965476989,0.06476541280481887,0.6083999872207642,0.0321500301361084,12.709875588305295,0.0
diffusion_edm_vp_ema,ode-tsit5-adaptive-joint,time_mlp,two_moons,0.5165049999952316,0.014835887621137661,0.5126000046730042,0.009324997663497925,13.009154228493571,0.0
diffusion_edm_vp_ema,ode-tsit5-adaptive-joint,time_mlp,bernoulli_glm,0.5211750030517578,0.0048672928237203745,0.520675003528595,0.003475010395050049,12.82961464021355,0.0
diffusion_edm_vp_ema,ode-tsit5-adaptive-joint,time_mlp,slcp_distractors,0.6611799955368042,0.08328878622685124,0.6232999861240387,0.049174994230270386,12.712587051093578,0.0
diffusion_edm_vp_ema,ode-tsit5-adaptive-joint,time_mlp,bernoulli_glm_raw,0.5219949960708619,0.006237605735451295,0.5223999917507172,0.004175007343292236,12.748082683421671,0.0
diffusion_edm_ve,ode-tsit5-adaptive-joint,mlp,gaussian_mixture,0.7609449982643127,0.07177637397318562,0.7625750005245209,0.06792500615119934,5.6302216071635485,0.0
diffusion_edm_ve,ode-tsit5-adaptive-joint,mlp,sir,0.6487650036811828,0.039747252170088954,0.6427249908447266,0.018750011920928955,5.614744449965656,0.0
diffusion_edm_ve,ode-tsit5-adaptive-joint,mlp,gaussian_linear,0.7898899972438812,0.009907872129983232,0.7870250046253204,0.005474984645843506,5.712895411066711,0.0
diffusion_edm_ve,ode-tsit5-adaptive-joint,mlp,gaussian_linear_uniform,0.7832950115203857,0.01505375862657476,0.7792250216007233,0.011000007390975952,5.661655253730714,0.0
diffusion_edm_ve,ode-tsit5-adaptive-joint,mlp,lotka_volterra,0.8761149883270264,0.05127195852894159,0.8901999890804291,0.019425004720687866,5.642195750027895,0.0
diffusion_edm_ve,ode-tsit5-adaptive-joint,mlp,slcp,0.8100400030612945,0.04371698954374942,0.80799999833107,0.015525013208389282,5.710130686871707,0.0
diffusion_edm_ve,ode-tsit5-adaptive-joint,mlp,two_moons,0.6384650051593781,0.06424450566971897,0.6243750154972076,0.03479999303817749,5.793984015472233,0.0
diffusion_edm_ve,ode-tsit5-adaptive-joint,mlp,bernoulli_glm,0.8255599975585938,0.0678278842085062,0.8293249905109406,0.06812500953674316,5.703168574720621,0.0
diffusion_edm_ve,ode-tsit5-adaptive-joint,mlp,slcp_distractors,0.8061850011348725,0.04758356669535766,0.7969250082969666,0.027449995279312134,5.786979136988521,0.0
diffusion_edm_ve,ode-tsit5-adaptive-joint,mlp,bernoulli_glm_raw,0.8246749937534332,0.06969542413949115,0.8306999802589417,0.06802502274513245,5.845319075509906,0.0
diffusion_edm_ve,ode-tsit5-adaptive-joint,time_mlp,gaussian_mixture,0.6292100131511689,0.016611429916856248,0.6242000162601471,0.015450000762939453,12.654741655103862,0.0
diffusion_edm_ve,ode-tsit5-adaptive-joint,time_mlp,sir,0.6258200109004974,0.01920757033074458,0.6266250014305115,0.022249996662139893,12.672076512128115,0.0
diffusion_edm_ve,ode-tsit5-adaptive-joint,time_mlp,gaussian_linear,0.808789998292923,0.016906112286493004,0.80799999833107,0.013074994087219238,12.748025614768267,0.0
diffusion_edm_ve,ode-tsit5-adaptive-joint,time_mlp,gaussian_linear_uniform,0.7787350058555603,0.015565448532307853,0.7776750028133392,0.013599991798400879,12.697920536622405,0.0
diffusion_edm_ve,ode-tsit5-adaptive-joint,time_mlp,lotka_volterra,0.7320499956607819,0.07701806616003301,0.6928499937057495,0.020500004291534424,12.931555889546871,0.0
diffusion_edm_ve,ode-tsit5-adaptive-joint,time_mlp,slcp,0.7921249985694885,0.03567021382209773,0.8002000153064728,0.03459998965263367,13.213727325201035,0.0
diffusion_edm_ve,ode-tsit5-adaptive-joint,time_mlp,two_moons,0.6477750062942504,0.03367002337073141,0.644650012254715,0.020999997854232788,12.89439245685935,0.0
diffusion_edm_ve,ode-tsit5-adaptive-joint,time_mlp,bernoulli_glm,0.7490850031375885,0.04795102891263055,0.7418749928474426,0.04627498984336853,12.740279071964324,0.0
diffusion_edm_ve,ode-tsit5-adaptive-joint,time_mlp,slcp_distractors,0.7909149944782257,0.029498273606011385,0.7955499887466431,0.023449987173080444,13.12236484978348,0.0
diffusion_edm_ve,ode-tsit5-adaptive-joint,time_mlp,bernoulli_glm_raw,0.7427399933338166,0.048640316404983945,0.7410500049591064,0.04565000534057617,12.788726015016437,0.0
diffusion_cosine_F,ode-tsit5-adaptive-joint,mlp,gaussian_mixture,0.6328700006008148,0.057980122278207875,0.6285499930381775,0.0651249885559082,6.538857683539391,0.0
diffusion_cosine_F,ode-tsit5-adaptive-joint,mlp,sir,0.618990010023117,0.07792839769041444,0.5819000005722046,0.021375000476837158,5.88419830892235,0.0
diffusion_cosine_F,ode-tsit5-adaptive-joint,mlp,gaussian_linear,0.5033699959516525,0.002443275533999444,0.502824991941452,0.0021749883890151978,5.704802628606558,0.0
diffusion_cosine_F,ode-tsit5-adaptive-joint,mlp,gaussian_linear_uniform,0.505025002360344,0.0027302221892184487,0.5051250159740448,0.0021499842405319214,6.114662919193506,0.0
diffusion_cosine_F,ode-tsit5-adaptive-joint,mlp,lotka_volterra,0.8483099997043609,0.06885261085939777,0.8435250222682953,0.045300036668777466,5.968284592963755,0.0
diffusion_cosine_F,ode-tsit5-adaptive-joint,mlp,slcp,0.7377449929714203,0.0966599146666256,0.7217249870300293,0.09004998207092285,6.329443609341979,0.0
diffusion_cosine_F,ode-tsit5-adaptive-joint,mlp,two_moons,0.5878899931907654,0.04790257532146099,0.5758999884128571,0.028250008821487427,5.930370629765093,0.0
diffusion_cosine_F,ode-tsit5-adaptive-joint,mlp,bernoulli_glm,0.5693150043487549,0.04660913667926416,0.5590750277042389,0.04122501611709595,5.963823094032705,0.0
diffusion_cosine_F,ode-tsit5-adaptive-joint,mlp,slcp_distractors,0.7776600003242493,0.07832783164175117,0.761350005865097,0.056175023317337036,6.543068513274193,0.0
diffusion_cosine_F,ode-tsit5-adaptive-joint,mlp,bernoulli_glm_raw,0.562310004234314,0.037449710517495426,0.5643750131130219,0.040325015783309937,6.0757170636206865,0.0
diffusion_cosine_F,ode-tsit5-adaptive-joint,time_mlp,gaussian_mixture,0.5241750061511994,0.01121817622216471,0.5196749866008759,0.004699975252151489,13.162301807664335,0.0
diffusion_cosine_F,ode-tsit5-adaptive-joint,time_mlp,sir,0.5443300068378448,0.015505118327814765,0.5396750271320343,0.011124998331069946,13.180773306638002,0.0
diffusion_cosine_F,ode-tsit5-adaptive-joint,time_mlp,gaussian_linear,0.5037399977445602,0.0021832117918580006,0.5037750005722046,0.0009000003337860107,12.758763812482357,0.0
diffusion_cosine_F,ode-tsit5-adaptive-joint,time_mlp,gaussian_linear_uniform,0.5056899964809418,0.003964709015025964,0.5049000084400177,0.003175020217895508,12.785983277484775,0.0
diffusion_cosine_F,ode-tsit5-adaptive-joint,time_mlp,lotka_volterra,0.7292400121688842,0.07266639433589397,0.7014250159263611,0.03902500867843628,15.214077265001833,0.0
diffusion_cosine_F,ode-tsit5-adaptive-joint,time_mlp,slcp,0.661834990978241,0.10253241808551465,0.5984749794006348,0.032424986362457275,13.181746263988316,0.0
diffusion_cosine_F,ode-tsit5-adaptive-joint,time_mlp,two_moons,0.5110599994659424,0.007743209838367991,0.5117250084877014,0.00377500057220459,13.429103176109493,0.0
diffusion_cosine_F,ode-tsit5-adaptive-joint,time_mlp,bernoulli_glm,0.5105150043964386,0.0058450086745207505,0.5098749995231628,0.00415000319480896,12.767693867906928,0.0
diffusion_cosine_F,ode-tsit5-adaptive-joint,time_mlp,slcp_distractors,0.6657449960708618,0.0946175399830689,0.6143249869346619,0.03652498126029968,13.220102556049824,0.0
diffusion_cosine_F,ode-tsit5-adaptive-joint,time_mlp,bernoulli_glm_raw,0.5147550046443939,0.007983249547734812,0.5143499970436096,0.006550014019012451,13.452620120719075,0.0
diffusion_cosine_v,ode-tsit5-adaptive-joint,mlp,gaussian_mixture,0.6342550039291381,0.05696239197035497,0.6309249997138977,0.06325000524520874,5.821165359579027,0.0
diffusion_cosine_v,ode-tsit5-adaptive-joint,mlp,sir,0.6056699991226197,0.08933736544726269,0.5648750066757202,0.04362502694129944,6.012976914644241,0.0
diffusion_cosine_v,ode-tsit5-adaptive-joint,mlp,gaussian_linear,0.5032299935817719,0.0026107578727688763,0.5027999877929688,0.002124994993209839,6.044925546273589,0.0
diffusion_cosine_v,ode-tsit5-adaptive-joint,mlp,gaussian_linear_uniform,0.5080049991607666,0.004217545934663898,0.5083250105381012,0.002974987030029297,5.926365534774959,0.0
diffusion_cosine_v,ode-tsit5-adaptive-joint,mlp,lotka_volterra,0.8515699982643128,0.05971945991177869,0.8491999804973602,0.05895000696182251,5.861367895267904,0.0
diffusion_cosine_v,ode-tsit5-adaptive-joint,mlp,slcp,0.7150850057601928,0.09121007431757,0.687250018119812,0.05010002851486206,5.840902795083821,0.0
diffusion_cosine_v,ode-tsit5-adaptive-joint,mlp,two_moons,0.5856899917125702,0.05072324713629534,0.5664499998092651,0.0298750102519989,5.807912603020668,0.0
diffusion_cosine_v,ode-tsit5-adaptive-joint,mlp,bernoulli_glm,0.5733199894428254,0.04489981850191843,0.5725999772548676,0.045175015926361084,5.907891420647502,0.0
diffusion_cosine_v,ode-tsit5-adaptive-joint,mlp,slcp_distractors,0.7785649955272674,0.08493967675254649,0.763824999332428,0.0533750057220459,6.006261833943427,0.0
diffusion_cosine_v,ode-tsit5-adaptive-joint,mlp,bernoulli_glm_raw,0.5558300137519836,0.028457291792054282,0.5530750155448914,0.025649994611740112,6.065129455178976,0.0
diffusion_cosine_v,ode-tsit5-adaptive-joint,time_mlp,gaussian_mixture,0.5276550054550171,0.008307930597460636,0.5257000029087067,0.004325002431869507,13.152348910458386,0.0
diffusion_cosine_v,ode-tsit5-adaptive-joint,time_mlp,sir,0.5395399987697601,0.01872212711597647,0.536549985408783,0.01064997911453247,13.173153691925108,0.0
diffusion_cosine_v,ode-tsit5-adaptive-joint,time_mlp,gaussian_linear,0.5050200045108795,0.0026367771853437164,0.5046750009059906,0.002074986696243286,12.756053272634745,0.0
diffusion_cosine_v,ode-tsit5-adaptive-joint,time_mlp,gaussian_linear_uniform,0.5041849970817566,0.0030513147042213304,0.5032249987125397,0.00172501802444458,12.763738323934376,0.0
diffusion_cosine_v,ode-tsit5-adaptive-joint,time_mlp,lotka_volterra,0.7409650087356567,0.09472627861879084,0.7037999927997589,0.04882499575614929,15.720388372428715,0.0
diffusion_cosine_v,ode-tsit5-adaptive-joint,time_mlp,slcp,0.6485149979591369,0.09767563199777855,0.5951500236988068,0.02762502431869507,13.29837888572365,0.0
diffusion_cosine_v,ode-tsit5-adaptive-joint,time_mlp,two_moons,0.5076200008392334,0.006348586845896804,0.5063499808311462,0.0046499669551849365,14.185880910605192,0.0
diffusion_cosine_v,ode-tsit5-adaptive-joint,time_mlp,bernoulli_glm,0.5152700006961822,0.0070132020505585865,0.5142249763011932,0.0037999749183654785,12.755992030724883,0.0
diffusion_cosine_v,ode-tsit5-adaptive-joint,time_mlp,slcp_distractors,0.6375950038433075,0.08887076151847503,0.5833500027656555,0.014974981546401978,13.213070788420737,0.0
diffusion_cosine_v,ode-tsit5-adaptive-joint,time_mlp,bernoulli_glm_raw,0.5172249972820282,0.006202510039922281,0.5169500112533569,0.003899991512298584,12.781083117239177,0.0
diffusion_cosine_v_lw,ode-tsit5-adaptive-joint,mlp,gaussian_mixture,0.6508699953556061,0.05784991312753648,0.637499988079071,0.04372498393058777,5.8030506912618876,0.0
diffusion_cosine_v_lw,ode-tsit5-adaptive-joint,mlp,sir,0.6095300018787384,0.08533288649202513,0.563400000333786,0.026075005531311035,5.820502193644643,0.0
diffusion_cosine_v_lw,ode-tsit5-adaptive-joint,mlp,gaussian_linear,0.5030199855566024,0.002043305020785636,0.5025749802589417,0.0012249946594238281,5.69873783737421,0.0
diffusion_cosine_v_lw,ode-tsit5-adaptive-joint,mlp,gaussian_linear_uniform,0.5071950018405914,0.0030565042606351296,0.5072749853134155,0.003049999475479126,5.927689975127578,0.0
diffusion_cosine_v_lw,ode-tsit5-adaptive-joint,mlp,lotka_volterra,0.8728500068187713,0.05078926600562215,0.8880749940872192,0.028475016355514526,5.8520940048620105,0.0
diffusion_cosine_v_lw,ode-tsit5-adaptive-joint,mlp,slcp,0.7222549915313721,0.10955088774127551,0.6866499781608582,0.07562500238418579,5.850153313018382,0.0
diffusion_cosine_v_lw,ode-tsit5-adaptive-joint,mlp,two_moons,0.5968550026416779,0.05282039933025327,0.5863000154495239,0.03999999165534973,5.805047829635441,0.0
diffusion_cosine_v_lw,ode-tsit5-adaptive-joint,mlp,bernoulli_glm,0.5736550033092499,0.04085789829543453,0.5758000016212463,0.041325002908706665,5.9210257744416595,0.0
diffusion_cosine_v_lw,ode-tsit5-adaptive-joint,mlp,slcp_distractors,0.7423949897289276,0.08680589440232898,0.7030499875545502,0.04989999532699585,6.0070297755301,0.0
diffusion_cosine_v_lw,ode-tsit5-adaptive-joint,mlp,bernoulli_glm_raw,0.5565049946308136,0.027865228683038666,0.5575750172138214,0.025525003671646118,6.068371434696019,0.0
diffusion_cosine_v_lw,ode-tsit5-adaptive-joint,time_mlp,gaussian_mixture,0.538034999370575,0.008954105644905092,0.5389750003814697,0.006599992513656616,13.405102202668786,0.0
diffusion_cosine_v_lw,ode-tsit5-adaptive-joint,time_mlp,sir,0.5413150012493133,0.01743527538532171,0.5315500199794769,0.005450010299682617,13.158302241005003,0.0
diffusion_cosine_v_lw,ode-tsit5-adaptive-joint,time_mlp,gaussian_linear,0.5044100016355515,0.003221164136082074,0.5038000047206879,0.00242498517036438,12.73960982542485,0.0
diffusion_cosine_v_lw,ode-tsit5-adaptive-joint,time_mlp,gaussian_linear_uniform,0.5054850041866302,0.0033509775385979017,0.5050249993801117,0.0025749802589416504,12.752941076643765,0.0
diffusion_cosine_v_lw,ode-tsit5-adaptive-joint,time_mlp,lotka_volterra,0.7287999927997589,0.07829847428898183,0.7042249739170074,0.03110000491142273,15.200701084919274,0.0
diffusion_cosine_v_lw,ode-tsit5-adaptive-joint,time_mlp,slcp,0.650900000333786,0.09711546417191212,0.6125749945640564,0.05092501640319824,13.968872276134789,0.0
diffusion_cosine_v_lw,ode-tsit5-adaptive-joint,time_mlp,two_moons,0.5289349973201751,0.009472621489118102,0.533050000667572,0.005800008773803711,14.196722279302776,0.0
diffusion_cosine_v_lw,ode-tsit5-adaptive-joint,time_mlp,bernoulli_glm,0.5142399966716766,0.00554472781798774,0.5149500072002411,0.005374997854232788,12.746437376365066,0.0
diffusion_cosine_v_lw,ode-tsit5-adaptive-joint,time_mlp,slcp_distractors,0.6579050064086914,0.09575845830021783,0.6093000173568726,0.039425045251846313,13.987068634480238,0.0
diffusion_cosine_v_lw,ode-tsit5-adaptive-joint,time_mlp,bernoulli_glm_raw,0.5208849966526031,0.006647291937768486,0.5200000107288361,0.004999995231628418,12.774053527973592,0.0
diffusion_cosine_noise,ode-tsit5-adaptive-joint,mlp,gaussian_mixture,0.6389100134372712,0.05434558111095821,0.6373500227928162,0.05140000581741333,7.150121372193098,0.0
diffusion_cosine_noise,ode-tsit5-adaptive-joint,mlp,sir,0.6289599955081939,0.08277985124766095,0.5959749817848206,0.02869999408721924,6.635234623216093,0.0
diffusion_cosine_noise,ode-tsit5-adaptive-joint,mlp,gaussian_linear,0.5129150032997132,0.005032741640153397,0.5123499929904938,0.004374980926513672,6.718011272139847,0.0
diffusion_cosine_noise,ode-tsit5-adaptive-joint,mlp,gaussian_linear_uniform,0.5119599997997284,0.004210098679361549,0.5106000006198883,0.0018249750137329102,6.493923436850309,0.0
diffusion_cosine_noise,ode-tsit5-adaptive-joint,mlp,lotka_volterra,0.8772650003433228,0.05004243592864834,0.887624979019165,0.04602503776550293,6.646218165755272,0.0
diffusion_cosine_noise,ode-tsit5-adaptive-joint,mlp,slcp,0.7487349927425384,0.09845503773554516,0.7103750109672546,0.05547502636909485,6.401025612838566,0.0
diffusion_cosine_noise,ode-tsit5-adaptive-joint,mlp,two_moons,0.5779199957847595,0.04458489140621345,0.5520749986171722,0.015825003385543823,6.46771484054625,0.0
diffusion_cosine_noise,ode-tsit5-adaptive-joint,mlp,bernoulli_glm,0.5748000025749207,0.03733088974874215,0.5660749971866608,0.027049988508224487,6.469668303616345,0.0
diffusion_cosine_noise,ode-tsit5-adaptive-joint,mlp,slcp_distractors,0.7825449883937836,0.07342087432458715,0.7447749972343445,0.013274997472763062,6.4651262275874615,0.0
diffusion_cosine_noise,ode-tsit5-adaptive-joint,mlp,bernoulli_glm_raw,0.6143050074577332,0.01880910941649665,0.6196750104427338,0.015349984169006348,6.526294550858438,0.0
diffusion_cosine_noise,ode-tsit5-adaptive-joint,time_mlp,gaussian_mixture,0.597299998998642,0.020295845245629506,0.5895250141620636,0.009175032377243042,13.428265044465661,0.0
diffusion_cosine_noise,ode-tsit5-adaptive-joint,time_mlp,sir,0.6187999963760376,0.03815974565543495,0.602774977684021,0.014174997806549072,13.67820005491376,0.0
diffusion_cosine_noise,ode-tsit5-adaptive-joint,time_mlp,gaussian_linear,0.5743649959564209,0.006839400547270754,0.5735249817371368,0.004424989223480225,13.555049497634172,0.0
diffusion_cosine_noise,ode-tsit5-adaptive-joint,time_mlp,gaussian_linear_uniform,0.5697200000286102,0.008807215678175655,0.5722749829292297,0.00700002908706665,13.709018940106034,0.0
diffusion_cosine_noise,ode-tsit5-adaptive-joint,time_mlp,lotka_volterra,0.7885993480682373,0.09716879317528263,0.7504500150680542,0.06780001521110535,13.447687270119786,0.0
diffusion_cosine_noise,ode-tsit5-adaptive-joint,time_mlp,slcp,0.6981249928474427,0.07563814920211046,0.6713500022888184,0.02920001745223999,13.191617464646697,0.0
diffusion_cosine_noise,ode-tsit5-adaptive-joint,time_mlp,two_moons,0.5414350092411041,0.025340214468758046,0.5447750091552734,0.024949967861175537,13.42692688293755,0.0
diffusion_cosine_noise,ode-tsit5-adaptive-joint,time_mlp,bernoulli_glm,0.6095149934291839,0.02111471858249452,0.6039499938488007,0.00625002384185791,13.762322183698416,0.0
diffusion_cosine_noise,ode-tsit5-adaptive-joint,time_mlp,slcp_distractors,0.6983450055122375,0.09549478269953614,0.6817750036716461,0.0520000159740448,13.467165146023035,0.0
diffusion_cosine_noise,ode-tsit5-adaptive-joint,time_mlp,bernoulli_glm_raw,0.5816750049591064,0.010523781878701234,0.581475019454956,0.007224977016448975,13.285198045894504,0.0
diffusion_edm_vp,sde-euler,mlp,gaussian_mixture,0.6148750066757203,0.05822790988084865,0.5997500121593475,0.04687502980232239,11.48738462049514,0.48775695065110103
diffusion_edm_vp,sde-euler,mlp,sir,0.608964991569519,0.08103837188212856,0.5657749772071838,0.02454996109008789,13.002495024353266,0.5213996897144392
diffusion_edm_vp,sde-euler,mlp,gaussian_linear,0.5035699963569641,0.001809996893471341,0.5033249855041504,0.0015000104904174805,11.518539898470044,0.4934782467953991
diffusion_edm_vp,sde-euler,mlp,gaussian_linear_uniform,0.505434998869896,0.0037106561491454196,0.5056749880313873,0.0030750036239624023,11.638194158300758,0.4754325030651153
diffusion_edm_vp,sde-euler,mlp,lotka_volterra,0.8476249933242798,0.055899896573005474,0.861175000667572,0.06294998526573181,11.595177788753062,0.4659435994588539
diffusion_edm_vp,sde-euler,mlp,slcp,0.6976750016212463,0.0911027293664981,0.684924989938736,0.06732502579689026,11.428189497906715,0.4847903797295261
diffusion_edm_vp,sde-euler,mlp,two_moons,0.5625500023365021,0.048092491644548534,0.5613000094890594,0.0533750057220459,11.797914608195423,0.9401998753722824
diffusion_edm_vp,sde-euler,mlp,bernoulli_glm,0.5801450073719024,0.0572882841157375,0.5708500146865845,0.05307498574256897,11.600103694293647,0.6647725573349378
diffusion_edm_vp,sde-euler,mlp,slcp_distractors,0.7232850015163421,0.09596394622507164,0.692124992609024,0.056724995374679565,11.397945053689181,0.48954649083916757
diffusion_edm_vp,sde-euler,mlp,bernoulli_glm_raw,0.5607200026512146,0.04020517735095371,0.5588500201702118,0.0372999906539917,11.489980067498982,0.4768432306600047
diffusion_edm_vp,sde-euler,time_mlp,gaussian_mixture,0.5233999967575074,0.00853874184108845,0.5230250060558319,0.006974995136260986,18.01674822177738,0.6989807727288634
diffusion_edm_vp,sde-euler,time_mlp,sir,0.5267099976539612,0.018565002995747086,0.5215249955654144,0.01357501745223999,18.1461048649624,0.7046740634710532
diffusion_edm_vp,sde-euler,time_mlp,gaussian_linear,0.5047749996185302,0.002335401119917837,0.5056750178337097,0.0017499923706054688,19.025354572199284,0.6499648602448544
diffusion_edm_vp,sde-euler,time_mlp,gaussian_linear_uniform,0.5048850059509278,0.0032557744205429793,0.5056750178337097,0.0024750232696533203,18.058793876785785,0.6626729419856285
diffusion_edm_vp,sde-euler,time_mlp,lotka_volterra,0.7149399936199188,0.09672459845403532,0.6737249791622162,0.04490000009536743,18.318884436041117,0.6639195238802061
diffusion_edm_vp,sde-euler,time_mlp,slcp,0.6378050029277802,0.09649461086226024,0.6120499968528748,0.06702497601509094,17.880165489576758,0.6244633179822375
diffusion_edm_vp,sde-euler,time_mlp,two_moons,0.513459998369217,0.011687938820654657,0.510574996471405,0.0063250064849853516,18.147715449146926,0.6135873612953192
diffusion_edm_vp,sde-euler,time_mlp,bernoulli_glm,0.5091650038957596,0.005859650811923249,0.5075500011444092,0.004424989223480225,17.79501948170364,0.6000650477003444
diffusion_edm_vp,sde-euler,time_mlp,slcp_distractors,0.6400800049304962,0.08464146093556722,0.6307750046253204,0.07967498898506165,18.394362564571203,0.6347208169629046
diffusion_edm_vp,sde-euler,time_mlp,bernoulli_glm_raw,0.5101049989461899,0.005793930864446448,0.5096250176429749,0.004724979400634766,18.313235764950512,0.653432793383742
diffusion_edm_vp_ema,sde-euler,mlp,gaussian_mixture,0.6244050025939941,0.05702229271247128,0.6181249916553497,0.058099985122680664,11.202029851824046,0.45852822181758407
diffusion_edm_vp_ema,sde-euler,mlp,sir,0.6214450001716614,0.0821636222152094,0.5789999961853027,0.026749998331069946,11.479180408734829,0.48858325810915615
diffusion_edm_vp_ema,sde-euler,mlp,gaussian_linear,0.50278500020504,0.0023916615072029513,0.503025010228157,0.0015499889850616455,11.376796784438193,0.45355422106666765
diffusion_edm_vp_ema,sde-euler,mlp,gaussian_linear_uniform,0.5068700075149536,0.005047284955121976,0.5066000074148178,0.0034000128507614136,11.241652349289506,0.5078482642712083
diffusion_edm_vp_ema,sde-euler,mlp,lotka_volterra,0.864474993944168,0.06331886663650134,0.8883749842643738,0.039000004529953,11.368949666898697,0.48084042160312584
diffusion_edm_vp_ema,sde-euler,mlp,slcp,0.6923899948596954,0.103084397478705,0.6382749974727631,0.026024997234344482,11.437579052243382,0.4694657647998515
diffusion_edm_vp_ema,sde-euler,mlp,two_moons,0.5592649966478348,0.04716420306116825,0.5619750022888184,0.045924991369247437,11.419444411061704,0.47470144747752896
diffusion_edm_vp_ema,sde-euler,mlp,bernoulli_glm,0.586379998922348,0.06295375927088154,0.5894249975681305,0.06867501139640808,11.212979646027089,0.4305465355022695
diffusion_edm_vp_ema,sde-euler,mlp,slcp_distractors,0.7314900040626526,0.08707383413433485,0.6955500245094299,0.06540000438690186,11.319561198819429,0.45439521274109
diffusion_edm_vp_ema,sde-euler,mlp,bernoulli_glm_raw,0.5536700010299682,0.033954947288232104,0.5539750158786774,0.030524998903274536,11.423768324684351,0.5068591601494734
diffusion_edm_vp_ema,sde-euler,time_mlp,gaussian_mixture,0.5262050032615662,0.008244697288228554,0.5255750119686127,0.006749987602233887,17.751617320533843,0.6030482215261364
diffusion_edm_vp_ema,sde-euler,time_mlp,sir,0.5320000052452087,0.01675975945883939,0.5333499908447266,0.01207500696182251,18.052458933833986,0.6221981880844933
diffusion_edm_vp_ema,sde-euler,time_mlp,gaussian_linear,0.506155002117157,0.0039600781580209025,0.50450000166893,0.0017499923706054688,18.02242752555758,0.6154834730002083
diffusion_edm_vp_ema,sde-euler,time_mlp,gaussian_linear_uniform,0.5042599946260452,0.0022381681133996426,0.5034500062465668,0.0014000087976455688,17.610021590534597,0.6031794697191323
diffusion_edm_vp_ema,sde-euler,time_mlp,lotka_volterra,0.7020149946212768,0.0853582815892363,0.6586999893188477,0.03352499008178711,17.734975362569095,0.6071170869734758
diffusion_edm_vp_ema,sde-euler,time_mlp,slcp,0.6255500018596649,0.07361768501620601,0.6024750173091888,0.03842499852180481,20.63960763607174,0.22965705234414807
diffusion_edm_vp_ema,sde-euler,time_mlp,two_moons,0.5069600045681,0.004552304921973548,0.5060250163078308,0.0034000277519226074,18.24926380151883,0.6333730647428399
diffusion_edm_vp_ema,sde-euler,time_mlp,bernoulli_glm,0.512559998035431,0.007714613832852558,0.5109249949455261,0.005675017833709717,18.398078196309505,0.6160067715192377
diffusion_edm_vp_ema,sde-euler,time_mlp,slcp_distractors,0.65242999792099,0.09189234356136676,0.6082499921321869,0.049324989318847656,19.98335366183892,0.662301452228866
diffusion_edm_vp_ema,sde-euler,time_mlp,bernoulli_glm_raw,0.5106000065803528,0.0067465866780849135,0.5100499987602234,0.006399989128112793,18.011457038577646,0.6303692042652811
diffusion_edm_ve,sde-euler,mlp,gaussian_mixture,0.6859300076961518,0.08092285718833592,0.6761249899864197,0.07192498445510864,11.30316937752068,0.5024630993440662
diffusion_edm_ve,sde-euler,mlp,sir,0.6233850061893463,0.06429456374403425,0.617249995470047,0.04302498698234558,11.542284642532469,0.47192251954497444
diffusion_edm_ve,sde-euler,mlp,gaussian_linear,0.7304350078105927,0.02108645400729479,0.723800003528595,0.016649991273880005,11.11448323065415,0.49329633305842235
diffusion_edm_ve,sde-euler,mlp,gaussian_linear_uniform,0.7052500009536743,0.02506497560076089,0.7072249948978424,0.023050010204315186,12.461446783971041,0.4957893180461983
diffusion_edm_ve,sde-euler,mlp,lotka_volterra,0.8667850136756897,0.05593746474672845,0.8840000033378601,0.022749990224838257,11.270280057564378,0.6898509423259127
diffusion_edm_ve,sde-euler,mlp,slcp,0.7657200038433075,0.05446665709563795,0.7741000056266785,0.036424994468688965,11.138614324480296,0.4552372100379056
diffusion_edm_ve,sde-euler,mlp,two_moons,0.623010003566742,0.06703320200869352,0.5903250277042389,0.03207504749298096,11.171508485358208,0.4514379323851945
diffusion_edm_ve,sde-euler,mlp,bernoulli_glm,0.7624000012874603,0.11802961937774456,0.7843999862670898,0.09405001997947693,11.376476983446628,0.4866654119730262
diffusion_edm_ve,sde-euler,mlp,slcp_distractors,0.7724749982357025,0.062055446649213405,0.7662000060081482,0.05547499656677246,11.495790748856962,0.5375822333797419
diffusion_edm_ve,sde-euler,mlp,bernoulli_glm_raw,0.7619400084018707,0.11670992267596272,0.7865250110626221,0.09415000677108765,11.533042394276709,0.5102316979804793
diffusion_edm_ve,sde-euler,time_mlp,gaussian_mixture,0.5749299943447113,0.03068218783721412,0.5674499869346619,0.021475017070770264,18.251147701684385,0.6146494781862927
diffusion_edm_ve,sde-euler,time_mlp,sir,0.5612249970436096,0.02752302930982479,0.5600000023841858,0.01624998450279236,20.04177507981658,0.4183764205652955
diffusion_edm_ve,sde-euler,time_mlp,gaussian_linear,0.7311199903488159,0.024507105164299183,0.7266999781131744,0.019124984741210938,19.832887472957374,0.49526994267709085
diffusion_edm_ve,sde-euler,time_mlp,gaussian_linear_uniform,0.6956350028514862,0.023597338356121166,0.6970250010490417,0.022050023078918457,17.900545129645614,0.6268447226891198
diffusion_edm_ve,sde-euler,time_mlp,lotka_volterra,0.7018700003623962,0.08554407526002321,0.6911999881267548,0.0675249993801117,17.763992571644486,0.6480604141197693
diffusion_edm_ve,sde-euler,time_mlp,slcp,0.7402550041675567,0.04946537188466338,0.7472499907016754,0.041474997997283936,18.103374024666845,0.6194993922022832
diffusion_edm_ve,sde-euler,time_mlp,two_moons,0.5875900030136109,0.0561305139000423,0.5824500024318695,0.03434997797012329,18.236713257059456,0.7401358149283098
diffusion_edm_ve,sde-euler,time_mlp,bernoulli_glm,0.6833450019359588,0.09222656698092753,0.6840250194072723,0.09287500381469727,18.21490165060386,0.6521581918513433
diffusion_edm_ve,sde-euler,time_mlp,slcp_distractors,0.7428149938583374,0.040612304765885225,0.7433499991893768,0.03297498822212219,18.104240849241613,0.6705123601978031
diffusion_edm_ve,sde-euler,time_mlp,bernoulli_glm_raw,0.6851449966430664,0.09280667779587838,0.6832249760627747,0.08672502636909485,18.386570926383136,0.6503794678327673
diffusion_cosine_F,sde-euler,mlp,gaussian_mixture,0.6255800068378449,0.058819299510008534,0.617374986410141,0.056124985218048096,11.754532704129815,0.5770276584055181
diffusion_cosine_F,sde-euler,mlp,sir,0.6213600039482117,0.0735992834358277,0.5834000110626221,0.014324992895126343,11.060738234315068,0.528972216523342
diffusion_cosine_F,sde-euler,mlp,gaussian_linear,0.5031249970197678,0.0028698589173712973,0.5023249983787537,0.0013750046491622925,11.88320926791057,0.6274731346979617
diffusion_cosine_F,sde-euler,mlp,gaussian_linear_uniform,0.503750005364418,0.003112071023866198,0.5022000074386597,0.0012499988079071045,11.782478050515056,0.6043737021816732
diffusion_cosine_F,sde-euler,mlp,lotka_volterra,0.8581949949264527,0.06350956474076244,0.8653749823570251,0.05270001292228699,12.783920731674879,0.935809513872022
diffusion_cosine_F,sde-euler,mlp,slcp,0.7460149943828582,0.0904637722513982,0.7342000007629395,0.08207499980926514,12.080765344202518,0.5547107030398182
diffusion_cosine_F,sde-euler,mlp,two_moons,0.5951650083065033,0.05534939245235462,0.5896250009536743,0.038900017738342285,12.016937154252082,0.5663555796736074
diffusion_cosine_F,sde-euler,mlp,bernoulli_glm,0.5664449989795685,0.049471244570474644,0.5676499903202057,0.04709997773170471,12.13436922756955,0.6025410044905529
diffusion_cosine_F,sde-euler,mlp,slcp_distractors,0.7827699899673461,0.07982773363521976,0.7452249825000763,0.049250006675720215,12.209421781916172,0.59548693115935
diffusion_cosine_F,sde-euler,mlp,bernoulli_glm_raw,0.5590949952602386,0.033650563394331916,0.5603500008583069,0.030299991369247437,11.98148602442816,0.6094412441668781
diffusion_cosine_F,sde-euler,time_mlp,gaussian_mixture,0.5247150003910065,0.013347454454006757,0.5261499881744385,0.009350001811981201,18.60303599871695,0.7999176654115271
diffusion_cosine_F,sde-euler,time_mlp,sir,0.5372699975967408,0.01699458238939389,0.5305500030517578,0.011799991130828857,19.26284287981689,0.8143526241845345
diffusion_cosine_F,sde-euler,time_mlp,gaussian_linear,0.5039350003004074,0.0021754349185193864,0.50347501039505,0.0020499825477600098,18.589272725116462,0.8172981715252668
diffusion_cosine_F,sde-euler,time_mlp,gaussian_linear_uniform,0.5044150024652481,0.003907499224812077,0.5039499998092651,0.00377500057220459,19.20567922545597,0.766277816356079
diffusion_cosine_F,sde-euler,time_mlp,lotka_volterra,0.7333299994468689,0.07084474027058942,0.7029500007629395,0.03094998002052307,18.202173227723687,0.7415803344843268
diffusion_cosine_F,sde-euler,time_mlp,slcp,0.661059993505478,0.11047003390349022,0.5961999893188477,0.04157498478889465,18.8512208359316,0.7622001494501058
diffusion_cosine_F,sde-euler,time_mlp,two_moons,0.5062350064516068,0.005533180939750774,0.5049499869346619,0.004149988293647766,19.46344646755606,0.8620054509995351
diffusion_cosine_F,sde-euler,time_mlp,bernoulli_glm,0.5127799987792969,0.007847610644107442,0.5096500217914581,0.003850013017654419,18.619961379095912,0.8134713208548588
diffusion_cosine_F,sde-euler,time_mlp,slcp_distractors,0.6601900041103363,0.10307628319086616,0.6072500050067902,0.04254999756813049,19.161570918746293,0.7468667550489487
diffusion_cosine_F,sde-euler,time_mlp,bernoulli_glm_raw,0.512784993648529,0.008098733368419675,0.5129500031471252,0.008374989032745361,18.60799262970686,0.739735416729585
diffusion_cosine_v,sde-euler,mlp,gaussian_mixture,0.6202399909496308,0.05780718468279833,0.6171749830245972,0.06487500667572021,11.487524075247347,0.5978091930466038
diffusion_cosine_v,sde-euler,mlp,sir,0.6145300090312957,0.08065768380968409,0.5748250186443329,0.027824997901916504,11.859023065492512,0.6597094440310496
diffusion_cosine_v,sde-euler,mlp,gaussian_linear,0.503179994225502,0.0018609453393857844,0.5028999894857407,0.000849992036819458,10.774832825455814,0.5389679487764804
diffusion_cosine_v,sde-euler,mlp,gaussian_linear_uniform,0.5035799980163574,0.002364448413440189,0.5038500130176544,0.0017499923706054688,11.477910105697811,0.59320480164067
diffusion_cosine_v,sde-euler,mlp,lotka_volterra,0.8626550018787384,0.05381072362202351,0.8607999980449677,0.04532498121261597,11.453220880962908,0.586507514367249
diffusion_cosine_v,sde-euler,mlp,slcp,0.7212350010871887,0.09087235321870954,0.6921999752521515,0.06107500195503235,11.048467507306487,0.5871287953799432
diffusion_cosine_v,sde-euler,mlp,two_moons,0.5934200048446655,0.055016109373913755,0.5887999832630157,0.05777499079704285,11.728372313827276,0.5979780745726646
diffusion_cosine_v,sde-euler,mlp,bernoulli_glm,0.5696200013160706,0.046090610640842564,0.5739249885082245,0.04492500424385071,11.487055969517678,0.6167292255715585
diffusion_cosine_v,sde-euler,mlp,slcp_distractors,0.7802550017833709,0.08184376153575564,0.753724992275238,0.060200005769729614,11.290232228673995,0.58542675365008
diffusion_cosine_v,sde-euler,mlp,bernoulli_glm_raw,0.5554250001907348,0.03359038451990728,0.5509749948978424,0.03194999694824219,11.823012103047223,0.68652906649726
diffusion_cosine_v,sde-euler,time_mlp,gaussian_mixture,0.520074999332428,0.011597416354203869,0.5169999897480011,0.005174994468688965,19.400767228752375,0.8997794983319084
diffusion_cosine_v,sde-euler,time_mlp,sir,0.5366250038146972,0.01835627819484507,0.5292500257492065,0.007950037717819214,19.418247731029986,0.8206014030007578
diffusion_cosine_v,sde-euler,time_mlp,gaussian_linear,0.5027549892663956,0.0019298252758201044,0.5023499876260757,0.001399993896484375,18.216255933232606,0.906547727010169
diffusion_cosine_v,sde-euler,time_mlp,gaussian_linear_uniform,0.5051649957895279,0.002493597881001572,0.5059499889612198,0.0015500038862228394,18.62756951591,0.7531440996896535
diffusion_cosine_v,sde-euler,time_mlp,lotka_volterra,0.7353100061416626,0.09637549304754266,0.7085750102996826,0.059450000524520874,18.174500873871146,0.7795865407768476
diffusion_cosine_v,sde-euler,time_mlp,slcp,0.645944994688034,0.11115987845401522,0.5917499959468842,0.03522500395774841,17.918777222000063,0.7371695930723475
diffusion_cosine_v,sde-euler,time_mlp,two_moons,0.5054700046777725,0.005631348447373466,0.5030249953269958,0.002374991774559021,18.457080278825014,0.7495114267204288
diffusion_cosine_v,sde-euler,time_mlp,bernoulli_glm,0.5104099988937378,0.006331933286263733,0.5099250078201294,0.004624992609024048,18.007713246066125,0.7839112177212851
diffusion_cosine_v,sde-euler,time_mlp,slcp_distractors,0.6341300010681152,0.09843302650783708,0.5814999938011169,0.02929997444152832,19.0238691335544,0.7620406271515884
diffusion_cosine_v,sde-euler,time_mlp,bernoulli_glm_raw,0.5115299999713898,0.005836998321215094,0.5102750062942505,0.0020000040531158447,19.53266844097525,0.8992746821758633
diffusion_cosine_v_lw,sde-euler,mlp,gaussian_mixture,0.6397949934005738,0.060431959833030735,0.6274499893188477,0.03907501697540283,12.072459447290749,0.7662623879761773
diffusion_cosine_v_lw,sde-euler,mlp,sir,0.6167149901390075,0.07697248608606959,0.58017498254776,0.025274991989135742,11.40764144193381,0.5799927544755558
diffusion_cosine_v_lw,sde-euler,mlp,gaussian_linear,0.5022450059652328,0.001258463533328701,0.5019749999046326,0.0008749961853027344,11.512707971408963,0.5794464754457599
diffusion_cosine_v_lw,sde-euler,mlp,gaussian_linear_uniform,0.505075004696846,0.00277896732558548,0.5045500099658966,0.0018250197172164917,11.342364590615034,0.5837496365817212
diffusion_cosine_v_lw,sde-euler,mlp,lotka_volterra,0.877575010061264,0.042962430593416395,0.8783000111579895,0.03255000710487366,11.317535233218223,0.5859411050386875
diffusion_cosine_v_lw,sde-euler,mlp,slcp,0.7281049966812134,0.10720852974064263,0.708299994468689,0.06839999556541443,11.490590438246727,0.6439045985421696
diffusion_cosine_v_lw,sde-euler,mlp,two_moons,0.6019100069999694,0.05759112159959838,0.6074000000953674,0.044349998235702515,11.418005886860191,0.6211880431632016
diffusion_cosine_v_lw,sde-euler,mlp,bernoulli_glm,0.5701349973678589,0.04378824604018431,0.572825014591217,0.04250001907348633,11.522286187671124,0.606458468154308
diffusion_cosine_v_lw,sde-euler,mlp,slcp_distractors,0.753089988231659,0.08647576247464879,0.7050749957561493,0.040550023317337036,11.292743958812206,0.5909740335227152
diffusion_cosine_v_lw,sde-euler,mlp,bernoulli_glm_raw,0.5530799984931946,0.02800357534418369,0.5454500019550323,0.022699981927871704,11.514653328806162,0.5583547415916115
diffusion_cosine_v_lw,sde-euler,time_mlp,gaussian_mixture,0.5278149962425231,0.013073670877871861,0.5243749916553497,0.0036249756813049316,18.349360194709153,0.7447027509340276
diffusion_cosine_v_lw,sde-euler,time_mlp,sir,0.536994993686676,0.021280514080317284,0.5341500043869019,0.016224980354309082,18.272398704942315,0.7435989945662975
diffusion_cosine_v_lw,sde-euler,time_mlp,gaussian_linear,0.5028149992227554,0.001956285200321513,0.5021499842405319,0.0009250044822692871,18.357712258584797,0.7403846198156109
diffusion_cosine_v_lw,sde-euler,time_mlp,gaussian_linear_uniform,0.502880010008812,0.0018307397166774598,0.5023500025272369,0.0010499954223632812,19.177452990133315,0.8132561905067248
diffusion_cosine_v_lw,sde-euler,time_mlp,lotka_volterra,0.7299199998378754,0.08435185880931108,0.7019499838352203,0.030975013971328735,18.32158638453111,0.7876016703123909
diffusion_cosine_v_lw,sde-euler,time_mlp,slcp,0.6505800008773803,0.10394398627708716,0.6232500076293945,0.0690000057220459,17.915113372262567,0.6736543244929672
diffusion_cosine_v_lw,sde-euler,time_mlp,two_moons,0.5106750011444092,0.0048724887676186756,0.5104750096797943,0.0031000077724456787,18.234374722559004,0.7886043289946343
diffusion_cosine_v_lw,sde-euler,time_mlp,bernoulli_glm,0.5107400000095368,0.006705513061943247,0.5118249952793121,0.005174994468688965,18.062062052823602,0.8602665662186607
diffusion_cosine_v_lw,sde-euler,time_mlp,slcp_distractors,0.6497500002384186,0.10625083131659906,0.6091000139713287,0.06769999861717224,18.62663936112076,0.7693259821624487
diffusion_cosine_v_lw,sde-euler,time_mlp,bernoulli_glm_raw,0.512185001373291,0.006749719381856116,0.5142999887466431,0.003725022077560425,18.141257476061583,0.7458048529930046
diffusion_cosine_noise,sde-euler,mlp,gaussian_mixture,0.6245199978351593,0.05524546931766116,0.6223999857902527,0.047149986028671265,11.30688283406198,0.6305814730866015
diffusion_cosine_noise,sde-euler,mlp,sir,0.6157250046730042,0.0775912834087094,0.5824250280857086,0.027775049209594727,11.538366246130318,0.634869113779789
diffusion_cosine_noise,sde-euler,mlp,gaussian_linear,0.5042500108480453,0.002310629523506554,0.5044000148773193,0.001650005578994751,11.563798255473376,0.6307566061924423
diffusion_cosine_noise,sde-euler,mlp,gaussian_linear_uniform,0.5040749967098236,0.0025312309375090515,0.5033499896526337,0.002199992537498474,11.493398707732558,0.6312234402692205
diffusion_cosine_noise,sde-euler,mlp,lotka_volterra,0.8736599922180176,0.049174345460906675,0.8635749816894531,0.04264998435974121,11.357389121409506,0.6002820937381823
diffusion_cosine_noise,sde-euler,mlp,slcp,0.7434399962425232,0.10102269866060416,0.7146999835968018,0.06609997153282166,12.283505054842681,0.8078481793557073
diffusion_cosine_noise,sde-euler,mlp,two_moons,0.5763500094413757,0.046863910490652666,0.5640000104904175,0.03610000014305115,11.393553540669382,0.5894536566836347
diffusion_cosine_noise,sde-euler,mlp,bernoulli_glm,0.5543850004673004,0.036444319653630465,0.5512250065803528,0.0359250009059906,11.33467187769711,0.6250783353577224
diffusion_cosine_noise,sde-euler,mlp,slcp_distractors,0.7805199980735779,0.07692755546079019,0.7530249953269958,0.04609999060630798,11.464707810711115,0.6006503229625909
diffusion_cosine_noise,sde-euler,mlp,bernoulli_glm_raw,0.5527200043201447,0.03000546562497671,0.5480000078678131,0.027699977159500122,11.685642054211348,0.6185511481156318
diffusion_cosine_noise,sde-euler,time_mlp,gaussian_mixture,0.527509993314743,0.007086498234227826,0.5268499851226807,0.0027000010013580322,18.023940074816345,1.0292866223853143
diffusion_cosine_noise,sde-euler,time_mlp,sir,0.5363170623779296,0.015989850590703826,0.5335200130939484,0.011272460222244263,18.06371665550396,0.7747377543163141
diffusion_cosine_noise,sde-euler,time_mlp,gaussian_linear,0.5466650009155274,0.007037365152129486,0.5470249950885773,0.0065499842166900635,18.527041130699217,0.783944764479466
diffusion_cosine_noise,sde-euler,time_mlp,gaussian_linear_uniform,0.6047899961471558,0.010061214822473933,0.602524995803833,0.007674992084503174,18.28184273475781,0.8047238699893644
diffusion_cosine_noise,sde-euler,time_mlp,lotka_volterra,0.7294891059398652,0.09894172828224472,0.7122730314731598,0.039218753576278687,18.1834635858424,0.8138875958192068
diffusion_cosine_noise,sde-euler,time_mlp,slcp,0.6712550044059753,0.08721991184262917,0.6411999762058258,0.04257497191429138,20.15382495634258,0.9252197692664602
diffusion_cosine_noise,sde-euler,time_mlp,two_moons,0.5129499971866608,0.010105347694979326,0.5110249817371368,0.0036749839782714844,18.227977212890984,0.8005827211377419
diffusion_cosine_noise,sde-euler,time_mlp,bernoulli_glm,0.6326150059700012,0.018164916500151153,0.6263500154018402,0.015350013971328735,19.622442257311196,0.850700042971233
diffusion_cosine_noise,sde-euler,time_mlp,slcp_distractors,0.6805850028991699,0.09848421009980557,0.6472249925136566,0.05022498965263367,18.475979954749345,0.8049829015439095
diffusion_cosine_noise,sde-euler,time_mlp,bernoulli_glm_raw,0.6515550076961517,0.014323449482389124,0.6507500112056732,0.012650012969970703,18.185028655827047,0.7561093304879438
diffusion_edm_vp,sde-euler-adaptive,mlp,gaussian_mixture,0.6184600174427033,0.054169430037175934,0.6020750105381012,0.04067498445510864,18.75045045306906,0.6400020408427908
diffusion_edm_vp,sde-euler-adaptive,mlp,sir,0.609140008687973,0.0829887704825238,0.5668500065803528,0.030025005340576172,23.812415363267064,0.510314197573271
diffusion_edm_vp,sde-euler-adaptive,mlp,gaussian_linear,0.5032900035381317,0.0023211830884643718,0.5024000108242035,0.0009250044822692871,17.31968750692904,0.19958366616108938
diffusion_edm_vp,sde-euler-adaptive,mlp,gaussian_linear_uniform,0.5071250021457672,0.003104362984391718,0.5069499909877777,0.0031249821186065674,18.014762762282043,0.1504477151631281
diffusion_edm_vp,sde-euler-adaptive,mlp,lotka_volterra,0.850789999961853,0.05451620370567094,0.8634999990463257,0.06099998950958252,20.625937897898257,0.5422105340863103
diffusion_edm_vp,sde-euler-adaptive,mlp,slcp,0.6990250051021576,0.09351594194514697,0.6849750280380249,0.07462498545646667,18.213262700568883,0.31739842030942783
diffusion_edm_vp,sde-euler-adaptive,mlp,two_moons,0.5609899997711182,0.04722302304347908,0.5628999769687653,0.05170002579689026,20.790463220700623,1.2580863916697689
diffusion_edm_vp,sde-euler-adaptive,mlp,bernoulli_glm,0.5841500043869019,0.05797418677378788,0.5795249938964844,0.055224984884262085,19.088597455248237,0.7055260375265895
diffusion_edm_vp,sde-euler-adaptive,mlp,slcp_distractors,0.7207850039005279,0.09947425125192262,0.6922749876976013,0.06172499060630798,18.101339608989655,0.19252874643428908
diffusion_edm_vp,sde-euler-adaptive,mlp,bernoulli_glm_raw,0.5615100026130676,0.040134471061866,0.5590749979019165,0.03767499327659607,18.76861770497635,0.4246976431776034
diffusion_edm_vp,sde-euler-adaptive,time_mlp,gaussian_mixture,0.5375250041484833,0.010250766803981428,0.5377250015735626,0.008625000715255737,28.070716903638093,0.8262667203543893
diffusion_edm_vp,sde-euler-adaptive,time_mlp,sir,0.5270850002765656,0.01986876026261083,0.519775003194809,0.01427498459815979,31.292385818716138,0.5440675241617199
diffusion_edm_vp,sde-euler-adaptive,time_mlp,gaussian_linear,0.5041049957275391,0.0029756046833151555,0.5036749988794327,0.0025250017642974854,26.9829373258166,0.30681599129524434
diffusion_edm_vp,sde-euler-adaptive,time_mlp,gaussian_linear_uniform,0.5046249955892563,0.0024882954845450124,0.50450000166893,0.0010499954223632812,26.448717847652734,0.2844572896394358
diffusion_edm_vp,sde-euler-adaptive,time_mlp,lotka_volterra,0.7167050004005432,0.09664079862385365,0.6772499978542328,0.05005002021789551,31.069625991489737,0.7721413843842525
diffusion_edm_vp,sde-euler-adaptive,time_mlp,slcp,0.639079999923706,0.09934910157540258,0.6046999990940094,0.060100018978118896,27.002361567504703,0.42294463837134644
diffusion_edm_vp,sde-euler-adaptive,time_mlp,two_moons,0.5132999956607819,0.01197888000895658,0.5121749937534332,0.009324997663497925,30.593745924253017,1.6401359939012456
diffusion_edm_vp,sde-euler-adaptive,time_mlp,bernoulli_glm,0.5113499939441681,0.0074890241260893164,0.5117999911308289,0.006350010633468628,27.333147042617203,0.6801120996299724
diffusion_edm_vp,sde-euler-adaptive,time_mlp,slcp_distractors,0.6423550069332122,0.0856575961335109,0.6261750161647797,0.07407501339912415,27.71431713383645,0.31775974221581177
diffusion_edm_vp,sde-euler-adaptive,time_mlp,bernoulli_glm_raw,0.5138949930667878,0.005306331684329753,0.5134750008583069,0.004500001668930054,28.123930885083972,0.7115616157829552
diffusion_edm_vp_ema,sde-euler-adaptive,mlp,gaussian_mixture,0.6256499886512756,0.048814456483600124,0.6173249781131744,0.04475000500679016,18.326841567549856,0.5690018865363196
diffusion_edm_vp_ema,sde-euler-adaptive,mlp,sir,0.621640008687973,0.08290284961143701,0.5789750218391418,0.02459999918937683,20.866909451782703,0.47100660900929325
diffusion_edm_vp_ema,sde-euler-adaptive,mlp,gaussian_linear,0.5032700002193451,0.0033065217318681128,0.5021499991416931,0.0012750029563903809,17.201409813389184,0.1283694889357125
diffusion_edm_vp_ema,sde-euler-adaptive,mlp,gaussian_linear_uniform,0.5076050013303757,0.003825994598069198,0.5074249804019928,0.0030750036239624023,17.398298975732178,0.2320150978808114
diffusion_edm_vp_ema,sde-euler-adaptive,mlp,lotka_volterra,0.863305002450943,0.06471233194023326,0.8896749913692474,0.03705000877380371,20.174084915407,0.5740272120385617
diffusion_edm_vp_ema,sde-euler-adaptive,mlp,slcp,0.6937550008296967,0.10427262787308252,0.6411499977111816,0.031650006771087646,18.25016805222258,0.25045155836363553
diffusion_edm_vp_ema,sde-euler-adaptive,mlp,two_moons,0.5589600086212159,0.0479128885378886,0.5512250065803528,0.04295000433921814,20.214570673462003,1.039611358605159
diffusion_edm_vp_ema,sde-euler-adaptive,mlp,bernoulli_glm,0.5862500011920929,0.062447745219913114,0.5844250023365021,0.06007498502731323,18.31263115014881,0.3958979568797569
diffusion_edm_vp_ema,sde-euler-adaptive,mlp,slcp_distractors,0.7304350018501282,0.09020803993275613,0.6957249939441681,0.060725003480911255,18.016508544329554,0.24720496894297353
diffusion_edm_vp_ema,sde-euler-adaptive,mlp,bernoulli_glm_raw,0.558884996175766,0.037660347750844675,0.5575249791145325,0.03555002808570862,18.726504882331938,0.37715881688243796
diffusion_edm_vp_ema,sde-euler-adaptive,time_mlp,gaussian_mixture,0.5261900007724762,0.007718511484749926,0.5246250033378601,0.0037499964237213135,27.314050586055963,0.8411293135497729
diffusion_edm_vp_ema,sde-euler-adaptive,time_mlp,sir,0.5330199897289276,0.021516805215742275,0.5358999967575073,0.011424988508224487,31.121745189186186,0.6949556412838694
diffusion_edm_vp_ema,sde-euler-adaptive,time_mlp,gaussian_linear,0.5024149984121322,0.0012409812164444537,0.502250000834465,0.0004749894142150879,25.602906815242022,0.15843702095032072
diffusion_edm_vp_ema,sde-euler-adaptive,time_mlp,gaussian_linear_uniform,0.50555499792099,0.0026931882972122505,0.5053249895572662,0.0013750195503234863,25.69663593461737,0.21696404712629946
diffusion_edm_vp_ema,sde-euler-adaptive,time_mlp,lotka_volterra,0.7085799992084503,0.0829645714329147,0.6726999878883362,0.033549994230270386,30.114461671467872,0.7851669639583425
diffusion_edm_vp_ema,sde-euler-adaptive,time_mlp,slcp,0.6275300025939942,0.07800994937170604,0.6028250157833099,0.03457501530647278,31.202458048053085,1.017035172606023
diffusion_edm_vp_ema,sde-euler-adaptive,time_mlp,two_moons,0.508734992146492,0.0052717176456765855,0.508899986743927,0.003500014543533325,30.781682468298822,1.6614405916759158
diffusion_edm_vp_ema,sde-euler-adaptive,time_mlp,bernoulli_glm,0.5126050055027008,0.007870259848515256,0.510699987411499,0.007350027561187744,28.23433139063418,0.7203726215863887
diffusion_edm_vp_ema,sde-euler-adaptive,time_mlp,slcp_distractors,0.6508800029754639,0.09774832934140547,0.6080250144004822,0.061775028705596924,30.30112238554284,0.441575809495612
diffusion_edm_vp_ema,sde-euler-adaptive,time_mlp,bernoulli_glm_raw,0.5123700082302094,0.005355662891223389,0.5119999945163727,0.003524988889694214,27.680476400163023,0.6338212165700379
diffusion_edm_ve,sde-euler-adaptive,mlp,gaussian_mixture,0.6838599920272828,0.07789983167677839,0.6719499826431274,0.06709998846054077,19.089059545099737,0.4247328912112791
diffusion_edm_ve,sde-euler-adaptive,mlp,sir,0.6248199999332428,0.06605863242444072,0.6171750128269196,0.04349997639656067,21.040126578882337,0.4762872660459527
diffusion_edm_ve,sde-euler-adaptive,mlp,gaussian_linear,0.7345699965953827,0.020522367623935774,0.7328250110149384,0.012425005435943604,17.23078568680212,0.15084803866176566
diffusion_edm_ve,sde-euler-adaptive,mlp,gaussian_linear_uniform,0.7124450087547303,0.024047889276274673,0.7181250154972076,0.019650012254714966,20.157782091293484,0.14236040837093322
diffusion_edm_ve,sde-euler-adaptive,mlp,lotka_volterra,0.8667850077152253,0.05660728395977738,0.8845250010490417,0.023974984884262085,20.139335258305074,1.0948203462554107
diffusion_edm_ve,sde-euler-adaptive,mlp,slcp,0.7652149975299836,0.05607858805474817,0.7644999921321869,0.034375011920928955,18.74760704440996,0.2976577420094802
diffusion_edm_ve,sde-euler-adaptive,mlp,two_moons,0.6218150019645691,0.06583543465132122,0.5906499922275543,0.03154999017715454,20.12775492221117,0.5958941589577321
diffusion_edm_ve,sde-euler-adaptive,mlp,bernoulli_glm,0.7643250048160553,0.11618201506235684,0.7814750075340271,0.09952500462532043,18.928143370337786,0.3419020390040749
diffusion_edm_ve,sde-euler-adaptive,mlp,slcp_distractors,0.7711449980735778,0.06227309213532623,0.7651999890804291,0.05877500772476196,19.223042553849517,0.4447823855099967
diffusion_edm_ve,sde-euler-adaptive,mlp,bernoulli_glm_raw,0.7635450005531311,0.11679756714906371,0.7894000113010406,0.09222498536109924,19.37323904260993,0.26853753255979507
diffusion_edm_ve,sde-euler-adaptive,time_mlp,gaussian_mixture,0.571305000782013,0.0306443183586612,0.5638250112533569,0.0200749933719635,29.261172246094795,0.5943708503682279
diffusion_edm_ve,sde-euler-adaptive,time_mlp,sir,0.5632799983024597,0.023778505687309485,0.5623500049114227,0.013025015592575073,35.0400406980887,0.699271397016724
diffusion_edm_ve,sde-euler-adaptive,time_mlp,gaussian_linear,0.7361550033092499,0.024361673768660087,0.7344250082969666,0.017949998378753662,29.501095175836234,0.19409831033023742
diffusion_edm_ve,sde-euler-adaptive,time_mlp,gaussian_linear_uniform,0.6993600010871888,0.022333518511161846,0.7017750144004822,0.017924994230270386,27.246489461138843,0.22294611145162538
diffusion_edm_ve,sde-euler-adaptive,time_mlp,lotka_volterra,0.7071049928665161,0.0838364505285224,0.6984749734401703,0.06520000100135803,30.1665703185834,0.7053327661475867
diffusion_edm_ve,sde-euler-adaptive,time_mlp,slcp,0.7420699954032898,0.04765334224249086,0.7443249821662903,0.03595000505447388,29.033037330862136,0.41543095486510045
diffusion_edm_ve,sde-euler-adaptive,time_mlp,two_moons,0.5892149925231933,0.055125864782810584,0.5822249948978424,0.0298750102519989,31.128617755509914,0.9011246850258738
diffusion_edm_ve,sde-euler-adaptive,time_mlp,bernoulli_glm,0.6875149965286255,0.08897474766345319,0.6899999976158142,0.09309998154640198,28.677179751731455,0.4559640446734712
diffusion_edm_ve,sde-euler-adaptive,time_mlp,slcp_distractors,0.744335001707077,0.04175660728247522,0.742249995470047,0.03395000100135803,28.862000001035632,0.4677125302844256
diffusion_edm_ve,sde-euler-adaptive,time_mlp,bernoulli_glm_raw,0.6899849951267243,0.09201528405800337,0.6920749843120575,0.08177503943443298,28.85209408244118,0.516606824215522
diffusion_cosine_F,sde-euler-adaptive,mlp,gaussian_mixture,0.6460250079631805,0.06225318065570432,0.669174998998642,0.02535000443458557,18.693902922514827,3.55377784575165
diffusion_cosine_F,sde-euler-adaptive,mlp,sir,0.6204649984836579,0.07154999498884718,0.5840749740600586,0.014024972915649414,23.83183736540377,1.1501773175710477
diffusion_cosine_F,sde-euler-adaptive,mlp,gaussian_linear,0.5042499989271164,0.0029769985971312457,0.5041249990463257,0.0031249821186065674,12.208281116466969,0.4108507533544459
diffusion_cosine_F,sde-euler-adaptive,mlp,gaussian_linear_uniform,0.5037250012159348,0.0022621044703522034,0.5038250088691711,0.0009249746799468994,13.67788228392601,0.3233722744105912
diffusion_cosine_F,sde-euler-adaptive,mlp,lotka_volterra,0.8574100017547608,0.06392330782064432,0.8614000082015991,0.052049994468688965,26.246928047668188,2.9811620304110384
diffusion_cosine_F,sde-euler-adaptive,mlp,slcp,0.7496050059795379,0.09197964239452486,0.7392500042915344,0.08357501029968262,12.462009467370809,1.2616852463959183
diffusion_cosine_F,sde-euler-adaptive,mlp,two_moons,0.5959099948406219,0.05525496526925623,0.5929000079631805,0.04697498679161072,22.703168300446123,4.547958904237535
diffusion_cosine_F,sde-euler-adaptive,mlp,bernoulli_glm,0.5695499897003173,0.050575370929093935,0.5688749849796295,0.048500001430511475,18.36335359402001,3.241141970772286
diffusion_cosine_F,sde-euler-adaptive,mlp,slcp_distractors,0.7854800045490264,0.08284638781746137,0.7510749995708466,0.060274988412857056,12.59986244700849,0.8719201424338826
diffusion_cosine_F,sde-euler-adaptive,mlp,bernoulli_glm_raw,0.557700002193451,0.030714300628858195,0.5552500188350677,0.029549986124038696,17.337800339236857,2.9866535658976656
diffusion_cosine_F,sde-euler-adaptive,time_mlp,gaussian_mixture,0.6165999889373779,0.048600502646365076,0.631199985742569,0.03125,26.244437441974878,5.346526153827395
diffusion_cosine_F,sde-euler-adaptive,time_mlp,sir,0.536335003376007,0.01910373758944537,0.5320000052452087,0.013424992561340332,39.51970056230202,2.1656365524077827
diffusion_cosine_F,sde-euler-adaptive,time_mlp,gaussian_linear,0.5054149955511094,0.004443429708200235,0.504050001502037,0.0029000192880630493,18.26644530184567,0.38971144108541433
diffusion_cosine_F,sde-euler-adaptive,time_mlp,gaussian_linear_uniform,0.5049800038337707,0.0033052368797703052,0.504925012588501,0.002849966287612915,20.227152096386998,0.5964097962115449
diffusion_cosine_F,sde-euler-adaptive,time_mlp,lotka_volterra,0.7321500062942505,0.07072705123006971,0.7026750147342682,0.033700019121170044,34.886288474407046,3.90955911265895
diffusion_cosine_F,sde-euler-adaptive,time_mlp,slcp,0.6634899973869324,0.11506809021848263,0.5997999906539917,0.04907500743865967,18.47728199316189,1.2368449043966092
diffusion_cosine_F,sde-euler-adaptive,time_mlp,two_moons,0.5061900079250335,0.004329945422769879,0.5074750185012817,0.003349989652633667,34.714276291709396,7.108444471136041
diffusion_cosine_F,sde-euler-adaptive,time_mlp,bernoulli_glm,0.5090400040149688,0.0067218948012016284,0.5057750046253204,0.003349989652633667,24.88090049987659,4.7058129394421515
diffusion_cosine_F,sde-euler-adaptive,time_mlp,slcp_distractors,0.6655300080776214,0.10968066589858476,0.6014250218868256,0.0330750048160553,19.496028765663503,1.2734644746349948
diffusion_cosine_F,sde-euler-adaptive,time_mlp,bernoulli_glm_raw,0.5145150005817414,0.005603074011443167,0.5151500105857849,0.003949999809265137,25.364412159379572,4.582729988059909
diffusion_cosine_v,sde-euler-adaptive,mlp,gaussian_mixture,0.6412499964237213,0.062390378353138244,0.6584250032901764,0.03147497773170471,18.301873115543277,3.647979089529422
diffusion_cosine_v,sde-euler-adaptive,mlp,sir,0.6137899875640869,0.08240181193316026,0.5702499747276306,0.024349987506866455,25.590132267121227,1.567002190946101
diffusion_cosine_v,sde-euler-adaptive,mlp,gaussian_linear,0.502714991569519,0.0013662184830754243,0.503150001168251,0.000849992036819458,11.024887792393566,0.3408394023509644
diffusion_cosine_v,sde-euler-adaptive,mlp,gaussian_linear_uniform,0.5038850009441376,0.002520512735108439,0.503925010561943,0.0025249868631362915,13.163920501805842,0.509194983250557
diffusion_cosine_v,sde-euler-adaptive,mlp,lotka_volterra,0.8621250033378601,0.05417171213125334,0.8587250113487244,0.04747498035430908,23.429863663204014,3.0298931508198823
diffusion_cosine_v,sde-euler-adaptive,mlp,slcp,0.7274049878120422,0.09227580450622766,0.6907999813556671,0.05849999189376831,11.944799858797342,0.9965473320443191
diffusion_cosine_v,sde-euler-adaptive,mlp,two_moons,0.593895000219345,0.05963463491035429,0.5837750136852264,0.05517500638961792,22.097769201826303,4.776866023977298
diffusion_cosine_v,sde-euler-adaptive,mlp,bernoulli_glm,0.5673450022935868,0.04771202890896941,0.5724250078201294,0.05025002360343933,17.281809480395168,2.8099084948383273
diffusion_cosine_v,sde-euler-adaptive,mlp,slcp_distractors,0.7823399901390076,0.08143729579545604,0.7520249783992767,0.05640000104904175,12.077436487190425,1.0022126458761833
diffusion_cosine_v,sde-euler-adaptive,mlp,bernoulli_glm_raw,0.5553099930286407,0.029770523617748873,0.5544999837875366,0.030249983072280884,17.264289288874714,3.011906731505727
diffusion_cosine_v,sde-euler-adaptive,time_mlp,gaussian_mixture,0.600724995136261,0.05518928335087078,0.607824981212616,0.040950000286102295,28.17528889924288,6.6359857722542
diffusion_cosine_v,sde-euler-adaptive,time_mlp,sir,0.5360949993133545,0.017580234988751286,0.5289500057697296,0.007325023412704468,39.68373807379976,2.0500211065706617
diffusion_cosine_v,sde-euler-adaptive,time_mlp,gaussian_linear,0.5030749887228012,0.002407093666217415,0.5021750032901764,0.0005749911069869995,17.845382684841752,0.58873576351461
diffusion_cosine_v,sde-euler-adaptive,time_mlp,gaussian_linear_uniform,0.503339996933937,0.002215148660071735,0.5032000094652176,0.001399993896484375,19.96445259889588,0.47523495390009096
diffusion_cosine_v,sde-euler-adaptive,time_mlp,lotka_volterra,0.7316699981689453,0.09738890128275912,0.7014249861240387,0.05302497744560242,35.46492052674294,3.7856990925352343
diffusion_cosine_v,sde-euler-adaptive,time_mlp,slcp,0.6472099959850312,0.11486218713646881,0.5905999839305878,0.036799997091293335,18.289660692960023,1.948019336400409
diffusion_cosine_v,sde-euler-adaptive,time_mlp,two_moons,0.5040799975395203,0.004862363233827258,0.5025500059127808,0.0019250065088272095,33.96988536296412,7.2091110747154525
diffusion_cosine_v,sde-euler-adaptive,time_mlp,bernoulli_glm,0.510164999961853,0.006353979380530764,0.5096499919891357,0.005124986171722412,24.353373493626712,4.70521574766686
diffusion_cosine_v,sde-euler-adaptive,time_mlp,slcp_distractors,0.6387750089168549,0.10163940493942346,0.5756500065326691,0.02180001139640808,19.12942667976022,1.9311112150926
diffusion_cosine_v,sde-euler-adaptive,time_mlp,bernoulli_glm_raw,0.5134749948978424,0.007788815227949055,0.5112749934196472,0.004024982452392578,26.034130076877773,4.642742065413605
diffusion_cosine_v_lw,sde-euler-adaptive,mlp,gaussian_mixture,0.6501950085163116,0.06329913134033903,0.6466250121593475,0.04919999837875366,19.693299303296953,4.265660060687388
diffusion_cosine_v_lw,sde-euler-adaptive,mlp,sir,0.6153599977493286,0.07746828948425288,0.5800000131130219,0.026250004768371582,24.400428643170745,1.7023461563002054
diffusion_cosine_v_lw,sde-euler-adaptive,mlp,gaussian_linear,0.5033200025558472,0.0017877593637003356,0.5034250020980835,0.001650005578994751,11.756110739614815,0.34564837675170756
diffusion_cosine_v_lw,sde-euler-adaptive,mlp,gaussian_linear_uniform,0.5050749987363815,0.0031886676227344864,0.5038249790668488,0.0015999823808670044,13.094141903799027,0.48522836043925416
diffusion_cosine_v_lw,sde-euler-adaptive,mlp,lotka_volterra,0.8761549949645996,0.043856107688486454,0.877949982881546,0.033399999141693115,23.075697346869855,2.660186115825123
diffusion_cosine_v_lw,sde-euler-adaptive,mlp,slcp,0.7375199973583222,0.10393872067043448,0.7220499813556671,0.0671750009059906,12.250041395798325,1.0673883360645298
diffusion_cosine_v_lw,sde-euler-adaptive,mlp,two_moons,0.6049950063228607,0.054501372044652344,0.605774998664856,0.039000004529953,21.999914414901287,4.327968190732622
diffusion_cosine_v_lw,sde-euler-adaptive,mlp,bernoulli_glm,0.5714700043201446,0.04716575604462768,0.578125,0.04637497663497925,17.32989169852808,3.208241526305719
diffusion_cosine_v_lw,sde-euler-adaptive,mlp,slcp_distractors,0.7585449993610383,0.08824346597758884,0.7054249942302704,0.03512498736381531,11.927443791087716,0.9025441401816077
diffusion_cosine_v_lw,sde-euler-adaptive,mlp,bernoulli_glm_raw,0.5523799955844879,0.02669744121271812,0.5494250059127808,0.02447497844696045,16.80979127464816,2.713749362673673
diffusion_cosine_v_lw,sde-euler-adaptive,time_mlp,gaussian_mixture,0.6056299984455109,0.053516991831666555,0.6245250105857849,0.04279997944831848,25.984519695676862,6.308929113805745
diffusion_cosine_v_lw,sde-euler-adaptive,time_mlp,sir,0.5365600049495697,0.020152034499158405,0.5318500101566315,0.012124985456466675,37.28308698786422,2.3046703988426733
diffusion_cosine_v_lw,sde-euler-adaptive,time_mlp,gaussian_linear,0.5033899992704391,0.00313909277151903,0.5032249987125397,0.001050010323524475,17.82473207246512,0.4265564857577837
diffusion_cosine_v_lw,sde-euler-adaptive,time_mlp,gaussian_linear_uniform,0.5034150034189224,0.0022315949223553552,0.5030249953269958,0.0017999708652496338,20.38772891154513,0.8197616681024059
diffusion_cosine_v_lw,sde-euler-adaptive,time_mlp,lotka_volterra,0.7265600025653839,0.08461245389811138,0.7001000046730042,0.03154999017715454,35.26891516093165,3.9297462155405136
diffusion_cosine_v_lw,sde-euler-adaptive,time_mlp,slcp,0.6532400012016296,0.10598890987722216,0.6195999979972839,0.06999999284744263,18.098907583393157,1.8846349209024074
diffusion_cosine_v_lw,sde-euler-adaptive,time_mlp,two_moons,0.5127249985933304,0.008162412666015475,0.5111750066280365,0.005799978971481323,32.009417194966225,7.08808278681589
diffusion_cosine_v_lw,sde-euler-adaptive,time_mlp,bernoulli_glm,0.5122499942779541,0.005179538775116326,0.5116750001907349,0.003224998712539673,23.796056200098246,4.519252145898683
diffusion_cosine_v_lw,sde-euler-adaptive,time_mlp,slcp_distractors,0.6494849979877472,0.10418089057295313,0.607274979352951,0.058249980211257935,18.782196063641457,1.852223708956833
diffusion_cosine_v_lw,sde-euler-adaptive,time_mlp,bernoulli_glm_raw,0.5138500034809113,0.0062488520981436365,0.5133499801158905,0.0051750242710113525,24.557711158134044,4.502749449681348
diffusion_cosine_noise,sde-euler-adaptive,mlp,gaussian_mixture,0.6393250048160553,0.05505423735064604,0.6565999984741211,0.040724992752075195,16.943102542869745,4.303915801728463
diffusion_cosine_noise,sde-euler-adaptive,mlp,sir,0.6164399921894074,0.07667264808784616,0.588049978017807,0.02959999442100525,24.68364212438464,1.5648796515164765
diffusion_cosine_noise,sde-euler-adaptive,mlp,gaussian_linear,0.5028650045394898,0.0019084052877851154,0.5030250251293182,0.0012250244617462158,11.445234927441925,0.4856034191013099
diffusion_cosine_noise,sde-euler-adaptive,mlp,gaussian_linear_uniform,0.5068799972534179,0.003586090321677446,0.5057249963283539,0.002750009298324585,12.495946793071926,0.4738985214459777
diffusion_cosine_noise,sde-euler-adaptive,mlp,lotka_volterra,0.8733599960803986,0.050224980787411805,0.8654749989509583,0.049100011587142944,22.831030163448304,2.836578407165284
diffusion_cosine_noise,sde-euler-adaptive,mlp,slcp,0.750820004940033,0.10389917140840789,0.7135249972343445,0.0582750141620636,11.371714074350894,1.2987788901700152
diffusion_cosine_noise,sde-euler-adaptive,mlp,two_moons,0.5817449986934662,0.04818077271511555,0.5727249979972839,0.03987500071525574,21.23099274802953,5.012598001553868
diffusion_cosine_noise,sde-euler-adaptive,mlp,bernoulli_glm,0.5543299973011017,0.038784544091292165,0.5485000014305115,0.03727501630783081,16.559092117194087,3.191361980165119
diffusion_cosine_noise,sde-euler-adaptive,mlp,slcp_distractors,0.7879800021648407,0.07812610038328303,0.7542250156402588,0.056875020265579224,10.567533222492784,1.114746780873822
diffusion_cosine_noise,sde-euler-adaptive,mlp,bernoulli_glm_raw,0.5563350081443786,0.028928679811551256,0.5532500147819519,0.02787497639656067,17.100196673348545,3.2147409602468078
diffusion_cosine_noise,sde-euler-adaptive,time_mlp,gaussian_mixture,0.6014249980449676,0.046605550509338685,0.6023499965667725,0.028274983167648315,22.917041889578105,8.918384441751448
diffusion_cosine_noise,sde-euler-adaptive,time_mlp,sir,0.5437549948692322,0.026620375670462153,0.5396499931812286,0.011500000953674316,35.482964364159855,7.4860915012797795
diffusion_cosine_noise,sde-euler-adaptive,time_mlp,gaussian_linear,0.5030599981546402,0.0029597158560536407,0.501149982213974,0.0007499754428863525,17.248278233315794,1.6816801243709414
diffusion_cosine_noise,sde-euler-adaptive,time_mlp,gaussian_linear_uniform,0.5030750006437301,0.0019724656041786442,0.5025250017642975,0.0012499988079071045,14.2659926998429,0.29997940205696993
diffusion_cosine_noise,sde-euler-adaptive,time_mlp,lotka_volterra,0.7775193750858307,0.10527284998374949,0.7737249732017517,0.09877187013626099,27.196837391052394,12.52116151406855
diffusion_cosine_noise,sde-euler-adaptive,time_mlp,slcp,0.6646500051021575,0.11164073317972417,0.6183499991893768,0.05609998106956482,15.519742401316762,0.6298551747861543
diffusion_cosine_noise,sde-euler-adaptive,time_mlp,two_moons,0.5128100037574768,0.023240295490547454,0.5045249760150909,0.0027499794960021973,32.560498444642874,7.953294790164846
diffusion_cosine_noise,sde-euler-adaptive,time_mlp,bernoulli_glm,0.5100900053977966,0.004179340097503274,0.5110499858856201,0.0024749934673309326,15.020636818930507,0.41807208979677923
diffusion_cosine_noise,sde-euler-adaptive,time_mlp,slcp_distractors,0.672365003824234,0.12831634870476735,0.6159000098705292,0.06407499313354492,14.395635414496065,0.29664944543227506
diffusion_cosine_noise,sde-euler-adaptive,time_mlp,bernoulli_glm_raw,0.5157999992370605,0.006403320577624554,0.5171000063419342,0.006000012159347534,14.191069050878287,0.2944735897827192
diffusion_edm_vp,sde-euler-adaptive-joint,mlp,gaussian_mixture,0.6181100010871887,0.05472515608774324,0.6001000106334686,0.04010000824928284,18.34806697256863,0.0
diffusion_edm_vp,sde-euler-adaptive-joint,mlp,sir,0.6105599999427795,0.08133885165885764,0.5676000118255615,0.024925023317337036,23.242037607356906,0.0
diffusion_edm_vp,sde-euler-adaptive-joint,mlp,gaussian_linear,0.5029100030660629,0.0024701017988619403,0.5021249949932098,0.0011000335216522217,17.313051137141883,0.0
diffusion_edm_vp,sde-euler-adaptive-joint,mlp,gaussian_linear_uniform,0.5071399927139282,0.0028296432762650817,0.5067500174045563,0.0019500255584716797,17.88232033792883,0.0
diffusion_edm_vp,sde-euler-adaptive-joint,mlp,lotka_volterra,0.8508649945259095,0.05488774740966392,0.8651500046253204,0.05754998326301575,19.956567431800067,0.0
diffusion_edm_vp,sde-euler-adaptive-joint,mlp,slcp,0.7001599967479706,0.09151506796973119,0.6922749876976013,0.07117500901222229,18.431864557787776,0.0
diffusion_edm_vp,sde-euler-adaptive-joint,mlp,two_moons,0.5602050006389618,0.04708449754206548,0.5589500069618225,0.04930001497268677,18.686423833481967,0.0
diffusion_edm_vp,sde-euler-adaptive-joint,mlp,bernoulli_glm,0.5859750092029572,0.05886168520180468,0.5835250020027161,0.05947500467300415,18.39118110667914,0.0
diffusion_edm_vp,sde-euler-adaptive-joint,mlp,slcp_distractors,0.7211100101470947,0.0985458645839504,0.6913000047206879,0.05617499351501465,18.238322257995605,0.0
diffusion_edm_vp,sde-euler-adaptive-joint,mlp,bernoulli_glm_raw,0.5616550028324128,0.03885908018128655,0.5579749941825867,0.03384998440742493,18.53521386999637,0.0
diffusion_edm_vp,sde-euler-adaptive-joint,time_mlp,gaussian_mixture,0.5410649955272675,0.0076677642789629375,0.544174998998642,0.006224989891052246,34.54519501700997,0.0
diffusion_edm_vp,sde-euler-adaptive-joint,time_mlp,sir,0.5302000045776367,0.01723634683795309,0.5239499807357788,0.013525009155273438,37.982196683995426,0.0
diffusion_edm_vp,sde-euler-adaptive-joint,time_mlp,gaussian_linear,0.5033550024032593,0.002441768739412211,0.502700001001358,0.0016250014305114746,32.91549024730921,0.0
diffusion_edm_vp,sde-euler-adaptive-joint,time_mlp,gaussian_linear_uniform,0.5031000047922134,0.002789091037855756,0.5020000040531158,0.001824989914894104,33.37896643113345,0.0
diffusion_edm_vp,sde-euler-adaptive-joint,time_mlp,lotka_volterra,0.7192249953746795,0.09625387489461443,0.6828000247478485,0.0498499870300293,37.361878011375666,0.0
diffusion_edm_vp,sde-euler-adaptive-joint,time_mlp,slcp,0.6378400027751923,0.0985214317562168,0.6031999886035919,0.06039997935295105,34.02029509097338,0.0
diffusion_edm_vp,sde-euler-adaptive-joint,time_mlp,two_moons,0.5199799954891204,0.010826016412184877,0.5173749923706055,0.004749983549118042,34.42283859383315,0.0
diffusion_edm_vp,sde-euler-adaptive-joint,time_mlp,bernoulli_glm,0.5083000004291535,0.006102369586645994,0.5074749886989594,0.003975003957748413,33.91189604438841,0.0
diffusion_edm_vp,sde-euler-adaptive-joint,time_mlp,slcp_distractors,0.6394599914550781,0.08717399672905317,0.6219500005245209,0.07335001230239868,34.3693627351895,0.0
diffusion_edm_vp,sde-euler-adaptive-joint,time_mlp,bernoulli_glm_raw,0.5119749963283539,0.005121632428818839,0.5112999975681305,0.003500014543533325,34.160997768864036,0.0
diffusion_edm_vp_ema,sde-euler-adaptive-joint,mlp,gaussian_mixture,0.6273550033569336,0.05370303831610945,0.6148999929428101,0.04580000042915344,18.134675746783614,0.0
diffusion_edm_vp_ema,sde-euler-adaptive-joint,mlp,sir,0.6221949934959412,0.08114833729877784,0.5809749960899353,0.025099992752075195,20.066352535039186,0.0
diffusion_edm_vp_ema,sde-euler-adaptive-joint,mlp,gaussian_linear,0.5034600019454956,0.0015319596178105504,0.5036499947309494,0.0012249946594238281,17.227229489013553,0.0
diffusion_edm_vp_ema,sde-euler-adaptive-joint,mlp,gaussian_linear_uniform,0.5050600051879883,0.0032894407041131083,0.5043499767780304,0.0020999908447265625,17.4915202409029,0.0
diffusion_edm_vp_ema,sde-euler-adaptive-joint,mlp,lotka_volterra,0.8640850007534027,0.06255587680876827,0.8869999945163727,0.04097500443458557,19.759442172013223,0.0
diffusion_edm_vp_ema,sde-euler-adaptive-joint,mlp,slcp,0.6920900046825409,0.10314990991041191,0.636900007724762,0.031224995851516724,18.282320696860552,0.0
diffusion_edm_vp_ema,sde-euler-adaptive-joint,mlp,two_moons,0.5576249897480011,0.04887037967469486,0.550724983215332,0.04490000009536743,18.60647602658719,0.0
diffusion_edm_vp_ema,sde-euler-adaptive-joint,mlp,bernoulli_glm,0.5902299880981445,0.06388057727988845,0.5894999802112579,0.06849998235702515,18.375382099300623,0.0
diffusion_edm_vp_ema,sde-euler-adaptive-joint,mlp,slcp_distractors,0.7319549918174744,0.090896463084841,0.7003249824047089,0.061499983072280884,18.330327082425356,0.0
diffusion_edm_vp_ema,sde-euler-adaptive-joint,mlp,bernoulli_glm_raw,0.5584500074386597,0.03641751035679414,0.5586000084877014,0.03420001268386841,18.587583551183343,0.0
diffusion_edm_vp_ema,sde-euler-adaptive-joint,time_mlp,gaussian_mixture,0.5269199967384338,0.008424102340883836,0.5264250040054321,0.005574971437454224,34.194267944432795,0.0
diffusion_edm_vp_ema,sde-euler-adaptive-joint,time_mlp,sir,0.5358799993991852,0.018184040655477157,0.5378249883651733,0.011100023984909058,37.921463404782116,0.0
diffusion_edm_vp_ema,sde-euler-adaptive-joint,time_mlp,gaussian_linear,0.5042050004005432,0.0027813964350472003,0.5035750269889832,0.0018749833106994629,32.16761173866689,0.0
diffusion_edm_vp_ema,sde-euler-adaptive-joint,time_mlp,gaussian_linear_uniform,0.5037299901247024,0.002513479777662087,0.503399983048439,0.0014999955892562866,32.834813182242215,0.0
diffusion_edm_vp_ema,sde-euler-adaptive-joint,time_mlp,lotka_volterra,0.7087999939918518,0.08160548913265019,0.6726750135421753,0.03305000066757202,36.88936651311815,0.0
diffusion_edm_vp_ema,sde-euler-adaptive-joint,time_mlp,slcp,0.6289500057697296,0.07662043267259985,0.6061250269412994,0.03970003128051758,36.44309202954173,0.0
diffusion_edm_vp_ema,sde-euler-adaptive-joint,time_mlp,two_moons,0.508455005288124,0.006301202769884894,0.5062000155448914,0.004175007343292236,34.628945872187614,0.0
diffusion_edm_vp_ema,sde-euler-adaptive-joint,time_mlp,bernoulli_glm,0.5132199943065643,0.005564597117321352,0.511599987745285,0.003475010395050049,34.28046231623739,0.0
diffusion_edm_vp_ema,sde-euler-adaptive-joint,time_mlp,slcp_distractors,0.6496200025081634,0.09664827389762255,0.6064999997615814,0.05752500891685486,35.289390430785716,0.0
diffusion_edm_vp_ema,sde-euler-adaptive-joint,time_mlp,bernoulli_glm_raw,0.5126499891281128,0.003028038156922302,0.5132000148296356,0.0028249621391296387,34.07962565775961,0.0
diffusion_edm_ve,sde-euler-adaptive-joint,mlp,gaussian_mixture,0.6860300004482269,0.07609380545573785,0.6759249866008759,0.07537499070167542,18.949579132720828,0.0
diffusion_edm_ve,sde-euler-adaptive-joint,mlp,sir,0.6255699992179871,0.06550191333714654,0.6202999949455261,0.046825021505355835,20.62368410639465,0.0
diffusion_edm_ve,sde-euler-adaptive-joint,mlp,gaussian_linear,0.7339600026607513,0.021576833791825966,0.7316249907016754,0.01357501745223999,17.618258112110198,0.0
diffusion_edm_ve,sde-euler-adaptive-joint,mlp,gaussian_linear_uniform,0.7093550026416778,0.023048129300505947,0.7125000059604645,0.018474996089935303,20.39115049596876,0.0
diffusion_edm_ve,sde-euler-adaptive-joint,mlp,lotka_volterra,0.8670899987220764,0.056917205673073776,0.8849999904632568,0.021700024604797363,19.82022211421281,0.0
diffusion_edm_ve,sde-euler-adaptive-joint,mlp,slcp,0.7656000018119812,0.057574200010628074,0.7739999890327454,0.042374998331069946,18.864030939526856,0.0
diffusion_edm_ve,sde-euler-adaptive-joint,mlp,two_moons,0.6194649934768677,0.06741170832940153,0.5918999910354614,0.03142499923706055,19.320843486115336,0.0
diffusion_edm_ve,sde-euler-adaptive-joint,mlp,bernoulli_glm,0.7665099918842315,0.11388848849726567,0.7860749959945679,0.10062500834465027,18.901766177266836,0.0
diffusion_edm_ve,sde-euler-adaptive-joint,mlp,slcp_distractors,0.7726249992847443,0.062016513287982855,0.7658250033855438,0.057949990034103394,19.465901378542185,0.0
diffusion_edm_ve,sde-euler-adaptive-joint,mlp,bernoulli_glm_raw,0.7663399994373321,0.11347152131853967,0.7876749932765961,0.09127500653266907,19.04471608903259,0.0
diffusion_edm_ve,sde-euler-adaptive-joint,time_mlp,gaussian_mixture,0.5719900012016297,0.029041472835858693,0.5628499984741211,0.0203000009059906,35.877061078324914,0.0
diffusion_edm_ve,sde-euler-adaptive-joint,time_mlp,sir,0.5619799971580506,0.02635200571120572,0.5587500035762787,0.018449991941452026,39.73554363287985,0.0
diffusion_edm_ve,sde-euler-adaptive-joint,time_mlp,gaussian_linear,0.7319999992847442,0.02175557723436972,0.7283250093460083,0.017550021409988403,34.49266794510186,0.0
diffusion_edm_ve,sde-euler-adaptive-joint,time_mlp,gaussian_linear_uniform,0.6991799950599671,0.024733550667181383,0.7047750055789948,0.01887500286102295,34.3849199898541,0.0
diffusion_edm_ve,sde-euler-adaptive-joint,time_mlp,lotka_volterra,0.7077449917793274,0.08288001829806681,0.6968500018119812,0.06075000762939453,37.38717665337026,0.0
diffusion_edm_ve,sde-euler-adaptive-joint,time_mlp,slcp,0.7430000066757202,0.04702941528907842,0.7501000165939331,0.04010000824928284,36.57339932303876,0.0
diffusion_edm_ve,sde-euler-adaptive-joint,time_mlp,two_moons,0.5896650016307831,0.05511073249208274,0.5844250023365021,0.03297501802444458,36.94360584393144,0.0
diffusion_edm_ve,sde-euler-adaptive-joint,time_mlp,bernoulli_glm,0.6888949930667877,0.08975143408281092,0.6906499862670898,0.0902249813079834,35.42489207815379,0.0
diffusion_edm_ve,sde-euler-adaptive-joint,time_mlp,slcp_distractors,0.7464250028133392,0.03936697495659974,0.7450250089168549,0.031075000762939453,36.06824040599167,0.0
diffusion_edm_ve,sde-euler-adaptive-joint,time_mlp,bernoulli_glm_raw,0.6909349977970123,0.09417678044813271,0.6926999986171722,0.08509999513626099,35.5039570890367,0.0
diffusion_cosine_F,sde-euler-adaptive-joint,mlp,gaussian_mixture,0.6859550058841706,0.02254216526689995,0.688275009393692,0.01199999451637268,14.922906466759741,0.0
diffusion_cosine_F,sde-euler-adaptive-joint,mlp,sir,0.6202300071716309,0.0722951190154516,0.5827500224113464,0.016100019216537476,23.539264409802854,0.0
diffusion_cosine_F,sde-euler-adaptive-joint,mlp,gaussian_linear,0.5027049958705903,0.0023413032173880675,0.5023999959230423,0.0015999823808670044,12.064087602309883,0.0
diffusion_cosine_F,sde-euler-adaptive-joint,mlp,gaussian_linear_uniform,0.5051550030708313,0.0034897316755432488,0.5041249990463257,0.0011999905109405518,13.076553370803595,0.0
diffusion_cosine_F,sde-euler-adaptive-joint,mlp,lotka_volterra,0.8591849982738495,0.06430888201703912,0.8652999997138977,0.05247500538825989,23.41014292743057,0.0
diffusion_cosine_F,sde-euler-adaptive-joint,mlp,slcp,0.7507399976253509,0.09007378189606245,0.7413749992847443,0.0797249972820282,11.909525429829955,0.0
diffusion_cosine_F,sde-euler-adaptive-joint,mlp,two_moons,0.5953499972820282,0.05219573515766874,0.5893499851226807,0.03700000047683716,13.20896691083908,0.0
diffusion_cosine_F,sde-euler-adaptive-joint,mlp,bernoulli_glm,0.5693449974060059,0.04840854319104793,0.5747500061988831,0.04882499575614929,15.268077619373798,0.0
diffusion_cosine_F,sde-euler-adaptive-joint,mlp,slcp_distractors,0.7865000069141388,0.08135397311692312,0.7497499883174896,0.05367496609687805,12.339916856959462,0.0
diffusion_cosine_F,sde-euler-adaptive-joint,mlp,bernoulli_glm_raw,0.5573799967765808,0.03423107804285837,0.5610499978065491,0.03767499327659607,14.827973230741918,0.0
diffusion_cosine_F,sde-euler-adaptive-joint,time_mlp,gaussian_mixture,0.6361600041389466,0.03525990418561252,0.648624986410141,0.016800016164779663,27.158880113624036,0.0
diffusion_cosine_F,sde-euler-adaptive-joint,time_mlp,sir,0.5359549999237061,0.01967446982952217,0.530349999666214,0.015950024127960205,45.22256803885102,0.0
diffusion_cosine_F,sde-euler-adaptive-joint,time_mlp,gaussian_linear,0.5033800035715104,0.0018890710227068331,0.5034500062465668,0.0013499855995178223,22.35427361074835,0.0
diffusion_cosine_F,sde-euler-adaptive-joint,time_mlp,gaussian_linear_uniform,0.5053100019693375,0.00344860612205805,0.504600003361702,0.0031249821186065674,24.002099284902215,0.0
diffusion_cosine_F,sde-euler-adaptive-joint,time_mlp,lotka_volterra,0.7313350021839142,0.0717924134974533,0.6992000043392181,0.033250004053115845,38.24351363815367,0.0
diffusion_cosine_F,sde-euler-adaptive-joint,time_mlp,slcp,0.6628999948501587,0.1150154799454496,0.601500004529953,0.04627501964569092,22.411847356706858,0.0
diffusion_cosine_F,sde-euler-adaptive-joint,time_mlp,two_moons,0.50625,0.005605403645498584,0.5057500004768372,0.004500001668930054,26.585273878648877,0.0
diffusion_cosine_F,sde-euler-adaptive-joint,time_mlp,bernoulli_glm,0.5115049958229065,0.0048975383582211636,0.5097249746322632,0.004024982452392578,25.773370331153274,0.0
diffusion_cosine_F,sde-euler-adaptive-joint,time_mlp,slcp_distractors,0.6626050055027009,0.10847732453616551,0.6064500212669373,0.0417250394821167,24.313585564494133,0.0
diffusion_cosine_F,sde-euler-adaptive-joint,time_mlp,bernoulli_glm_raw,0.5123699963092804,0.007520775974420752,0.5117749869823456,0.006800025701522827,25.063454665243626,0.0
diffusion_cosine_v,sde-euler-adaptive-joint,mlp,gaussian_mixture,0.6729499995708466,0.020771457783724006,0.6652500033378601,0.009775012731552124,14.971871837042272,0.0
diffusion_cosine_v,sde-euler-adaptive-joint,mlp,sir,0.6126049935817719,0.0810479831811451,0.5706999897956848,0.025499999523162842,23.984420225024223,0.0
diffusion_cosine_v,sde-euler-adaptive-joint,mlp,gaussian_linear,0.5040900051593781,0.0025204015731984716,0.50347501039505,0.0024250000715255737,11.343687977641821,0.0
diffusion_cosine_v,sde-euler-adaptive-joint,mlp,gaussian_linear_uniform,0.5039499968290329,0.0040903488481678985,0.5022999942302704,0.0019249916076660156,13.481220381334424,0.0
diffusion_cosine_v,sde-euler-adaptive-joint,mlp,lotka_volterra,0.8615350008010865,0.05458707611611957,0.8631249964237213,0.04182499647140503,20.189028633758426,0.0
diffusion_cosine_v,sde-euler-adaptive-joint,mlp,slcp,0.7226950049400329,0.09232238328736363,0.6901499927043915,0.06024998426437378,12.01144683919847,0.0
diffusion_cosine_v,sde-euler-adaptive-joint,mlp,two_moons,0.5928849935531616,0.05240573974649263,0.5882749855518341,0.05205002427101135,13.99800879508257,0.0
diffusion_cosine_v,sde-euler-adaptive-joint,mlp,bernoulli_glm,0.5675599992275238,0.048362364140650455,0.569599986076355,0.04655000567436218,14.771810984238982,0.0
diffusion_cosine_v,sde-euler-adaptive-joint,mlp,slcp_distractors,0.7828249931335449,0.08033289332654366,0.7517249882221222,0.053474992513656616,12.565603211522102,0.0
diffusion_cosine_v,sde-euler-adaptive-joint,mlp,bernoulli_glm_raw,0.5524599969387054,0.029473859937392943,0.5476749837398529,0.0268000066280365,14.826928485184908,0.0
diffusion_cosine_v,sde-euler-adaptive-joint,time_mlp,gaussian_mixture,0.6283349990844727,0.03696264835880029,0.6412000060081482,0.01282501220703125,27.677447808906436,0.0
diffusion_cosine_v,sde-euler-adaptive-joint,time_mlp,sir,0.5354450106620788,0.018665899812844035,0.5270250141620636,0.007075011730194092,45.84199133981019,0.0
diffusion_cosine_v,sde-euler-adaptive-joint,time_mlp,gaussian_linear,0.503754997253418,0.0024757252100895974,0.5029000043869019,0.001050010323524475,21.880290009081364,0.0
diffusion_cosine_v,sde-euler-adaptive-joint,time_mlp,gaussian_linear_uniform,0.5040650010108948,0.0028506201805513984,0.5030999779701233,0.0023999810218811035,23.27564463019371,0.0
diffusion_cosine_v,sde-euler-adaptive-joint,time_mlp,lotka_volterra,0.7325199961662292,0.097297841326548,0.7035500109195709,0.058324992656707764,37.175569771789014,0.0
diffusion_cosine_v,sde-euler-adaptive-joint,time_mlp,slcp,0.6491700053215027,0.11405552124425991,0.5906749963760376,0.03832501173019409,23.0687652323395,0.0
diffusion_cosine_v,sde-euler-adaptive-joint,time_mlp,two_moons,0.50521000623703,0.0031147115975379883,0.5036500096321106,0.00135001540184021,25.88425348699093,0.0
diffusion_cosine_v,sde-euler-adaptive-joint,time_mlp,bernoulli_glm,0.5088999986648559,0.0032616705756195003,0.5091750025749207,0.0029000043869018555,24.865682342089713,0.0
diffusion_cosine_v,sde-euler-adaptive-joint,time_mlp,slcp_distractors,0.6387750029563903,0.10332213191482977,0.5773999989032745,0.023799985647201538,23.158581065014005,0.0
diffusion_cosine_v,sde-euler-adaptive-joint,time_mlp,bernoulli_glm_raw,0.5118050009012223,0.005337066000954414,0.5125750005245209,0.003049999475479126,24.715275863185525,0.0
diffusion_cosine_v_lw,sde-euler-adaptive-joint,mlp,gaussian_mixture,0.6919250011444091,0.0257366378600574,0.688400000333786,0.008949995040893555,15.286570659838617,0.0
diffusion_cosine_v_lw,sde-euler-adaptive-joint,mlp,sir,0.615909993648529,0.07635810881354904,0.5770750045776367,0.02325001358985901,24.160716807469726,0.0
diffusion_cosine_v_lw,sde-euler-adaptive-joint,mlp,gaussian_linear,0.5016699939966202,0.0013957438928962663,0.5014249980449677,0.00032500922679901123,11.663195857778192,0.0
diffusion_cosine_v_lw,sde-euler-adaptive-joint,mlp,gaussian_linear_uniform,0.5044850051403046,0.003425931480367071,0.5040000081062317,0.002924993634223938,13.171603824011981,0.0
diffusion_cosine_v_lw,sde-euler-adaptive-joint,mlp,lotka_volterra,0.8762049973011017,0.04400819557180417,0.879025012254715,0.0298750102519989,19.90440020430833,0.0
diffusion_cosine_v_lw,sde-euler-adaptive-joint,mlp,slcp,0.734580010175705,0.10747836553925638,0.7193000018596649,0.06532499194145203,12.360630189999938,0.0
diffusion_cosine_v_lw,sde-euler-adaptive-joint,mlp,two_moons,0.6010749995708465,0.05832575845776989,0.6018249988555908,0.05752497911453247,13.11484698485583,0.0
diffusion_cosine_v_lw,sde-euler-adaptive-joint,mlp,bernoulli_glm,0.5695850014686584,0.043253020072231405,0.5690999925136566,0.04365000128746033,15.404185324907303,0.0
diffusion_cosine_v_lw,sde-euler-adaptive-joint,mlp,slcp_distractors,0.7537649989128112,0.08769727373378837,0.7077249884605408,0.046999990940093994,12.469524372369051,0.0
diffusion_cosine_v_lw,sde-euler-adaptive-joint,mlp,bernoulli_glm_raw,0.5489449918270111,0.026146299983017818,0.5455499887466431,0.02325001358985901,14.912903038784862,0.0
diffusion_cosine_v_lw,sde-euler-adaptive-joint,time_mlp,gaussian_mixture,0.6220049977302551,0.03825923004128863,0.6366499960422516,0.014875024557113647,25.75110776629299,0.0
diffusion_cosine_v_lw,sde-euler-adaptive-joint,time_mlp,sir,0.5374800026416778,0.02057509443019695,0.5336999893188477,0.010825008153915405,44.806077304296196,0.0
diffusion_cosine_v_lw,sde-euler-adaptive-joint,time_mlp,gaussian_linear,0.5036800026893615,0.002377096998069469,0.5029000043869019,0.0014500021934509277,21.487546899355948,0.0
diffusion_cosine_v_lw,sde-euler-adaptive-joint,time_mlp,gaussian_linear_uniform,0.503575000166893,0.0024826568748519745,0.5030499994754791,0.0013249963521957397,24.217787459492683,0.0
diffusion_cosine_v_lw,sde-euler-adaptive-joint,time_mlp,lotka_volterra,0.7265250027179718,0.08352763598737425,0.7030999958515167,0.03242501616477966,37.29859105683863,0.0
diffusion_cosine_v_lw,sde-euler-adaptive-joint,time_mlp,slcp,0.6526250004768371,0.10555069070875213,0.6178250014781952,0.06995001435279846,23.453129128552973,0.0
diffusion_cosine_v_lw,sde-euler-adaptive-joint,time_mlp,two_moons,0.5121499925851822,0.00802081192525637,0.5108749866485596,0.0045500099658966064,25.82702890690416,0.0
diffusion_cosine_v_lw,sde-euler-adaptive-joint,time_mlp,bernoulli_glm,0.5117600053548813,0.006629583764511161,0.5120500028133392,0.006099998950958252,25.61658973991871,0.0
diffusion_cosine_v_lw,sde-euler-adaptive-joint,time_mlp,slcp_distractors,0.650820004940033,0.10601093910419702,0.6080000102519989,0.06280001997947693,22.767587846145034,0.0
diffusion_cosine_v_lw,sde-euler-adaptive-joint,time_mlp,bernoulli_glm_raw,0.5121150046586991,0.008164437682174721,0.5106750130653381,0.005374997854232788,25.841022860258818,0.0
diffusion_cosine_noise,sde-euler-adaptive-joint,mlp,gaussian_mixture,0.6749400079250336,0.023818361622091874,0.6699250042438507,0.011574983596801758,13.765762337483466,0.0
diffusion_cosine_noise,sde-euler-adaptive-joint,mlp,sir,0.6157999873161316,0.07830713086354124,0.5869249999523163,0.03277501463890076,23.014716875739396,0.0
diffusion_cosine_noise,sde-euler-adaptive-joint,mlp,gaussian_linear,0.5041099965572358,0.0013809018877240108,0.5038749873638153,0.0007499903440475464,11.450800717808306,0.0
diffusion_cosine_noise,sde-euler-adaptive-joint,mlp,gaussian_linear_uniform,0.5058750063180923,0.004166429457482446,0.5056000053882599,0.0032999813556671143,11.854772591032088,0.0
diffusion_cosine_noise,sde-euler-adaptive-joint,mlp,lotka_volterra,0.8735599994659424,0.05015145756189108,0.8648749887943268,0.048649996519088745,19.779390428215265,0.0
diffusion_cosine_noise,sde-euler-adaptive-joint,mlp,slcp,0.7560150027275085,0.10033945093390323,0.715399980545044,0.05215001106262207,10.968284618109465,0.0
diffusion_cosine_noise,sde-euler-adaptive-joint,mlp,two_moons,0.5832400023937225,0.049892528516793384,0.5782000124454498,0.042075008153915405,10.61983666755259,0.0
diffusion_cosine_noise,sde-euler-adaptive-joint,mlp,bernoulli_glm,0.5555600047111511,0.03944320138918505,0.5530999898910522,0.03864997625350952,14.83884046971798,0.0
diffusion_cosine_noise,sde-euler-adaptive-joint,mlp,slcp_distractors,0.787784993648529,0.07932218619105,0.758899986743927,0.053700000047683716,10.010696951299906,0.0
diffusion_cosine_noise,sde-euler-adaptive-joint,mlp,bernoulli_glm_raw,0.5533400058746338,0.02892237385841833,0.5490000247955322,0.029724955558776855,14.295970532111824,0.0
diffusion_cosine_noise,sde-euler-adaptive-joint,time_mlp,gaussian_mixture,0.6481899917125702,0.042254567513769804,0.6657249927520752,0.01752498745918274,17.59203431941569,0.0
diffusion_cosine_noise,sde-euler-adaptive-joint,time_mlp,sir,0.5350699961185456,0.018730252891984225,0.5337499976158142,0.011950016021728516,45.93819317128509,0.0
diffusion_cosine_noise,sde-euler-adaptive-joint,time_mlp,gaussian_linear,0.5047350108623505,0.0023398770054130795,0.5049000084400177,0.0017499923706054688,17.206507741473615,0.0
diffusion_cosine_noise,sde-euler-adaptive-joint,time_mlp,gaussian_linear_uniform,0.5023700028657914,0.0019065928404105427,0.5020750015974045,0.0012249946594238281,17.842765427194536,0.0
diffusion_cosine_noise,sde-euler-adaptive-joint,time_mlp,lotka_volterra,0.9341495215892792,0.025635087776352476,0.9433749914169312,0.012124985456466675,17.046088554896414,0.0
diffusion_cosine_noise,sde-euler-adaptive-joint,time_mlp,slcp,0.6655300080776214,0.11401489532594677,0.6079249978065491,0.04252499341964722,18.294172233901918,0.0
diffusion_cosine_noise,sde-euler-adaptive-joint,time_mlp,two_moons,0.5094900012016297,0.00673266951550464,0.5094749927520752,0.0036999881267547607,26.23573822155595,0.0
diffusion_cosine_noise,sde-euler-adaptive-joint,time_mlp,bernoulli_glm,0.5103249967098236,0.006112618598630432,0.5077749788761139,0.003524988889694214,18.167263945564628,0.0
diffusion_cosine_noise,sde-euler-adaptive-joint,time_mlp,slcp_distractors,0.6684549987316132,0.119374356982899,0.6180000007152557,0.06632500886917114,17.857084755785763,0.0
diffusion_cosine_noise,sde-euler-adaptive-joint,time_mlp,bernoulli_glm_raw,0.516049987077713,0.007808740392451916,0.5133749842643738,0.003949999809265137,17.774117788299918,0.0
diffusion_edm_vp,sde-euler-pc,mlp,gaussian_mixture,0.6281799972057343,0.051048496499368635,0.6075000166893005,0.031275004148483276,20.444031758327036,0.5724334035579477
diffusion_edm_vp,sde-euler-pc,mlp,sir,0.6561250030994416,0.04462213747630183,0.6426500082015991,0.02107498049736023,20.998665884602815,0.6178207043786941
diffusion_edm_vp,sde-euler-pc,mlp,gaussian_linear,0.5035100013017655,0.0023695763080567537,0.503250002861023,0.0022999942302703857,20.841752224601805,0.5587153162748432
diffusion_edm_vp,sde-euler-pc,mlp,gaussian_linear_uniform,0.5049050003290176,0.0028697137318187283,0.5039249956607819,0.0013000071048736572,20.56526814280078,0.6169575584970841
diffusion_edm_vp,sde-euler-pc,mlp,lotka_volterra,0.8527649998664856,0.054063560618690984,0.8630749881267548,0.05467498302459717,20.91379300560802,0.6060030891817406
diffusion_edm_vp,sde-euler-pc,mlp,slcp,0.7158549904823304,0.08483963721686107,0.6983749866485596,0.06369999051094055,20.201613148581238,0.6431585402509239
diffusion_edm_vp,sde-euler-pc,mlp,two_moons,0.6219099998474121,0.03066501192800467,0.6342000067234039,0.008149981498718262,20.522215106431396,0.6416707014279294
diffusion_edm_vp,sde-euler-pc,mlp,bernoulli_glm,0.5839800000190735,0.058753395519386756,0.5788750052452087,0.06137499213218689,20.86411490626633,0.5853802886346986
diffusion_edm_vp,sde-euler-pc,mlp,slcp_distractors,0.7409949958324432,0.08739648259496918,0.7062249779701233,0.04717496037483215,20.598467063717543,0.5801568652912762
diffusion_edm_vp,sde-euler-pc,mlp,bernoulli_glm_raw,0.5596000015735626,0.04243801643905893,0.5551249980926514,0.04142501950263977,20.703280466608703,0.6035724646091087
diffusion_edm_vp,sde-euler-pc,time_mlp,gaussian_mixture,0.5558550000190735,0.014596814982747947,0.5518499910831451,0.010425001382827759,34.24936276534572,0.9530835166877268
diffusion_edm_vp,sde-euler-pc,time_mlp,sir,0.601309996843338,0.015315434866954714,0.5984500050544739,0.011275023221969604,33.452121109887955,0.8151107063698764
diffusion_edm_vp,sde-euler-pc,time_mlp,gaussian_linear,0.5025199949741364,0.001634044448248078,0.502824991941452,0.0016250014305114746,30.88772886702791,3.208189745098305
diffusion_edm_vp,sde-euler-pc,time_mlp,gaussian_linear_uniform,0.5043149948120117,0.0039639005707828795,0.5035249888896942,0.002924978733062744,36.577710278704764,1.2870877292209897
diffusion_edm_vp,sde-euler-pc,time_mlp,lotka_volterra,0.7210900068283081,0.09596112309850717,0.683650016784668,0.04769998788833618,36.79453762769699,1.1542889061951167
diffusion_edm_vp,sde-euler-pc,time_mlp,slcp,0.6465999960899353,0.10001242620618811,0.611950010061264,0.061550021171569824,35.77547136424109,1.6621548251156812
diffusion_edm_vp,sde-euler-pc,time_mlp,two_moons,0.5670950055122376,0.03297135605366423,0.5795750021934509,0.02227500081062317,34.472789456136525,0.7523321396129079
diffusion_edm_vp,sde-euler-pc,time_mlp,bernoulli_glm,0.5071150124073028,0.00401988756637624,0.5071500241756439,0.003800004720687866,37.28080621138215,1.1256214001346092
diffusion_edm_vp,sde-euler-pc,time_mlp,slcp_distractors,0.6495050013065338,0.08851394125191372,0.6349500119686127,0.0782250165939331,30.480189877934755,1.8108390588622483
diffusion_edm_vp,sde-euler-pc,time_mlp,bernoulli_glm_raw,0.5143499970436096,0.0068370705214900645,0.5146250128746033,0.006600022315979004,30.749533021915703,1.9329044296233624
diffusion_edm_vp_ema,sde-euler-pc,mlp,gaussian_mixture,0.6332749962806702,0.0511985198137889,0.6180749833583832,0.032649993896484375,18.05998567789793,1.9131260768056124
diffusion_edm_vp_ema,sde-euler-pc,mlp,sir,0.6562000036239624,0.05302769831058805,0.6301999986171722,0.020749986171722412,20.36389301465824,0.6132061414453014
diffusion_edm_vp_ema,sde-euler-pc,mlp,gaussian_linear,0.5022700011730195,0.001971830659421106,0.5011000037193298,0.0006249994039535522,21.222754498943686,0.6134370419309977
diffusion_edm_vp_ema,sde-euler-pc,mlp,gaussian_linear_uniform,0.5045800060033798,0.002980948192466096,0.5052750110626221,0.0010749995708465576,17.1527466731146,0.5514499708130369
diffusion_edm_vp_ema,sde-euler-pc,mlp,lotka_volterra,0.862610000371933,0.06374468949777638,0.8865750133991241,0.043674975633621216,20.51166141126305,0.6302735726283767
diffusion_edm_vp_ema,sde-euler-pc,mlp,slcp,0.7062799990177154,0.10198284293069809,0.6470249891281128,0.027899980545043945,20.8440877282992,0.5819079797545688
diffusion_edm_vp_ema,sde-euler-pc,mlp,two_moons,0.6128549933433532,0.04350018476049575,0.6237249970436096,0.03057500720024109,20.363284586928785,0.6214112226031185
diffusion_edm_vp_ema,sde-euler-pc,mlp,bernoulli_glm,0.5842900037765503,0.06344680563947964,0.5825250148773193,0.06602498888969421,20.954081104230134,0.6410811853602023
diffusion_edm_vp_ema,sde-euler-pc,mlp,slcp_distractors,0.7529149949550629,0.08130345835366236,0.7058749794960022,0.036874979734420776,20.73331195488572,0.5866758637347843
diffusion_edm_vp_ema,sde-euler-pc,mlp,bernoulli_glm_raw,0.5544799983501434,0.03387045329183293,0.5541250109672546,0.03087499737739563,20.843803444504736,0.6388483983676355
diffusion_edm_vp_ema,sde-euler-pc,time_mlp,gaussian_mixture,0.5457249879837036,0.020966197001629102,0.5391499996185303,0.007475018501281738,34.45007113320753,0.7591953185038949
diffusion_edm_vp_ema,sde-euler-pc,time_mlp,sir,0.5969599962234498,0.015312911455038034,0.5977999866008759,0.008924990892410278,33.286130466125904,0.7285623745482125
diffusion_edm_vp_ema,sde-euler-pc,time_mlp,gaussian_linear,0.505009987950325,0.0032945999291436575,0.5049749910831451,0.0023999959230422974,37.20499981269241,0.7874052646257342
diffusion_edm_vp_ema,sde-euler-pc,time_mlp,gaussian_linear_uniform,0.5049099951982499,0.002859872618974506,0.5046750009059906,0.0017499923706054688,34.328442892991006,0.7831253178320886
diffusion_edm_vp_ema,sde-euler-pc,time_mlp,lotka_volterra,0.7156799972057343,0.08169302143602046,0.6810500025749207,0.0388999879360199,28.555320800840853,0.7200139867213712
diffusion_edm_vp_ema,sde-euler-pc,time_mlp,slcp,0.6361350119113922,0.07979356041397812,0.6073000133037567,0.036949992179870605,34.61700392076746,0.8127018111524057
diffusion_edm_vp_ema,sde-euler-pc,time_mlp,two_moons,0.5608849942684173,0.030106833341897524,0.5602749884128571,0.023874998092651367,34.50609680833295,0.7521732496122119
diffusion_edm_vp_ema,sde-euler-pc,time_mlp,bernoulli_glm,0.511285001039505,0.008094164556860338,0.5092250108718872,0.005675017833709717,34.49372679125518,0.8535659438662174
diffusion_edm_vp_ema,sde-euler-pc,time_mlp,slcp_distractors,0.6565700054168702,0.0954781798284133,0.6123499870300293,0.05667498707771301,33.20131504228338,0.8591829623976328
diffusion_edm_vp_ema,sde-euler-pc,time_mlp,bernoulli_glm_raw,0.5112649977207184,0.00496542769440499,0.5116750001907349,0.0034500062465667725,36.2940343095921,1.5850161894804642
diffusion_edm_ve,sde-euler-pc,mlp,gaussian_mixture,0.6922750055789948,0.06653146850845197,0.6830750107765198,0.06707501411437988,20.25503749260679,0.5965526573682838
diffusion_edm_ve,sde-euler-pc,mlp,sir,0.662662148475647,0.03810068315192319,0.6549250185489655,0.02771705389022827,20.763404542673378,0.6003138981253182
diffusion_edm_ve,sde-euler-pc,mlp,gaussian_linear,0.7222399950027466,0.02560324859900284,0.7170000076293945,0.018699973821640015,21.343680313322693,0.7133133346511078
diffusion_edm_ve,sde-euler-pc,mlp,gaussian_linear_uniform,0.7039700031280518,0.023751762455420378,0.7087250053882599,0.018849998712539673,21.07741777561605,0.6295514521474619
diffusion_edm_ve,sde-euler-pc,mlp,lotka_volterra,0.8661000013351441,0.05644542184535546,0.8841499984264374,0.019800007343292236,20.940022568404675,0.5277131747342865
diffusion_edm_ve,sde-euler-pc,mlp,slcp,0.7683100044727326,0.058285447588973124,0.7694250047206879,0.045874983072280884,20.682513516955076,0.6949338610824297
diffusion_edm_ve,sde-euler-pc,mlp,two_moons,0.6436600029468537,0.04932635628739449,0.6350000202655792,0.027275025844573975,20.434937941934912,0.5757783550040204
diffusion_edm_ve,sde-euler-pc,mlp,bernoulli_glm,0.7609899997711181,0.11731190010562458,0.7807750105857849,0.09892502427101135,20.72489942824468,0.6499162815420492
diffusion_edm_ve,sde-euler-pc,mlp,slcp_distractors,0.7801999986171723,0.06199583267806509,0.7623249888420105,0.046075016260147095,17.08291390053928,0.48596798913194145
diffusion_edm_ve,sde-euler-pc,mlp,bernoulli_glm_raw,0.759639996290207,0.11778084662743073,0.7827250063419342,0.09742498397827148,20.726049055997283,0.6236587719356113
diffusion_edm_ve,sde-euler-pc,time_mlp,gaussian_mixture,0.5861499905586243,0.03434780796229874,0.5701249837875366,0.022375017404556274,34.18964693751186,0.7956441550404008
diffusion_edm_ve,sde-euler-pc,time_mlp,sir,0.6079749941825867,0.022320145082144353,0.6076249778270721,0.010699987411499023,34.11781516782939,0.7156571487907019
diffusion_edm_ve,sde-euler-pc,time_mlp,gaussian_linear,0.7231700003147126,0.024430603592327613,0.7180750072002411,0.018525004386901855,34.06750735649839,0.81156200551124
diffusion_edm_ve,sde-euler-pc,time_mlp,gaussian_linear_uniform,0.6887000024318695,0.024210428501885723,0.6929000020027161,0.020700007677078247,33.66644971771166,0.7777181464809134
diffusion_edm_ve,sde-euler-pc,time_mlp,lotka_volterra,0.7113349974155426,0.08446893686771646,0.6992000043392181,0.061874985694885254,34.03655872456729,0.7229785601060046
diffusion_edm_ve,sde-euler-pc,time_mlp,slcp,0.7424449920654297,0.052514792605508974,0.7438749969005585,0.04612499475479126,37.29947226140648,1.2943499570761916
diffusion_edm_ve,sde-euler-pc,time_mlp,two_moons,0.6103249907493591,0.04118493986657724,0.6027999818325043,0.026624977588653564,33.38026865553111,0.8732379200387707
diffusion_edm_ve,sde-euler-pc,time_mlp,bernoulli_glm,0.6834850013256073,0.0921578665844757,0.6832500100135803,0.09297499060630798,33.643289777636525,0.7846535709989648
diffusion_edm_ve,sde-euler-pc,time_mlp,slcp_distractors,0.7419400036334991,0.04137159706307433,0.7452749907970428,0.029750019311904907,33.83156868834048,0.8276418521845421
diffusion_edm_ve,sde-euler-pc,time_mlp,bernoulli_glm_raw,0.6829399943351746,0.09549636661481657,0.6899999976158142,0.09227502346038818,34.261548606865105,0.8149996450114746
diffusion_cosine_F,sde-euler-pc,mlp,gaussian_mixture,0.6175399959087372,0.05677050880860706,0.6129249930381775,0.05895000696182251,17.85651428103447,0.7461347635921824
diffusion_cosine_F,sde-euler-pc,mlp,sir,0.6308499932289123,0.06130007236873419,0.5964999794960022,0.014124959707260132,21.353561898786573,0.8912344300042846
diffusion_cosine_F,sde-euler-pc,mlp,gaussian_linear,0.5036399990320206,0.0034419294842795295,0.5022249966859818,0.0013249963521957397,23.06002605939284,1.1560977618965163
diffusion_cosine_F,sde-euler-pc,mlp,gaussian_linear_uniform,0.5044949978590012,0.002040274731521569,0.5045250058174133,0.0014000087976455688,21.47834522370249,0.9305774277100892
diffusion_cosine_F,sde-euler-pc,mlp,lotka_volterra,0.85974001288414,0.06348396156204364,0.8683000206947327,0.05022498965263367,21.50962598156184,0.8513858210926266
diffusion_cosine_F,sde-euler-pc,mlp,slcp,0.7534300029277802,0.08781094452530835,0.7483500242233276,0.07982498407363892,23.794204783812166,1.0375578470035034
diffusion_cosine_F,sde-euler-pc,mlp,two_moons,0.6126799941062927,0.04475310105685092,0.6089999973773956,0.03222501277923584,21.879694547783583,0.9292322863897158
diffusion_cosine_F,sde-euler-pc,mlp,bernoulli_glm,0.5699000000953675,0.05048330222605573,0.5701750218868256,0.04967501759529114,23.622484222985804,1.160633900262901
diffusion_cosine_F,sde-euler-pc,mlp,slcp_distractors,0.7918449938297272,0.07798365906406636,0.7554250061511993,0.05095002055168152,21.359577822033316,0.865878452828602
diffusion_cosine_F,sde-euler-pc,mlp,bernoulli_glm_raw,0.5566799998283386,0.03476280717109627,0.5612500011920929,0.03702497482299805,21.723645597696304,0.8994128298647556
diffusion_cosine_F,sde-euler-pc,time_mlp,gaussian_mixture,0.5401999890804291,0.013764243402614946,0.5363999903202057,0.006750017404556274,35.281336691975596,0.9579823402392357
diffusion_cosine_F,sde-euler-pc,time_mlp,sir,0.5489650070667267,0.0143526750156898,0.5446000099182129,0.007124990224838257,38.472845817822964,1.1622129543162885
diffusion_cosine_F,sde-euler-pc,time_mlp,gaussian_linear,0.5075850009918212,0.0026941581602749963,0.5076000094413757,0.0011999905109405518,34.7542310718447,1.328455729285481
diffusion_cosine_F,sde-euler-pc,time_mlp,gaussian_linear_uniform,0.5036100000143051,0.002499276628510733,0.5030750036239624,0.0015000104904174805,34.64458744199946,0.9642140888843217
diffusion_cosine_F,sde-euler-pc,time_mlp,lotka_volterra,0.7344749987125396,0.07227153952642516,0.7080000042915344,0.033024996519088745,34.7119351840578,0.9784304344876367
diffusion_cosine_F,sde-euler-pc,time_mlp,slcp,0.665134996175766,0.10894015300884302,0.6037499904632568,0.04365000128746033,34.90920456303284,0.9686644229186618
diffusion_cosine_F,sde-euler-pc,time_mlp,two_moons,0.5220349967479706,0.014745526645866761,0.52012500166893,0.013249993324279785,34.840007862541825,1.1239273003498884
diffusion_cosine_F,sde-euler-pc,time_mlp,bernoulli_glm,0.5100100010633468,0.006962392922985492,0.5069500207901001,0.0033250153064727783,35.58510618740693,1.0902114547051243
diffusion_cosine_F,sde-euler-pc,time_mlp,slcp_distractors,0.6627399981021881,0.10284936186232725,0.6097750067710876,0.04165002703666687,29.6143086174503,0.9398688002823778
diffusion_cosine_F,sde-euler-pc,time_mlp,bernoulli_glm_raw,0.5119350016117096,0.007273247881974072,0.5123249888420105,0.0033999979496002197,29.348196072876455,0.9713843238942639
diffusion_cosine_v,sde-euler-pc,mlp,gaussian_mixture,0.6153400003910064,0.05245156127005048,0.6068499982357025,0.04982501268386841,20.46352219199762,0.8652663585020081
diffusion_cosine_v,sde-euler-pc,mlp,sir,0.629435008764267,0.07102996488251465,0.588325023651123,0.017750024795532227,20.45494752638042,0.7717893099746846
diffusion_cosine_v,sde-euler-pc,mlp,gaussian_linear,0.5041200041770935,0.0018812500870862554,0.50382499396801,0.001274988055229187,20.46537172207609,0.9066764449810888
diffusion_cosine_v,sde-euler-pc,mlp,gaussian_linear_uniform,0.5043099999427796,0.002451713062738258,0.5038000047206879,0.0019749999046325684,20.81308839917183,0.9273198272221107
diffusion_cosine_v,sde-euler-pc,mlp,lotka_volterra,0.8628450036048889,0.053391104344974016,0.8626750111579895,0.04409998655319214,20.61515732295811,0.8249759647919243
diffusion_cosine_v,sde-euler-pc,mlp,slcp,0.7265450060367584,0.087828296190977,0.6929999887943268,0.0515500009059906,20.239987510442734,0.8592467531314204
diffusion_cosine_v,sde-euler-pc,mlp,two_moons,0.6092650115489959,0.047971663589527064,0.6012000143527985,0.042825013399124146,20.215340300649405,0.8920903819983269
diffusion_cosine_v,sde-euler-pc,mlp,bernoulli_glm,0.5664099931716919,0.04716190428434406,0.5715999901294708,0.04829999804496765,20.46636549439281,0.8898682281853678
diffusion_cosine_v,sde-euler-pc,mlp,slcp_distractors,0.7875400006771087,0.07680021729149175,0.761000007390976,0.058774977922439575,20.665211024787276,0.951354161971346
diffusion_cosine_v,sde-euler-pc,mlp,bernoulli_glm_raw,0.5549100041389465,0.03279865037084909,0.5592249929904938,0.03255000710487366,17.149332700204106,0.7699370812951783
diffusion_cosine_v,sde-euler-pc,time_mlp,gaussian_mixture,0.5362149953842164,0.01249294607734689,0.5358999967575073,0.0038250088691711426,33.940901927556844,1.0080403249118346
diffusion_cosine_v,sde-euler-pc,time_mlp,sir,0.5543149888515473,0.014774713547872118,0.5467749834060669,0.005499988794326782,28.272807603888214,0.7613633283216343
diffusion_cosine_v,sde-euler-pc,time_mlp,gaussian_linear,0.5044649958610534,0.0026127583566410307,0.5038749873638153,0.001650005578994751,28.27720031933859,0.7818212580185061
diffusion_cosine_v,sde-euler-pc,time_mlp,gaussian_linear_uniform,0.5043500036001205,0.0028296647963911726,0.5039249807596207,0.002424970269203186,33.75938526634127,0.9549353439848948
diffusion_cosine_v,sde-euler-pc,time_mlp,lotka_volterra,0.7348650097846985,0.09596877462207727,0.705700010061264,0.05797499418258667,33.120106156170365,0.9819479175992971
diffusion_cosine_v,sde-euler-pc,time_mlp,slcp,0.6485849976539612,0.11240415733767953,0.591825008392334,0.03527498245239258,33.96159666748717,0.9277122965505008
diffusion_cosine_v,sde-euler-pc,time_mlp,two_moons,0.5214299947023392,0.019540383131109156,0.5095999836921692,0.005524978041648865,34.512128313444556,0.7740155997787448
diffusion_cosine_v,sde-euler-pc,time_mlp,bernoulli_glm,0.5101949989795684,0.005567696904769921,0.5088250041007996,0.00392499566078186,34.70803232975304,0.9641363066936947
diffusion_cosine_v,sde-euler-pc,time_mlp,slcp_distractors,0.6354300022125244,0.09646322005956766,0.5828000009059906,0.03087499737739563,33.749484515096995,1.0127758054462996
diffusion_cosine_v,sde-euler-pc,time_mlp,bernoulli_glm_raw,0.5119500041007996,0.007959398736650882,0.5078499913215637,0.003524988889694214,34.44265209268779,1.0329615554571143
diffusion_cosine_v_lw,sde-euler-pc,mlp,gaussian_mixture,0.63192999958992,0.05831635571809032,0.6175750195980072,0.04452499747276306,17.30929212179035,0.7920854353789482
diffusion_cosine_v_lw,sde-euler-pc,mlp,sir,0.6290150046348572,0.06340303802225465,0.6027999818325043,0.026024997234344482,21.776324203517287,0.9484806488786359
diffusion_cosine_v_lw,sde-euler-pc,mlp,gaussian_linear,0.5031450033187866,0.0027510405808786106,0.5021249949932098,0.0011750012636184692,22.052883128635585,1.110591692915293
diffusion_cosine_v_lw,sde-euler-pc,mlp,gaussian_linear_uniform,0.5028199940919876,0.0020994291966160246,0.5024249851703644,0.0013000071048736572,20.532964574079962,0.9253029049351161
diffusion_cosine_v_lw,sde-euler-pc,mlp,lotka_volterra,0.8758849859237671,0.04343049905485144,0.8768749833106995,0.030750006437301636,20.435528510063886,0.919469416781587
diffusion_cosine_v_lw,sde-euler-pc,mlp,slcp,0.7377250015735626,0.10073590492692086,0.7278999984264374,0.07347500324249268,20.45972462631762,0.8054558991047882
diffusion_cosine_v_lw,sde-euler-pc,mlp,two_moons,0.6188000082969666,0.04640999317986787,0.6182500123977661,0.036724984645843506,17.00335750207305,0.7815856257219702
diffusion_cosine_v_lw,sde-euler-pc,mlp,bernoulli_glm,0.568135005235672,0.04731655882760989,0.5680499970912933,0.044874995946884155,20.29128277897835,0.8565918430690684
diffusion_cosine_v_lw,sde-euler-pc,mlp,slcp_distractors,0.7600449979305267,0.08474119103283649,0.7127249836921692,0.04079997539520264,20.49728910634294,0.9450841916968863
diffusion_cosine_v_lw,sde-euler-pc,mlp,bernoulli_glm_raw,0.5497799932956695,0.02965257744100456,0.5413250029087067,0.02367502450942993,20.43881061216816,0.9132831236284563
diffusion_cosine_v_lw,sde-euler-pc,time_mlp,gaussian_mixture,0.5426150023937225,0.013433728536329332,0.5373750030994415,0.0036500096321105957,34.385701117292044,0.997812708637471
diffusion_cosine_v_lw,sde-euler-pc,time_mlp,sir,0.5529449999332428,0.013952089809454967,0.5508500039577484,0.009250015020370483,33.692357963509856,1.0727712932945042
diffusion_cosine_v_lw,sde-euler-pc,time_mlp,gaussian_linear,0.5029600024223327,0.0030951491038613155,0.5016000121831894,0.0010499954223632812,34.62987442752346,1.1397306024774745
diffusion_cosine_v_lw,sde-euler-pc,time_mlp,gaussian_linear_uniform,0.5037299931049347,0.0033140693307756675,0.5029999911785126,0.0020000040531158447,33.78152602091431,1.0947884457003452
diffusion_cosine_v_lw,sde-euler-pc,time_mlp,lotka_volterra,0.7304649889469147,0.08318516226085601,0.7009499967098236,0.02875000238418579,34.10776711748913,1.0305485648695145
diffusion_cosine_v_lw,sde-euler-pc,time_mlp,slcp,0.6553799927234649,0.1029097362905042,0.6168999969959259,0.060649991035461426,34.297229278553274,1.0394476953135627
diffusion_cosine_v_lw,sde-euler-pc,time_mlp,two_moons,0.5227500021457672,0.01509613184195626,0.5225750207901001,0.013824999332427979,34.56281128926203,1.0473043902395631
diffusion_cosine_v_lw,sde-euler-pc,time_mlp,bernoulli_glm,0.5120749950408936,0.006995263318076223,0.512024998664856,0.00822499394416809,34.25977008473128,1.0026033523795124
diffusion_cosine_v_lw,sde-euler-pc,time_mlp,slcp_distractors,0.6513349950313568,0.10554954803918627,0.6089249849319458,0.06244999170303345,34.30052572414279,0.9160240339158743
diffusion_cosine_v_lw,sde-euler-pc,time_mlp,bernoulli_glm_raw,0.5139800012111664,0.007280158389513115,0.5129750072956085,0.006200015544891357,34.263491056952624,1.1202949212717712
diffusion_cosine_noise,sde-euler-pc,mlp,gaussian_mixture,0.6143549978733063,0.0529559610195476,0.6097749769687653,0.0435749888420105,20.281671620346607,0.8675962630083515
diffusion_cosine_noise,sde-euler-pc,mlp,sir,0.6283100008964538,0.06589380440291388,0.5997999906539917,0.027974992990493774,19.97092813551426,0.8422672119643955
diffusion_cosine_noise,sde-euler-pc,mlp,gaussian_linear,0.5036249995231629,0.00230946761265486,0.5026749968528748,0.0013000071048736572,20.544047829229385,0.8334983364159985
diffusion_cosine_noise,sde-euler-pc,mlp,gaussian_linear_uniform,0.5035250067710877,0.002431798429274371,0.5039499998092651,0.0020500123500823975,20.492400923185052,0.903564954409903
diffusion_cosine_noise,sde-euler-pc,mlp,lotka_volterra,0.8746849954128265,0.049390560696993796,0.8675249814987183,0.04604998230934143,20.346922399196774,0.865676452708035
diffusion_cosine_noise,sde-euler-pc,mlp,slcp,0.7487500071525574,0.09806833097812805,0.7181749939918518,0.06114998459815979,20.82428418761119,0.844702708898386
diffusion_cosine_noise,sde-euler-pc,mlp,two_moons,0.5978349983692169,0.036708846998996514,0.5946249961853027,0.03180000185966492,22.39560294225812,1.2558383362777081
diffusion_cosine_noise,sde-euler-pc,mlp,bernoulli_glm,0.5531349897384643,0.04162887926250764,0.5468249917030334,0.03790000081062317,23.196060259919612,0.9277682438982755
diffusion_cosine_noise,sde-euler-pc,mlp,slcp_distractors,0.7884600102901459,0.07385155811238245,0.761775016784668,0.04914999008178711,20.5924133002758,0.8567691111724779
diffusion_cosine_noise,sde-euler-pc,mlp,bernoulli_glm_raw,0.5523249864578247,0.02684229823962635,0.548799991607666,0.028124988079071045,20.514806932397185,0.9904399963868814
diffusion_cosine_noise,sde-euler-pc,time_mlp,gaussian_mixture,0.5414400041103363,0.015857785726534113,0.5384249985218048,0.0035749971866607666,36.91247069109231,1.2202828465627207
diffusion_cosine_noise,sde-euler-pc,time_mlp,sir,0.5533178925514222,0.015062615664603825,0.5480600893497467,0.008362621068954468,29.16978462934494,0.8358480721335322
diffusion_cosine_noise,sde-euler-pc,time_mlp,gaussian_linear,0.5501699984073639,0.003949125159787985,0.549575001001358,0.002950012683868408,34.17240902688354,1.1237006789314161
diffusion_cosine_noise,sde-euler-pc,time_mlp,gaussian_linear_uniform,0.6041399955749511,0.007254850877612761,0.6051499843597412,0.003899991512298584,33.57993842074647,1.1200492201457926
diffusion_cosine_noise,sde-euler-pc,time_mlp,lotka_volterra,0.7323004841804505,0.09596942925239983,0.7136034369468689,0.03711026906967163,35.06172899445519,1.3874144590892319
diffusion_cosine_noise,sde-euler-pc,time_mlp,slcp,0.6755699992179871,0.08827429168267183,0.6444000005722046,0.040049999952316284,36.87097932677716,1.568449040113565
diffusion_cosine_noise,sde-euler-pc,time_mlp,two_moons,0.5232600003480912,0.012312921157151801,0.521575003862381,0.005825012922286987,33.689469195716086,1.036202786882621
diffusion_cosine_noise,sde-euler-pc,time_mlp,bernoulli_glm,0.6298849999904632,0.015953431699048466,0.6333000063896179,0.013349980115890503,37.163739572279155,1.7307608938732606
diffusion_cosine_noise,sde-euler-pc,time_mlp,slcp_distractors,0.6828900039196014,0.09866614165991973,0.6504749953746796,0.05504998564720154,37.04433006029576,1.1546576560906454
diffusion_cosine_noise,sde-euler-pc,time_mlp,bernoulli_glm_raw,0.6556650042533875,0.014132410209196597,0.652400016784668,0.009775012731552124,33.28872697222978,0.9715297447481986
diffusion_edm_vp,sde-sea,mlp,gaussian_mixture,0.6195200026035309,0.060165228884429676,0.607699990272522,0.05254998803138733,12.678715898282826,0.018678455093704686
diffusion_edm_vp,sde-sea,mlp,sir,0.6089200019836426,0.08230766180487972,0.5687000155448914,0.030974984169006348,14.366954186558724,0.10759907744358124
diffusion_edm_vp,sde-sea,mlp,gaussian_linear,0.5027249991893769,0.0019388436289691207,0.5026749968528748,0.001600012183189392,12.698466033581644,0.01730599746435215
diffusion_edm_vp,sde-sea,mlp,gaussian_linear_uniform,0.5059699982404708,0.003016215061360837,0.5046499818563461,0.0013749748468399048,12.847454878408461,0.017192061452010007
diffusion_edm_vp,sde-sea,mlp,lotka_volterra,0.8470650017261505,0.05746728619217599,0.8585500121116638,0.060950011014938354,12.798139508534224,0.02659541579926492
diffusion_edm_vp,sde-sea,mlp,slcp,0.6931949853897095,0.09210961008478635,0.6747749745845795,0.06742498278617859,12.588472582120449,0.021794452081879884
diffusion_edm_vp,sde-sea,mlp,two_moons,0.561080002784729,0.04853622061202952,0.5597250163555145,0.053775012493133545,12.870098195411265,0.41589825737836966
diffusion_edm_vp,sde-sea,mlp,bernoulli_glm,0.5850999891757965,0.061848032979773156,0.5864000022411346,0.06084999442100525,12.738730031158775,0.28178555392073257
diffusion_edm_vp,sde-sea,mlp,slcp_distractors,0.72014000415802,0.0978644280760955,0.68647500872612,0.0549750030040741,12.548866331204772,0.013061542004779306
diffusion_edm_vp,sde-sea,mlp,bernoulli_glm_raw,0.5636049985885621,0.03959595591814352,0.555774986743927,0.03215000033378601,12.675202990695833,0.010598317103481053
diffusion_edm_vp,sde-sea,time_mlp,gaussian_mixture,0.5278600096702576,0.007248964885139338,0.5295250117778778,0.0037499964237213135,19.15636520953849,0.07635112837290874
diffusion_edm_vp,sde-sea,time_mlp,sir,0.5278800010681153,0.018513277887277826,0.5217249989509583,0.015500009059906006,19.262364058662207,0.08912539873259179
diffusion_edm_vp,sde-sea,time_mlp,gaussian_linear,0.5053150057792664,0.0040170338945225564,0.5036999881267548,0.002924993634223938,20.116248974576592,0.22919320084513825
diffusion_edm_vp,sde-sea,time_mlp,gaussian_linear_uniform,0.504249992966652,0.002783158524721789,0.5035749971866608,0.0029999911785125732,19.18970277318731,0.11263524812371464
diffusion_edm_vp,sde-sea,time_mlp,lotka_volterra,0.7138650059700012,0.09576581509176363,0.6734500229358673,0.04025000333786011,19.43074948862195,0.03621739386349843
diffusion_edm_vp,sde-sea,time_mlp,slcp,0.6395500063896179,0.0952121350553026,0.6073749959468842,0.05642497539520264,19.037024587020277,0.23928614873078918
diffusion_edm_vp,sde-sea,time_mlp,two_moons,0.512939989566803,0.009192272309727476,0.508899986743927,0.00172501802444458,19.280063757672906,0.021835907790448333
diffusion_edm_vp,sde-sea,time_mlp,bernoulli_glm,0.5095749974250794,0.005262615576190858,0.5090000033378601,0.0040750205516815186,18.887131749652326,0.02758303095599418
diffusion_edm_vp,sde-sea,time_mlp,slcp_distractors,0.6397950053215027,0.08216343448688862,0.6238250136375427,0.07200002670288086,19.534851287305354,0.017422235684152125
diffusion_edm_vp,sde-sea,time_mlp,bernoulli_glm_raw,0.5121399998664856,0.004128419096480421,0.5114249885082245,0.0034500062465667725,19.42981534358114,0.02206261022004729
diffusion_edm_vp_ema,sde-sea,mlp,gaussian_mixture,0.6300549983978272,0.056191541448821124,0.6213499903678894,0.049699991941452026,12.358801123779267,0.0176317193283956
diffusion_edm_vp_ema,sde-sea,mlp,sir,0.6227699935436248,0.0836711869262309,0.5849249958992004,0.028674989938735962,12.654590622149408,0.058114181268340746
diffusion_edm_vp_ema,sde-sea,mlp,gaussian_linear,0.5041450053453446,0.0031954274393471357,0.5035999864339828,0.0028499960899353027,12.620854588039219,0.09396262697052007
diffusion_edm_vp_ema,sde-sea,mlp,gaussian_linear_uniform,0.5085450053215027,0.003923989761328427,0.5088500082492828,0.0025500059127807617,12.424585983995348,0.05847226342292501
diffusion_edm_vp_ema,sde-sea,mlp,lotka_volterra,0.860874992609024,0.0655315781905013,0.8863250017166138,0.0386749804019928,12.541967439558357,0.04160994640238805
diffusion_edm_vp_ema,sde-sea,mlp,slcp,0.6894150078296661,0.10272239696008638,0.6421999931335449,0.030499964952468872,12.58698548823595,0.04269651912053512
diffusion_edm_vp_ema,sde-sea,mlp,two_moons,0.5575549930334092,0.047543950470367594,0.5539999902248383,0.04695001244544983,12.597939318511635,0.018917712887792378
diffusion_edm_vp_ema,sde-sea,mlp,bernoulli_glm,0.5882500112056732,0.0628642456966733,0.5911000072956085,0.06444999575614929,12.397063151467592,0.025206214952431662
diffusion_edm_vp_ema,sde-sea,mlp,slcp_distractors,0.7288699984550476,0.08887062418640121,0.6939750015735626,0.06400001049041748,12.484467461612075,0.009094432996463729
diffusion_edm_vp_ema,sde-sea,mlp,bernoulli_glm_raw,0.556000006198883,0.03482385822786831,0.5560000240802765,0.033775001764297485,12.570573517214507,0.02662518909031962
diffusion_edm_vp_ema,sde-sea,time_mlp,gaussian_mixture,0.5306849896907806,0.006888393760419903,0.5293749868869781,0.004325002431869507,18.85368745122105,0.052087720003905845
diffusion_edm_vp_ema,sde-sea,time_mlp,sir,0.5382299959659577,0.01860272904542772,0.5412499904632568,0.01412498950958252,19.15853722654283,0.01632899258484594
diffusion_edm_vp_ema,sde-sea,time_mlp,gaussian_linear,0.5033349931240082,0.002887654318929794,0.5024749934673309,0.0016250014305114746,19.154960365593432,0.029088340231659376
diffusion_edm_vp_ema,sde-sea,time_mlp,gaussian_linear_uniform,0.50416000187397,0.003620766148291179,0.5027249902486801,0.0017499923706054688,18.723457072488962,0.007519580083994127
diffusion_edm_vp_ema,sde-sea,time_mlp,lotka_volterra,0.6997100055217743,0.08511303776564756,0.6593999862670898,0.0270250141620636,18.83907059393823,0.03463331867700011
diffusion_edm_vp_ema,sde-sea,time_mlp,slcp,0.6258100032806396,0.0744684839394665,0.6073249876499176,0.0428750216960907,22.224775876104832,0.15522061790298408
diffusion_edm_vp_ema,sde-sea,time_mlp,two_moons,0.5072950005531311,0.007139631359778067,0.5045500099658966,0.0032750070095062256,19.418405625317245,0.01646877166894465
diffusion_edm_vp_ema,sde-sea,time_mlp,bernoulli_glm,0.5120699942111969,0.006054099444229892,0.5122750103473663,0.0049000084400177,19.563960910215975,0.016949181000474607
diffusion_edm_vp_ema,sde-sea,time_mlp,slcp_distractors,0.6491849958896637,0.09461374229248765,0.6083999872207642,0.05972498655319214,21.424398153461517,0.1814870219292853
diffusion_edm_vp_ema,sde-sea,time_mlp,bernoulli_glm_raw,0.5095950067043304,0.0037301720043207013,0.508525013923645,0.0022749900817871094,19.120554728992282,0.015598959866368018
diffusion_edm_ve,sde-sea,mlp,gaussian_mixture,0.6901149988174439,0.0803830793676709,0.6796749830245972,0.07107499241828918,12.452303781174123,0.017002877833046097
diffusion_edm_ve,sde-sea,mlp,sir,0.6245599925518036,0.06415214800960979,0.6155999898910522,0.043425023555755615,12.732504785340279,0.013462445015038644
diffusion_edm_ve,sde-sea,mlp,gaussian_linear,0.7373349964618683,0.01975181407688653,0.7327499985694885,0.013974994421005249,12.26099946834147,0.05258625976559462
diffusion_edm_ve,sde-sea,mlp,gaussian_linear_uniform,0.7138199985027314,0.024686143928652527,0.7190999984741211,0.018050014972686768,13.776287958119065,0.04504570035080482
diffusion_edm_ve,sde-sea,mlp,lotka_volterra,0.8669749975204468,0.05618056065846107,0.8821749985218048,0.023874998092651367,12.407241910509764,0.48970370007387615
diffusion_edm_ve,sde-sea,mlp,slcp,0.7659500002861023,0.05433369858495026,0.769349992275238,0.03842499852180481,12.288451985549182,0.007181525544719903
diffusion_edm_ve,sde-sea,mlp,two_moons,0.6231299936771393,0.06754133303017822,0.5923250019550323,0.03205001354217529,12.317115759663285,0.011707074464750241
diffusion_edm_ve,sde-sea,mlp,bernoulli_glm,0.7667400121688843,0.11602302239203631,0.7867000102996826,0.09599998593330383,12.51788338199258,0.031361241596894
diffusion_edm_ve,sde-sea,mlp,slcp_distractors,0.7722799897193908,0.060266896718084606,0.7653749883174896,0.05767500400543213,12.562579545378686,0.07176354037712236
diffusion_edm_ve,sde-sea,mlp,bernoulli_glm_raw,0.765135008096695,0.1140455901509841,0.7916750013828278,0.09000000357627869,12.783153589721769,0.07364941428542729
diffusion_edm_ve,sde-sea,time_mlp,gaussian_mixture,0.580590009689331,0.027302969421431237,0.5731500089168549,0.02082499861717224,19.37407755944878,0.029158825002639836
diffusion_edm_ve,sde-sea,time_mlp,sir,0.5629699885845184,0.025513786973218492,0.5630499720573425,0.01712501049041748,21.418760802410542,0.21694166672740076
diffusion_edm_ve,sde-sea,time_mlp,gaussian_linear,0.7366249918937683,0.023352825317977187,0.7324249744415283,0.018525004386901855,21.232171821501105,0.10180628181413288
diffusion_edm_ve,sde-sea,time_mlp,gaussian_linear_uniform,0.6997050106525421,0.022875123996339158,0.7065000236034393,0.017300009727478027,19.01024609664455,0.006067320431943898
diffusion_edm_ve,sde-sea,time_mlp,lotka_volterra,0.6969700038433075,0.08659404940305024,0.6800000071525574,0.06022500991821289,18.8522464716807,0.006007587152725817
diffusion_edm_ve,sde-sea,time_mlp,slcp,0.7451749980449677,0.04640712954828561,0.7511000037193298,0.04047501087188721,19.236922921519728,0.01701723990838883
diffusion_edm_ve,sde-sea,time_mlp,two_moons,0.590485006570816,0.055398934734224935,0.5853250026702881,0.033250004053115845,19.37967516761273,0.15095030164511142
diffusion_edm_ve,sde-sea,time_mlp,bernoulli_glm,0.6893499910831451,0.09020801047432658,0.6898750066757202,0.0878250002861023,19.3698587895371,0.017789987840802927
diffusion_edm_ve,sde-sea,time_mlp,slcp_distractors,0.7443250000476838,0.041260530945135515,0.7439999878406525,0.028674989938735962,19.202784885652363,0.021389968975826155
diffusion_edm_ve,sde-sea,time_mlp,bernoulli_glm_raw,0.6898949921131134,0.09345265107301041,0.6933749914169312,0.08845001459121704,19.454794922284783,0.06131751301527391
diffusion_cosine_F,sde-sea,mlp,gaussian_mixture,0.629054993391037,0.059781217369292525,0.6252999901771545,0.06497499346733093,12.870943932142108,0.011732793995772045
diffusion_cosine_F,sde-sea,mlp,sir,0.6137099921703338,0.0781858370947609,0.5788249969482422,0.018849998712539673,12.142041339538991,0.09694694329740722
diffusion_cosine_F,sde-sea,mlp,gaussian_linear,0.5037699997425079,0.0019550151640566364,0.5034749805927277,0.0017249733209609985,13.024308460205793,0.017331696702614252
diffusion_cosine_F,sde-sea,mlp,gaussian_linear_uniform,0.5052799940109253,0.002685256779363434,0.5052499771118164,0.0018750131130218506,12.901612298190594,0.013437802045931917
diffusion_cosine_F,sde-sea,mlp,lotka_volterra,0.8521199941635131,0.06757395917210579,0.8565999865531921,0.0545249879360199,13.851076819933951,0.39960176430351135
diffusion_cosine_F,sde-sea,mlp,slcp,0.7430399894714356,0.09100559156611436,0.7284500002861023,0.08015000820159912,13.224459254741669,0.1545792532687472
diffusion_cosine_F,sde-sea,mlp,two_moons,0.5961050033569336,0.05381893900976863,0.5915749967098236,0.03739997744560242,13.078181749768556,0.08355790811234115
diffusion_cosine_F,sde-sea,mlp,bernoulli_glm,0.5710800051689148,0.04915229106726304,0.5718249976634979,0.04852497577667236,13.213496825005858,0.06408031064127966
diffusion_cosine_F,sde-sea,mlp,slcp_distractors,0.7824100077152252,0.07878189608212817,0.7461999952793121,0.0482499897480011,13.402987361326813,0.024677040843947316
diffusion_cosine_F,sde-sea,mlp,bernoulli_glm_raw,0.5587750017642975,0.03512215198020812,0.5629500150680542,0.03424999117851257,13.025483619514853,0.05584883956391917
diffusion_cosine_F,sde-sea,time_mlp,gaussian_mixture,0.5200700044631958,0.013118324399173533,0.5165500044822693,0.009999990463256836,19.691456800699235,0.03341000722827999
diffusion_cosine_F,sde-sea,time_mlp,sir,0.5428100049495697,0.015668073590026227,0.5386749804019928,0.010549992322921753,20.450176439993083,0.09628780470311324
diffusion_cosine_F,sde-sea,time_mlp,gaussian_linear,0.5029949933290482,0.0025823904844757047,0.5025999844074249,0.002074986696243286,19.67985892035067,0.05917096892977418
diffusion_cosine_F,sde-sea,time_mlp,gaussian_linear_uniform,0.5041950047016144,0.00271086266005118,0.5038000047206879,0.002075016498565674,20.340013193152846,0.022903176358949985
diffusion_cosine_F,sde-sea,time_mlp,lotka_volterra,0.723895001411438,0.07037198273247453,0.7021499872207642,0.029949963092803955,19.23893353836611,0.015555652768394527
diffusion_cosine_F,sde-sea,time_mlp,slcp,0.6590699970722198,0.1093228879229995,0.5903249979019165,0.02912500500679016,19.952273331489415,0.022242458203084986
diffusion_cosine_F,sde-sea,time_mlp,two_moons,0.5098649978637695,0.005567139341470543,0.5102249979972839,0.005050003528594971,20.66845168992877,0.3247970838499704
diffusion_cosine_F,sde-sea,time_mlp,bernoulli_glm,0.5103100061416626,0.004524707217772489,0.5098250210285187,0.002925008535385132,19.66851917412132,0.017930846730226536
diffusion_cosine_F,sde-sea,time_mlp,slcp_distractors,0.6564400017261505,0.1004560008631302,0.6023250222206116,0.03657501935958862,20.258243212476373,0.09067680779447954
diffusion_cosine_F,sde-sea,time_mlp,bernoulli_glm_raw,0.5114099979400635,0.006938686960080494,0.5124250054359436,0.004074990749359131,19.687680897396056,0.03648358750047819
diffusion_cosine_v,sde-sea,mlp,gaussian_mixture,0.628549998998642,0.056144655095248214,0.6276499927043915,0.06522500514984131,12.629026051610708,0.013689422115341831
diffusion_cosine_v,sde-sea,mlp,sir,0.606819999217987,0.09110963597431342,0.563150018453598,0.037550002336502075,13.071226188074798,0.026489953745501987
diffusion_cosine_v,sde-sea,mlp,gaussian_linear,0.5035250067710877,0.003331692124942462,0.5020499974489212,0.001100003719329834,11.884622324816883,0.19156299643090263
diffusion_cosine_v,sde-sea,mlp,gaussian_linear_uniform,0.5051949948072434,0.0037400731639955043,0.504050001502037,0.003099992871284485,12.61578683136031,0.06811131890627327
diffusion_cosine_v,sde-sea,mlp,lotka_volterra,0.8566799998283386,0.056968271860387804,0.8546999990940094,0.0487000048160553,12.708645253628493,0.06539042326097146
diffusion_cosine_v,sde-sea,mlp,slcp,0.7190849959850312,0.09054284850179592,0.6870000064373016,0.05892500281333923,12.154779564868658,0.009914115945737765
diffusion_cosine_v,sde-sea,mlp,two_moons,0.5954399943351746,0.056035441174846115,0.5841250121593475,0.041999995708465576,12.90938239339739,0.0922411926194935
diffusion_cosine_v,sde-sea,mlp,bernoulli_glm,0.5683750033378601,0.0481560612196287,0.5718500018119812,0.05077502131462097,12.638946114573628,0.018446720480642588
diffusion_cosine_v,sde-sea,mlp,slcp_distractors,0.7795700073242188,0.08055652930150795,0.7522500157356262,0.05540001392364502,12.401343306526542,0.0490024127046427
diffusion_cosine_v,sde-sea,mlp,bernoulli_glm_raw,0.5528300046920777,0.030157792259866152,0.5532249808311462,0.030499964952468872,13.094163859449328,0.22118746312158571
diffusion_cosine_v,sde-sea,time_mlp,gaussian_mixture,0.5224449932575226,0.009669752030542255,0.5203000009059906,0.004450023174285889,20.7414149871096,0.583676599453193
diffusion_cosine_v,sde-sea,time_mlp,sir,0.5371449947357178,0.019756495539101998,0.5282000005245209,0.010625004768371582,20.64112228695303,0.2284978323433381
diffusion_cosine_v,sde-sea,time_mlp,gaussian_linear,0.502674999833107,0.0019637041894876818,0.5029000043869019,0.0015500038862228394,19.31306150369346,0.18471615807244476
diffusion_cosine_v,sde-sea,time_mlp,gaussian_linear_uniform,0.5027249991893769,0.001393424420047997,0.5031999945640564,0.0008250176906585693,19.756709566991777,0.034901848488361205
diffusion_cosine_v,sde-sea,time_mlp,lotka_volterra,0.7213650107383728,0.10224963568497496,0.682750016450882,0.039525002241134644,19.26000547753647,0.02238622306571204
diffusion_cosine_v,sde-sea,time_mlp,slcp,0.6433499932289124,0.10817843247269344,0.593874990940094,0.040124982595443726,18.934818321280183,0.12406266658202277
diffusion_cosine_v,sde-sea,time_mlp,two_moons,0.5036099940538407,0.0030620043558766672,0.5028750002384186,0.0008250176906585693,19.600006244145334,0.07092433920416112
diffusion_cosine_v,sde-sea,time_mlp,bernoulli_glm,0.5115850090980529,0.0056876137595799035,0.5114000141620636,0.00317499041557312,19.059856442175807,0.028345436471800177
diffusion_cosine_v,sde-sea,time_mlp,slcp_distractors,0.6297550022602081,0.09627703292607362,0.5740250051021576,0.024775028228759766,20.19164837934077,0.07631342338399202
diffusion_cosine_v,sde-sea,time_mlp,bernoulli_glm_raw,0.51317999958992,0.007800166449403619,0.5128999948501587,0.006675004959106445,20.658784225024284,0.544801108156135
diffusion_cosine_v_lw,sde-sea,mlp,gaussian_mixture,0.64477499127388,0.06105988349214122,0.637024998664856,0.046000003814697266,13.38671587863937,0.2001422083491496
diffusion_cosine_v_lw,sde-sea,mlp,sir,0.6088199973106384,0.0835491690714596,0.5617499947547913,0.019975006580352783,12.54648394472897,0.009117703989630816
diffusion_cosine_v_lw,sde-sea,mlp,gaussian_linear,0.503125,0.002292295488728294,0.5035749971866608,0.0025249868631362915,12.689143991004675,0.05879831037745642
diffusion_cosine_v_lw,sde-sea,mlp,gaussian_linear_uniform,0.504940003156662,0.0030535078550403554,0.504150003194809,0.0021750032901763916,12.468023442011326,0.006951211881374851
diffusion_cosine_v_lw,sde-sea,mlp,lotka_volterra,0.8713900029659272,0.045199903391695335,0.878250002861023,0.028449982404708862,12.472544702328742,0.02544480211700726
diffusion_cosine_v_lw,sde-sea,mlp,slcp,0.7319400131702423,0.10409088078645527,0.7145500183105469,0.06407499313354492,12.599756877776235,0.017462211708051855
diffusion_cosine_v_lw,sde-sea,mlp,two_moons,0.6045399963855743,0.05797360874218172,0.6068249940872192,0.056124985218048096,12.532348002120852,0.02076501762866704
diffusion_cosine_v_lw,sde-sea,mlp,bernoulli_glm,0.5699150025844574,0.04890694218383377,0.5642250180244446,0.05050000548362732,12.658112150989473,0.008451725583914008
diffusion_cosine_v_lw,sde-sea,mlp,slcp_distractors,0.7499799966812134,0.08725112476940274,0.7029999792575836,0.04502496123313904,12.425281522236764,0.021237781429610848
diffusion_cosine_v_lw,sde-sea,mlp,bernoulli_glm_raw,0.5542850017547607,0.027583412201386135,0.5484249889850616,0.021474987268447876,12.69369935495779,0.04330647577913758
diffusion_cosine_v_lw,sde-sea,time_mlp,gaussian_mixture,0.5257499873638153,0.013297723232816729,0.5229749977588654,0.00634998083114624,19.441510912775993,0.0916368961536764
diffusion_cosine_v_lw,sde-sea,time_mlp,sir,0.5439300119876862,0.020713860500794174,0.5425249934196472,0.015599995851516724,19.3607926171273,0.050769300785953826
diffusion_cosine_v_lw,sde-sea,time_mlp,gaussian_linear,0.5033249974250793,0.002087013518077172,0.5030750036239624,0.0012750029563903809,19.473700590617955,0.019867233884085442
diffusion_cosine_v_lw,sde-sea,time_mlp,gaussian_linear_uniform,0.5034699976444245,0.0030737772944918473,0.5022250115871429,0.0018250048160552979,20.336395583022387,0.2505833757623404
diffusion_cosine_v_lw,sde-sea,time_mlp,lotka_volterra,0.7103950023651123,0.08955925557780622,0.6793249845504761,0.027225017547607422,19.401142581552268,0.028724424368111078
diffusion_cosine_v_lw,sde-sea,time_mlp,slcp,0.646150004863739,0.10187931624562702,0.6172749996185303,0.06392499804496765,19.00501925079152,0.023731719749025687
diffusion_cosine_v_lw,sde-sea,time_mlp,two_moons,0.5113099932670593,0.007110722339623657,0.511599987745285,0.0046250224113464355,19.298960625194013,0.03383574653582007
diffusion_cosine_v_lw,sde-sea,time_mlp,bernoulli_glm,0.5120950043201447,0.006317370692194126,0.5087999999523163,0.0028249919414520264,19.097240078821777,0.0929572576225321
diffusion_cosine_v_lw,sde-sea,time_mlp,slcp_distractors,0.6477699995040893,0.10420932987068478,0.6114500164985657,0.07000002264976501,19.7278761302121,0.06295679723906583
diffusion_cosine_v_lw,sde-sea,time_mlp,bernoulli_glm_raw,0.5121650099754333,0.007489563932597244,0.5116000175476074,0.005349993705749512,19.199551889672875,0.021352942339727215
diffusion_cosine_noise,sde-sea,mlp,gaussian_mixture,0.6249700009822845,0.05706949586718414,0.6243750154972076,0.04629999399185181,12.430161930061876,0.018538909938937562
diffusion_cosine_noise,sde-sea,mlp,sir,0.609214985370636,0.08422023396128371,0.5822249948978424,0.040875017642974854,12.645750080794096,0.03352233399424581
diffusion_cosine_noise,sde-sea,mlp,gaussian_linear,0.5044000059366226,0.0032298645570060175,0.5032500177621841,0.0015499889850616455,12.708065233100205,0.01599835089324106
diffusion_cosine_noise,sde-sea,mlp,gaussian_linear_uniform,0.5058050066232681,0.0027428426222224243,0.5052500069141388,0.001524999737739563,12.60023761484772,0.013794398676934336
diffusion_cosine_noise,sde-sea,mlp,lotka_volterra,0.8690849900245666,0.052925634093658545,0.8616249859333038,0.05637499690055847,12.4962127472274,0.02626889479397148
diffusion_cosine_noise,sde-sea,mlp,slcp,0.7423749983310699,0.10080249467574494,0.7123250067234039,0.05955001711845398,13.28499683495611,0.5174903245793676
diffusion_cosine_noise,sde-sea,mlp,two_moons,0.575915002822876,0.046964031168131186,0.5674999952316284,0.036875009536743164,12.622669571451842,0.07640392051044295
diffusion_cosine_noise,sde-sea,mlp,bernoulli_glm,0.5554049968719482,0.03734780284420426,0.546224981546402,0.030174970626831055,12.465514991618694,0.02019905079248461
diffusion_cosine_noise,sde-sea,mlp,slcp_distractors,0.7787950038909912,0.07958704172583246,0.7509749829769135,0.051275014877319336,12.614011594746263,0.025786745528641575
diffusion_cosine_noise,sde-sea,mlp,bernoulli_glm_raw,0.5540800034999848,0.02828744315523358,0.5477000176906586,0.025574982166290283,12.866684897337109,0.01787325205668601
diffusion_cosine_noise,sde-sea,time_mlp,gaussian_mixture,0.5238650023937226,0.006928205146955871,0.5236999988555908,0.005524992942810059,19.25377930738032,0.04764961260830559
diffusion_cosine_noise,sde-sea,time_mlp,sir,0.5367399990558624,0.017237462973322373,0.5298250019550323,0.01132500171661377,19.0827387670055,0.055575775305569404
diffusion_cosine_noise,sde-sea,time_mlp,gaussian_linear,0.5023849964141845,0.0022668299155274587,0.5018750131130219,0.0014500021934509277,19.633999361284076,0.013576297542252726
diffusion_cosine_noise,sde-sea,time_mlp,gaussian_linear_uniform,0.5036750048398971,0.0023213409037532574,0.5037750005722046,0.001600012183189392,19.376982301473618,0.027828751047575657
diffusion_cosine_noise,sde-sea,time_mlp,lotka_volterra,0.706453162431717,0.10829043180247552,0.677949994802475,0.039318203926086426,19.211091828532517,0.1085694895173962
diffusion_cosine_noise,sde-sea,time_mlp,slcp,0.6449800074100495,0.08957697021015587,0.6169750094413757,0.049325019121170044,21.38937166146934,0.22768196882363415
diffusion_cosine_noise,sde-sea,time_mlp,two_moons,0.5073400020599366,0.0068979324537063865,0.5049000084400177,0.004475012421607971,19.34436005782336,0.05711767431734123
diffusion_cosine_noise,sde-sea,time_mlp,bernoulli_glm,0.5146750032901763,0.007338705214529078,0.5130750238895416,0.0057999491691589355,20.809816630836576,0.3261642430806284
diffusion_cosine_noise,sde-sea,time_mlp,slcp_distractors,0.6492199957370758,0.10603376339367157,0.6156750023365021,0.05597501993179321,19.586702427640557,0.01689313413692564
diffusion_cosine_noise,sde-sea,time_mlp,bernoulli_glm_raw,0.5213499963283539,0.008332517120283305,0.5213750004768372,0.005849987268447876,19.267994641326368,0.04414639087638798
diffusion_edm_vp,sde-shark,mlp,gaussian_mixture,0.6170899987220764,0.059550159506786465,0.6016499996185303,0.05037498474121094,24.034843427315355,0.020547524678137637
diffusion_edm_vp,sde-shark,mlp,sir,0.6102450072765351,0.08236364530082402,0.5693250000476837,0.02912500500679016,26.844834574125706,0.132050857985106
diffusion_edm_vp,sde-shark,mlp,gaussian_linear,0.5027099967002868,0.002406424687835603,0.5020250082015991,0.0010999888181686401,24.059962075576188,0.02344299074192735
diffusion_edm_vp,sde-shark,mlp,gaussian_linear_uniform,0.5045450061559678,0.004160742531918992,0.5026749968528748,0.002250000834465027,24.35045438306406,0.021210720238386577
diffusion_edm_vp,sde-shark,mlp,lotka_volterra,0.8499050080776215,0.05576821783927629,0.8642000257968903,0.06275001168251038,24.252925134170802,0.011042038068546266
diffusion_edm_vp,sde-shark,mlp,slcp,0.6961400091648102,0.09193469532510185,0.682625025510788,0.07652497291564941,23.841439376026393,0.02159128585215415
diffusion_edm_vp,sde-shark,mlp,two_moons,0.5629700034856796,0.04566995992006779,0.5588499903678894,0.043974995613098145,24.469316234625875,0.7149974505948813
diffusion_edm_vp,sde-shark,mlp,bernoulli_glm,0.5850100040435791,0.06284544046364424,0.5797500014305115,0.06337499618530273,24.174845642223953,0.5955881066866185
diffusion_edm_vp,sde-shark,mlp,slcp_distractors,0.720455002784729,0.0978725777604279,0.6887249946594238,0.05777499079704285,23.75599058093503,0.7909697904978629
diffusion_edm_vp,sde-shark,mlp,bernoulli_glm_raw,0.5598749935626983,0.03986999299622779,0.5535250008106232,0.03405001759529114,23.992607400845735,0.021998587455839737
diffusion_edm_vp,sde-shark,time_mlp,gaussian_mixture,0.5240000069141388,0.0076966212698081375,0.524150013923645,0.006475001573562622,36.955215922091156,0.2100438265191679
diffusion_edm_vp,sde-shark,time_mlp,sir,0.5287150084972382,0.017874194909653404,0.5228500068187714,0.013974994421005249,37.22580022374168,0.1498461654945954
diffusion_edm_vp,sde-shark,time_mlp,gaussian_linear,0.5030199974775315,0.0013746293749594476,0.5031499862670898,0.001100003719329834,38.92669296860695,0.11152324781017706
diffusion_edm_vp,sde-shark,time_mlp,gaussian_linear_uniform,0.5035499960184098,0.002347767888001883,0.502949982881546,0.0020000040531158447,37.04311557365581,0.18813713741003807
diffusion_edm_vp,sde-shark,time_mlp,lotka_volterra,0.7115599989891053,0.09636627655532426,0.6753750145435333,0.04607498645782471,37.53442422980443,0.13852096299775965
diffusion_edm_vp,sde-shark,time_mlp,slcp,0.6384350061416626,0.09695009134261652,0.6065750122070312,0.05932500958442688,36.65450878497213,0.08657653131922588
diffusion_edm_vp,sde-shark,time_mlp,two_moons,0.5139950037002563,0.0122969989369899,0.5079500079154968,0.004574984312057495,37.21601160382852,0.03166917694265116
diffusion_edm_vp,sde-shark,time_mlp,bernoulli_glm,0.5086999952793121,0.004513491091772952,0.507874995470047,0.004175007343292236,36.51652676127851,0.0381145060646587
diffusion_edm_vp,sde-shark,time_mlp,slcp_distractors,0.6410650014877319,0.08681460578270031,0.6280499994754791,0.08032497763633728,37.73986845370382,0.04016700559145663
diffusion_edm_vp,sde-shark,time_mlp,bernoulli_glm_raw,0.5131850004196167,0.007874356379352378,0.5134250223636627,0.005924999713897705,37.560210660472514,0.05493373838249552
diffusion_edm_vp_ema,sde-shark,mlp,gaussian_mixture,0.6292949914932251,0.05506173436795049,0.6202749907970428,0.04892498254776001,23.29198087202385,0.1487895005748481
diffusion_edm_vp_ema,sde-shark,mlp,sir,0.623769998550415,0.0823854810210342,0.5812250077724457,0.025624990463256836,24.019897090829907,0.048218726604608894
diffusion_edm_vp_ema,sde-shark,mlp,gaussian_linear,0.5019499957561493,0.0011791911604978767,0.5016000270843506,0.0008249878883361816,23.869098659791053,0.1269740445277632
diffusion_edm_vp_ema,sde-shark,mlp,gaussian_linear_uniform,0.5070749878883362,0.0026882309853998774,0.5058749914169312,0.001949995756149292,23.465877804346384,0.04439826828042947
diffusion_edm_vp_ema,sde-shark,mlp,lotka_volterra,0.863319993019104,0.06417821954868899,0.8887249827384949,0.037150025367736816,23.760094045475125,0.07394471907517108
diffusion_edm_vp_ema,sde-shark,mlp,slcp,0.690764993429184,0.10160483461168655,0.6460999846458435,0.029099971055984497,23.885964814200996,0.06378485024436951
diffusion_edm_vp_ema,sde-shark,mlp,two_moons,0.5589999943971634,0.048075288314671685,0.5599499940872192,0.04549999535083771,23.862801128532737,0.04072790355553428
diffusion_edm_vp_ema,sde-shark,mlp,bernoulli_glm,0.5891950070858002,0.0648903158669122,0.5840499997138977,0.06337499618530273,23.424897921271622,0.08666317994338182
diffusion_edm_vp_ema,sde-shark,mlp,slcp_distractors,0.7345900058746337,0.08555813524337583,0.6948250234127045,0.05764999985694885,23.64184646317735,0.022923514930779352
diffusion_edm_vp_ema,sde-shark,mlp,bernoulli_glm_raw,0.5527400016784668,0.034854263279015855,0.5552250146865845,0.03190001845359802,23.820862273313104,0.05154235347486687
diffusion_edm_vp_ema,sde-shark,time_mlp,gaussian_mixture,0.5294749975204468,0.007514722195356039,0.5281749963760376,0.004424989223480225,36.41624753279611,0.04941675676420172
diffusion_edm_vp_ema,sde-shark,time_mlp,sir,0.5326350033283234,0.017809479989032036,0.5350250005722046,0.01132500171661377,37.04420274551958,0.040132484926742006
diffusion_edm_vp_ema,sde-shark,time_mlp,gaussian_linear,0.5032299906015396,0.002679288998290544,0.5021499991416931,0.0016999989748001099,37.03496228288859,0.03865010648561138
diffusion_edm_vp_ema,sde-shark,time_mlp,gaussian_linear_uniform,0.5062200039625168,0.0015865362682827612,0.5064750164747238,0.0012750029563903809,36.1290292147547,0.013484438034746377
diffusion_edm_vp_ema,sde-shark,time_mlp,lotka_volterra,0.7012650012969971,0.08676375637058185,0.6579499840736389,0.03247499465942383,36.39371731150895,0.02627904831814716
diffusion_edm_vp_ema,sde-shark,time_mlp,slcp,0.6279599964618683,0.07390673064482722,0.606249988079071,0.03689998388290405,42.65137221235782,0.91175969799019
diffusion_edm_vp_ema,sde-shark,time_mlp,two_moons,0.510164999961853,0.007578943829399608,0.5106500089168549,0.006624996662139893,37.47839612653479,0.026227886991994857
diffusion_edm_vp_ema,sde-shark,time_mlp,bernoulli_glm,0.5124200046062469,0.008214837685466058,0.5117999911308289,0.005074977874755859,37.793616824410854,0.03550919687894788
diffusion_edm_vp_ema,sde-shark,time_mlp,slcp_distractors,0.649144995212555,0.09496428253029142,0.6069999933242798,0.06229999661445618,40.99491862216964,0.2809677092159211
diffusion_edm_vp_ema,sde-shark,time_mlp,bernoulli_glm_raw,0.5104700028896332,0.005705929327275406,0.5113499760627747,0.005700021982192993,36.93300028787926,0.04110891066423195
diffusion_edm_ve,sde-shark,mlp,gaussian_mixture,0.6870149970054626,0.08214711605407471,0.6781000196933746,0.07547503709793091,23.582056126277894,0.00892487683038249
diffusion_edm_ve,sde-shark,mlp,sir,0.6252250015735626,0.06255811960782338,0.6189999878406525,0.0406000018119812,24.132354937773197,0.022776071132663573
diffusion_edm_ve,sde-shark,mlp,gaussian_linear,0.734784996509552,0.01973146081835016,0.7328749895095825,0.01314997673034668,23.197401434741913,0.030335998118253795
diffusion_edm_ve,sde-shark,mlp,gaussian_linear_uniform,0.7074900031089782,0.02323864836573386,0.7147000133991241,0.019225001335144043,25.956183818913996,0.061618662890964515
diffusion_edm_ve,sde-shark,mlp,lotka_volterra,0.8663750052452087,0.056325360884828354,0.8808750212192535,0.02484998106956482,23.573454131372273,0.5565108716140366
diffusion_edm_ve,sde-shark,mlp,slcp,0.766210001707077,0.05459846533222706,0.7678250074386597,0.03624999523162842,23.29495992148295,0.022866658851890934
diffusion_edm_ve,sde-shark,mlp,two_moons,0.6225699961185456,0.06816385661975977,0.5905499756336212,0.031599998474121094,23.34038087623194,0.023917293993504094
diffusion_edm_ve,sde-shark,mlp,bernoulli_glm,0.7671350002288818,0.11605369861248416,0.7833499908447266,0.10197499394416809,23.71078105662018,0.042708876072951804
diffusion_edm_ve,sde-shark,mlp,slcp_distractors,0.7727100014686584,0.06165093025924108,0.7680999934673309,0.060100018978118896,23.775008264370264,0.10013798407287061
diffusion_edm_ve,sde-shark,mlp,bernoulli_glm_raw,0.7646050035953522,0.11467364320656864,0.7887250185012817,0.09217497706413269,24.269604512210936,0.17610526224544631
diffusion_edm_ve,sde-shark,time_mlp,gaussian_mixture,0.5781799912452698,0.02837413312518162,0.5705499947071075,0.019199997186660767,37.46241835113615,0.036278355005048564
diffusion_edm_ve,sde-shark,time_mlp,sir,0.5606000006198884,0.02745948829075087,0.5606249868869781,0.017075002193450928,40.86628601383418,0.39692282454186884
diffusion_edm_ve,sde-shark,time_mlp,gaussian_linear,0.7339800000190735,0.022260391520418973,0.7312749922275543,0.019649982452392578,40.57213634252548,0.3236830221824742
diffusion_edm_ve,sde-shark,time_mlp,gaussian_linear_uniform,0.6986000120639801,0.02510683901234231,0.7050500214099884,0.02022498846054077,36.748898821882904,0.0176400602131
diffusion_edm_ve,sde-shark,time_mlp,lotka_volterra,0.7000799953937531,0.08604069761011232,0.6911499798297882,0.06824997067451477,36.424209533818065,0.019620411262639602
diffusion_edm_ve,sde-shark,time_mlp,slcp,0.7435699939727783,0.04787722310167601,0.747299998998642,0.03804999589920044,37.18986921915784,0.03043907561281831
diffusion_edm_ve,sde-shark,time_mlp,two_moons,0.5901949942111969,0.05606406450856892,0.5811499953269958,0.029400020837783813,37.29986459817737,0.16407686581256786
diffusion_edm_ve,sde-shark,time_mlp,bernoulli_glm,0.6877799987792969,0.09116282765988287,0.6898249983787537,0.09347501397132874,37.47757577495649,0.03697068556765468
diffusion_edm_ve,sde-shark,time_mlp,slcp_distractors,0.7456499934196472,0.040820050672335545,0.7459999918937683,0.033924996852874756,37.10265508107841,0.03341702865631197
diffusion_edm_ve,sde-shark,time_mlp,bernoulli_glm_raw,0.6888999938964844,0.09345131483662591,0.690449982881546,0.08612498641014099,37.62912619197741,0.13763358729653902
diffusion_cosine_F,sde-shark,mlp,gaussian_mixture,0.6265700101852417,0.05840985353123767,0.6211250126361847,0.05500000715255737,24.687443759012968,0.010600790771161361
diffusion_cosine_F,sde-shark,mlp,sir,0.6194649934768677,0.07236733690035375,0.5819750130176544,0.017549991607666016,23.27735339803621,0.24978929190571947
diffusion_cosine_F,sde-shark,mlp,gaussian_linear,0.5037950068712235,0.0020010519653334414,0.5029500126838684,0.0014249980449676514,24.974482426419854,0.023412200820500738
diffusion_cosine_F,sde-shark,mlp,gaussian_linear_uniform,0.5039399951696396,0.002549689247659546,0.5038999915122986,0.001949995756149292,24.711149172857404,0.025384593975269362
diffusion_cosine_F,sde-shark,mlp,lotka_volterra,0.8572499990463257,0.06387813629633372,0.8605000078678131,0.05237498879432678,26.59912245888263,0.4776329287623522
diffusion_cosine_F,sde-shark,mlp,slcp,0.7459999978542328,0.08867229163689436,0.7354499995708466,0.08300000429153442,25.42549477238208,0.2100576890103325
diffusion_cosine_F,sde-shark,mlp,two_moons,0.5967400014400482,0.05506985939354474,0.5924499928951263,0.03635001182556152,25.232574270665644,0.13890771045023206
diffusion_cosine_F,sde-shark,mlp,bernoulli_glm,0.5686850130558014,0.05258169838925129,0.5679750144481659,0.05035001039505005,25.36998802125454,0.08816307486916858
diffusion_cosine_F,sde-shark,mlp,slcp_distractors,0.7831099927425385,0.08040324358147743,0.74652498960495,0.05245000123977661,25.72451830673963,0.030166244941102018
diffusion_cosine_F,sde-shark,mlp,bernoulli_glm_raw,0.5588599979877472,0.03190329600230182,0.559799998998642,0.03312498331069946,25.07672172440216,0.1374794540014664
diffusion_cosine_F,sde-shark,time_mlp,gaussian_mixture,0.5189649939537049,0.01388280508626461,0.5147749781608582,0.01132500171661377,38.27332257470116,0.04782113179657248
diffusion_cosine_F,sde-shark,time_mlp,sir,0.5376849889755249,0.01805244024054313,0.5359749794006348,0.015074998140335083,39.54986670976505,0.3425099136983512
diffusion_cosine_F,sde-shark,time_mlp,gaussian_linear,0.5057299971580506,0.0037494853552679135,0.5049499869346619,0.003375023603439331,38.30831648455933,0.072636293645244
diffusion_cosine_F,sde-shark,time_mlp,gaussian_linear_uniform,0.5037050068378448,0.00324194544584947,0.5023000091314316,0.0012500137090682983,39.59121665917337,0.050059245928068694
diffusion_cosine_F,sde-shark,time_mlp,lotka_volterra,0.7273050010204315,0.07264420636187807,0.6989000141620636,0.03637498617172241,37.4719958527945,0.011467581496921345
diffusion_cosine_F,sde-shark,time_mlp,slcp,0.6597599983215332,0.11008818792054259,0.599700003862381,0.05009999871253967,38.79440894462168,0.031070672218609163
diffusion_cosine_F,sde-shark,time_mlp,two_moons,0.507789996266365,0.006613880374261196,0.5054749846458435,0.003724992275238037,40.00632931664586,0.4468194228204568
diffusion_cosine_F,sde-shark,time_mlp,bernoulli_glm,0.5101900041103363,0.004773034953268198,0.5103749930858612,0.00415000319480896,38.294596592430025,0.05341284847516234
diffusion_cosine_F,sde-shark,time_mlp,slcp_distractors,0.6600099921226501,0.10091166580829271,0.6082749962806702,0.04465001821517944,39.4819609766826,0.16058622464584418
diffusion_cosine_F,sde-shark,time_mlp,bernoulli_glm_raw,0.513635003566742,0.006180204191235688,0.5143750011920929,0.0038250088691711426,38.25405766936019,0.07589220187246089
diffusion_cosine_v,sde-shark,mlp,gaussian_mixture,0.6253350019454956,0.0583112643526563,0.6228249967098236,0.06277498602867126,24.12328631868586,0.029716907372083216
diffusion_cosine_v,sde-shark,mlp,sir,0.6111599981784821,0.08240662938229888,0.5659999847412109,0.023699969053268433,24.90233106650412,0.07584163481836058
diffusion_cosine_v,sde-shark,mlp,gaussian_linear,0.5033349990844727,0.002008490870541766,0.503925010561943,0.001749977469444275,22.83220236832276,0.3632725243554422
diffusion_cosine_v,sde-shark,mlp,gaussian_linear_uniform,0.5047300010919571,0.002698989431505842,0.5039499998092651,0.0017749965190887451,24.159083292074502,0.1289367312294116
diffusion_cosine_v,sde-shark,mlp,lotka_volterra,0.8611249983310699,0.05332265797679242,0.8594500124454498,0.04644998908042908,24.24634053148329,0.08999037316318184
diffusion_cosine_v,sde-shark,mlp,slcp,0.7222850024700165,0.09004635394719548,0.692300021648407,0.058600008487701416,23.246856721211223,0.018003933626449142
diffusion_cosine_v,sde-shark,mlp,two_moons,0.5953850030899048,0.05469902454287344,0.5880250036716461,0.05210000276565552,24.892714492045343,0.5935991463365244
diffusion_cosine_v,sde-shark,mlp,bernoulli_glm,0.569885003566742,0.049695352365890004,0.5667000114917755,0.04709997773170471,24.167035334184767,0.047560535176808194
diffusion_cosine_v,sde-shark,mlp,slcp_distractors,0.7787899971008301,0.07966673622216619,0.745974987745285,0.05419999361038208,23.677506485581397,0.04865980716699048
diffusion_cosine_v,sde-shark,mlp,bernoulli_glm_raw,0.5563899874687195,0.03389858454628231,0.5505499839782715,0.02884998917579651,24.95114855635911,0.37007267325208726
diffusion_cosine_v,sde-shark,time_mlp,gaussian_mixture,0.5191150009632111,0.011096280071469252,0.5168250203132629,0.006024986505508423,40.41208564769477,1.3145371911669899
diffusion_cosine_v,sde-shark,time_mlp,sir,0.534925001859665,0.02041753396365529,0.5239000022411346,0.004724979400634766,39.74035517498851,0.26952598236881353
diffusion_cosine_v,sde-shark,time_mlp,gaussian_linear,0.5022849947214126,0.00201953179035057,0.5015999972820282,0.0012000054121017456,37.71004605740309,0.27492451007004554
diffusion_cosine_v,sde-shark,time_mlp,gaussian_linear_uniform,0.5036049991846084,0.002248939856622634,0.5034749954938889,0.0017749816179275513,38.48515680534765,0.02971091961524064
diffusion_cosine_v,sde-shark,time_mlp,lotka_volterra,0.7303850054740906,0.09827544083916352,0.6991000175476074,0.0587250292301178,37.431117745768276,0.04681119390406075
diffusion_cosine_v,sde-shark,time_mlp,slcp,0.6457099914550781,0.11002242610140008,0.590925008058548,0.031650006771087646,36.799622680805626,0.16530705506627733
diffusion_cosine_v,sde-shark,time_mlp,two_moons,0.5056299984455108,0.005834562551825536,0.5033250004053116,0.0014749914407730103,38.04517822125926,0.1256246072039952
diffusion_cosine_v,sde-shark,time_mlp,bernoulli_glm,0.5107050001621246,0.0053119851606625605,0.5100750029087067,0.004949986934661865,37.04909203462303,0.020152307603316454
diffusion_cosine_v,sde-shark,time_mlp,slcp_distractors,0.6295750081539154,0.09592242614259514,0.5711250007152557,0.019524991512298584,39.19233273668215,0.11485935916680469
diffusion_cosine_v,sde-shark,time_mlp,bernoulli_glm_raw,0.5132849931716919,0.0040003787168883115,0.5140499770641327,0.0024250149726867676,40.11908749081194,0.9315040948630712
diffusion_cosine_v_lw,sde-shark,mlp,gaussian_mixture,0.6410799920558929,0.06037099090468098,0.6308249831199646,0.04257500171661377,25.497133845463395,0.2760815687618354
diffusion_cosine_v_lw,sde-shark,mlp,sir,0.6150850057601929,0.07752320469994428,0.576200008392334,0.025375008583068848,24.0323356336914,0.016867632890504962
diffusion_cosine_v_lw,sde-shark,mlp,gaussian_linear,0.5029499948024749,0.0021255586270375972,0.5023249983787537,0.0010499954223632812,24.252277929428963,0.13585531115781918
diffusion_cosine_v_lw,sde-shark,mlp,gaussian_linear_uniform,0.5058700025081635,0.004322113522567916,0.5045749843120575,0.0024749934673309326,23.860757315531373,0.016679437144811435
diffusion_cosine_v_lw,sde-shark,mlp,lotka_volterra,0.8751149952411652,0.043155595396900344,0.8777250051498413,0.02997499704360962,23.865081551205368,0.022401870738115618
diffusion_cosine_v_lw,sde-shark,mlp,slcp,0.7306100010871888,0.1053817255589964,0.7153750061988831,0.06872498989105225,24.15819543339312,0.04977786586624481
diffusion_cosine_v_lw,sde-shark,mlp,two_moons,0.6100600004196167,0.05026228771566338,0.6083250045776367,0.047374993562698364,23.987660572119058,0.0363050234400243
diffusion_cosine_v_lw,sde-shark,mlp,bernoulli_glm,0.572029995918274,0.04562602546384704,0.5720749795436859,0.047600001096725464,24.21312782065943,0.022629936112609484
diffusion_cosine_v_lw,sde-shark,mlp,slcp_distractors,0.7528350055217743,0.08724058378819269,0.7022500038146973,0.03795000910758972,23.793791928887366,0.02896794388147331
diffusion_cosine_v_lw,sde-shark,mlp,bernoulli_glm_raw,0.5516649842262268,0.02589684379636986,0.5415999889373779,0.021174997091293335,24.338338357117028,0.08962033376839677
diffusion_cosine_v_lw,sde-shark,time_mlp,gaussian_mixture,0.5231949985027313,0.013939401780842232,0.5208500027656555,0.0031999945640563965,37.86652838997543,0.10933138850540483
diffusion_cosine_v_lw,sde-shark,time_mlp,sir,0.5369549989700317,0.019003836564727532,0.5326749980449677,0.013624995946884155,37.639891530852765,0.057479023277557335
diffusion_cosine_v_lw,sde-shark,time_mlp,gaussian_linear,0.5030350029468537,0.0023298192756143706,0.5029500126838684,0.0012249946594238281,37.815130923409015,0.058081423936742684
diffusion_cosine_v_lw,sde-shark,time_mlp,gaussian_linear_uniform,0.5034600079059601,0.0025202043128324963,0.5027500092983246,0.0014500021934509277,39.356397707387806,0.37736488487021297
diffusion_cosine_v_lw,sde-shark,time_mlp,lotka_volterra,0.7227949976921082,0.08539198928234373,0.696150004863739,0.031875014305114746,37.69622657783329,0.04636954316659922
diffusion_cosine_v_lw,sde-shark,time_mlp,slcp,0.6500750064849854,0.10399815944677171,0.6156750023365021,0.06407499313354492,36.95446119718254,0.02389269685305878
diffusion_cosine_v_lw,sde-shark,time_mlp,two_moons,0.5095800042152405,0.005097212830055639,0.5096250176429749,0.0040499866008758545,37.56105400752276,0.026310314477875515
diffusion_cosine_v_lw,sde-shark,time_mlp,bernoulli_glm,0.510945001244545,0.00780686752634132,0.510574996471405,0.007200002670288086,37.188043562881646,0.18745139732827
diffusion_cosine_v_lw,sde-shark,time_mlp,slcp_distractors,0.6484599888324738,0.1046258448271682,0.610524982213974,0.06602498888969421,38.451079135667534,0.14061897093198827
diffusion_cosine_v_lw,sde-shark,time_mlp,bernoulli_glm_raw,0.5115100085735321,0.005533426411687797,0.5122500061988831,0.005124986171722412,37.27330051232129,0.10552321807695594
diffusion_cosine_noise,sde-shark,mlp,gaussian_mixture,0.6257349908351898,0.05623417713179372,0.6252749860286713,0.04409998655319214,23.749458846170455,0.026282848079430533
diffusion_cosine_noise,sde-shark,mlp,sir,0.6152350008487701,0.0780638023218445,0.5831249952316284,0.02792498469352722,24.159508341085164,0.1220609037191649
diffusion_cosine_noise,sde-shark,mlp,gaussian_linear,0.5031900078058242,0.0021611107536329876,0.502700001001358,0.001324981451034546,24.311225798446685,0.03010270818319091
diffusion_cosine_noise,sde-shark,mlp,gaussian_linear_uniform,0.502020001411438,0.0014639348253223546,0.5016500055789948,0.0009999871253967285,24.159661385044455,0.011092399722870317
diffusion_cosine_noise,sde-shark,mlp,lotka_volterra,0.8716400027275085,0.05147645687632507,0.8617749810218811,0.04892498254776001,23.946068486757575,0.01686185124087395
diffusion_cosine_noise,sde-shark,mlp,slcp,0.7432100057601929,0.1008851031861624,0.7095499932765961,0.05557498335838318,25.742574994359167,0.6704541637744681
diffusion_cosine_noise,sde-shark,mlp,two_moons,0.5808299958705903,0.046066309397406816,0.5714250206947327,0.03810003399848938,24.041108779236673,0.09650459283956604
diffusion_cosine_noise,sde-shark,mlp,bernoulli_glm,0.556425005197525,0.04125103986461184,0.5539250075817108,0.040650010108947754,23.821637310832738,0.03422169691992398
diffusion_cosine_noise,sde-shark,mlp,slcp_distractors,0.7819850087165833,0.07637615457000323,0.7514500021934509,0.048200011253356934,24.10513503178954,0.01445663235058057
diffusion_cosine_noise,sde-shark,mlp,bernoulli_glm_raw,0.5538199961185455,0.03066662615592305,0.5476499795913696,0.03145000338554382,24.589654053095728,0.026792515788849818
diffusion_cosine_noise,sde-shark,time_mlp,gaussian_mixture,0.521224993467331,0.009521961677275675,0.520924985408783,0.005674988031387329,37.05987743828446,0.9805414164279607
diffusion_cosine_noise,sde-shark,time_mlp,sir,0.533855003118515,0.0166674339644605,0.5332249999046326,0.011949986219406128,37.14313553227112,0.12892772660499538
diffusion_cosine_noise,sde-shark,time_mlp,gaussian_linear,0.5028450012207031,0.0017889113537975536,0.5024999976158142,0.0012499988079071045,38.19249481912702,0.03068551086164052
diffusion_cosine_noise,sde-shark,time_mlp,gaussian_linear_uniform,0.5029049992561341,0.003020218877092145,0.5021499991416931,0.001699984073638916,37.64239326613024,0.031511269488235794
diffusion_cosine_noise,sde-shark,time_mlp,lotka_volterra,0.7166049957275391,0.10458896118211855,0.6959500014781952,0.04234999418258667,37.373893219791356,0.16094801273614406
diffusion_cosine_noise,sde-shark,time_mlp,slcp,0.643845009803772,0.093317898109558,0.6145500242710114,0.053975045680999756,41.40615679640323,0.18483667377867644
diffusion_cosine_noise,sde-shark,time_mlp,two_moons,0.5069700002670288,0.0061849855815376475,0.507625013589859,0.005349993705749512,37.667460644897076,0.2080160386375632
diffusion_cosine_noise,sde-shark,time_mlp,bernoulli_glm,0.5111350059509278,0.005323587306140996,0.5103749930858612,0.004875004291534424,40.30240647625178,0.376687749930668
diffusion_cosine_noise,sde-shark,time_mlp,slcp_distractors,0.6523049890995025,0.10690630698321762,0.6171249747276306,0.05579999089241028,38.123969428427515,0.02605235455355256
diffusion_cosine_noise,sde-shark,time_mlp,bernoulli_glm_raw,0.517879992723465,0.006039254296386837,0.5177499949932098,0.0038749873638153076,37.43829752737656,0.05135300005033282
diffusion_edm_vp,sde-two_step-adaptive,mlp,gaussian_mixture,0.6165100038051605,0.059211376363678736,0.6035999953746796,0.05149999260902405,5.595659880898893,0.4440968646943305
diffusion_edm_vp,sde-two_step-adaptive,mlp,sir,0.6103000044822693,0.08127500557252164,0.5671750009059906,0.023524999618530273,6.41157964784652,0.3231380974820664
diffusion_edm_vp,sde-two_step-adaptive,mlp,gaussian_linear,0.501935002207756,0.001397153114076342,0.5016500055789948,0.0010000020265579224,4.367242103721947,0.12212295137776662
diffusion_edm_vp,sde-two_step-adaptive,mlp,gaussian_linear_uniform,0.5054699957370759,0.0036155466162926773,0.5048249959945679,0.002375006675720215,4.993393963947892,0.14009722884168727
diffusion_edm_vp,sde-two_step-adaptive,mlp,lotka_volterra,0.8478650033473969,0.055439510689685646,0.8604249954223633,0.06252500414848328,6.196635158639401,0.3263733403710922
diffusion_edm_vp,sde-two_step-adaptive,mlp,slcp,0.6977150022983551,0.09179382980557409,0.6877250075340271,0.06962499022483826,6.8880092821083965,0.6194971801965072
diffusion_edm_vp,sde-two_step-adaptive,mlp,two_moons,0.5628000020980835,0.0489009137548434,0.5576499998569489,0.046075016260147095,6.348368866369128,1.0854323437282853
diffusion_edm_vp,sde-two_step-adaptive,mlp,bernoulli_glm,0.5848749995231628,0.061100284810122446,0.5806750059127808,0.058225005865097046,5.584576388262212,0.22857940808384566
diffusion_edm_vp,sde-two_step-adaptive,mlp,slcp_distractors,0.7185949921607971,0.09814234968527638,0.6908749938011169,0.060124993324279785,6.370010945107788,0.6309395325034788
diffusion_edm_vp,sde-two_step-adaptive,mlp,bernoulli_glm_raw,0.5591449975967407,0.03751669912036056,0.5558499991893768,0.03842499852180481,5.49390909653157,0.15189304228885087
diffusion_edm_vp,sde-two_step-adaptive,time_mlp,gaussian_mixture,0.5234949946403503,0.007652539132260669,0.5229249894618988,0.007200002670288086,8.686577073018999,0.6567532363770565
diffusion_edm_vp,sde-two_step-adaptive,time_mlp,sir,0.5296299874782562,0.01837642828520821,0.5232249796390533,0.014449983835220337,9.077597845438868,0.40327167937657304
diffusion_edm_vp,sde-two_step-adaptive,time_mlp,gaussian_linear,0.5037350088357926,0.0026909256883081234,0.5032000243663788,0.0027750134468078613,7.280853723734618,0.15437646379915052
diffusion_edm_vp,sde-two_step-adaptive,time_mlp,gaussian_linear_uniform,0.5034200012683868,0.0026874864901904123,0.5027750134468079,0.0017000138759613037,7.94739193757996,0.12077036358927574
diffusion_edm_vp,sde-two_step-adaptive,time_mlp,lotka_volterra,0.7132849991321564,0.09478586206512579,0.6732999980449677,0.0452750027179718,9.653592428006231,0.3679495884186896
diffusion_edm_vp,sde-two_step-adaptive,time_mlp,slcp,0.6381499946117402,0.09735700329522726,0.6069749891757965,0.06389999389648438,10.932772566191852,1.031871218189388
diffusion_edm_vp,sde-two_step-adaptive,time_mlp,two_moons,0.5131000101566314,0.009797601136045764,0.5100000202655792,0.0014999806880950928,9.65342501429841,1.1454543120099918
diffusion_edm_vp,sde-two_step-adaptive,time_mlp,bernoulli_glm,0.5095300018787384,0.006484062582531972,0.5074999928474426,0.0040000081062316895,8.479680357687176,0.2232743549807252
diffusion_edm_vp,sde-two_step-adaptive,time_mlp,slcp_distractors,0.6419849932193756,0.08332725779122832,0.6325249969959259,0.08287501335144043,11.176769902184606,1.1202218991460542
diffusion_edm_vp,sde-two_step-adaptive,time_mlp,bernoulli_glm_raw,0.5116200029850007,0.0073149260162770026,0.5106500089168549,0.007025003433227539,8.647826082352548,0.24536698534918472
diffusion_edm_vp_ema,sde-two_step-adaptive,mlp,gaussian_mixture,0.627775001525879,0.05619234816295302,0.6153500080108643,0.042300015687942505,5.434394071344286,0.492787726399194
diffusion_edm_vp_ema,sde-two_step-adaptive,mlp,sir,0.6243950068950653,0.0829838033226296,0.583950012922287,0.02852499485015869,5.680126157030463,0.2598799367571575
diffusion_edm_vp_ema,sde-two_step-adaptive,mlp,gaussian_linear,0.5031149923801422,0.0011736837677668705,0.5030249953269958,0.0007999837398529053,4.317643211223185,0.10863673916461457
diffusion_edm_vp_ema,sde-two_step-adaptive,mlp,gaussian_linear_uniform,0.505854994058609,0.0028815279497920307,0.506074994802475,0.0028499960899353027,4.821746063325554,0.1543285019374015
diffusion_edm_vp_ema,sde-two_step-adaptive,mlp,lotka_volterra,0.8612800061702728,0.06522226367462579,0.8893250226974487,0.034474968910217285,5.942274588625878,0.24568336278908925
diffusion_edm_vp_ema,sde-two_step-adaptive,mlp,slcp,0.6894050061702728,0.10298635591513022,0.6409500241279602,0.027575016021728516,6.670465551875532,0.5775368855559113
diffusion_edm_vp_ema,sde-two_step-adaptive,mlp,two_moons,0.5584450006484986,0.0492212973320917,0.5548500120639801,0.048949986696243286,6.046432808134705,0.6785764957111844
diffusion_edm_vp_ema,sde-two_step-adaptive,mlp,bernoulli_glm,0.5846849858760834,0.06161231687920825,0.5870749950408936,0.06464999914169312,5.362744036503136,0.14327127368234885
diffusion_edm_vp_ema,sde-two_step-adaptive,mlp,slcp_distractors,0.7310000002384186,0.08613930992235715,0.6941249966621399,0.05992498993873596,6.469293938856572,0.49820630750536765
diffusion_edm_vp_ema,sde-two_step-adaptive,mlp,bernoulli_glm_raw,0.5585150003433228,0.03984183705664191,0.5536249876022339,0.037699997425079346,5.4872325828298925,0.1315371831917414
diffusion_edm_vp_ema,sde-two_step-adaptive,time_mlp,gaussian_mixture,0.5272199988365174,0.007151262466954163,0.52674999833107,0.0038499832153320312,8.607584514096379,0.7209556864184321
diffusion_edm_vp_ema,sde-two_step-adaptive,time_mlp,sir,0.534535002708435,0.01690201041274625,0.536175012588501,0.008100003004074097,8.962989877909422,0.42332190747243287
diffusion_edm_vp_ema,sde-two_step-adaptive,time_mlp,gaussian_linear,0.5033999949693679,0.0021772740658972628,0.5027999877929688,0.0015999972820281982,6.9190568592399355,0.11268436468758274
diffusion_edm_vp_ema,sde-two_step-adaptive,time_mlp,gaussian_linear_uniform,0.5054349929094315,0.0030620213626641898,0.5049500018358231,0.002299979329109192,7.731052394490689,0.15674139214496036
diffusion_edm_vp_ema,sde-two_step-adaptive,time_mlp,lotka_volterra,0.700929993391037,0.08596340564843508,0.6601249873638153,0.0314750075340271,9.40630215248093,0.3357061019983422
diffusion_edm_vp_ema,sde-two_step-adaptive,time_mlp,slcp,0.6275650024414062,0.07297319754497751,0.6015500128269196,0.03420001268386841,12.899504341743887,1.6707464132247103
diffusion_edm_vp_ema,sde-two_step-adaptive,time_mlp,two_moons,0.5072500020265579,0.004924947118501777,0.5065999925136566,0.005350008606910706,9.441662736143916,0.8768022567112158
diffusion_edm_vp_ema,sde-two_step-adaptive,time_mlp,bernoulli_glm,0.5133299887180328,0.005977506376014039,0.5126999914646149,0.004675000905990601,8.791165050677956,0.24772306753592993
diffusion_edm_vp_ema,sde-two_step-adaptive,time_mlp,slcp_distractors,0.6480949938297271,0.09432042949591112,0.6053999960422516,0.056724995374679565,12.495427048206329,1.2027237118037815
diffusion_edm_vp_ema,sde-two_step-adaptive,time_mlp,bernoulli_glm_raw,0.5111349999904633,0.004854388487614701,0.509975016117096,0.004700034856796265,8.545805198792369,0.21891359389497606
diffusion_edm_ve,sde-two_step-adaptive,mlp,gaussian_mixture,0.6871050059795379,0.08146938679520721,0.6815750002861023,0.07502499222755432,5.653502734564245,0.4640185625941396
diffusion_edm_ve,sde-two_step-adaptive,mlp,sir,0.6234400033950805,0.06354890713200574,0.6179749965667725,0.04394999146461487,5.8315754068084065,0.309137270438277
diffusion_edm_ve,sde-two_step-adaptive,mlp,gaussian_linear,0.7323350012302399,0.02281886988473234,0.7319499850273132,0.011274993419647217,4.608972367085516,0.13117049564769362
diffusion_edm_ve,sde-two_step-adaptive,mlp,gaussian_linear_uniform,0.7102249920368194,0.025416801304397354,0.712149977684021,0.019275009632110596,5.72403400670737,0.13840700317534632
diffusion_edm_ve,sde-two_step-adaptive,mlp,lotka_volterra,0.8664849996566772,0.05698091227377846,0.8837499916553497,0.023224979639053345,6.117026056628674,0.3891949102320411
diffusion_edm_ve,sde-two_step-adaptive,mlp,slcp,0.7675400078296661,0.05615603017840521,0.7759250104427338,0.03470000624656677,6.353736245911568,0.5065442412218608
diffusion_edm_ve,sde-two_step-adaptive,mlp,two_moons,0.6218400001525879,0.06866047541427453,0.5900000035762787,0.0268000066280365,6.059412674792111,0.45707135343068983
diffusion_edm_ve,sde-two_step-adaptive,mlp,bernoulli_glm,0.7681650042533874,0.11440193469840322,0.7835000157356262,0.10007500648498535,5.6127222705632445,0.15695192007854253
diffusion_edm_ve,sde-two_step-adaptive,mlp,slcp_distractors,0.7716850101947784,0.06004180511538161,0.7683500051498413,0.05789998173713684,6.315216650441289,0.4413175233029385
diffusion_edm_ve,sde-two_step-adaptive,mlp,bernoulli_glm_raw,0.7639449954032898,0.11454034888557733,0.7882000207901001,0.08969998359680176,5.747479704022408,0.18384129007524927
diffusion_edm_ve,sde-two_step-adaptive,time_mlp,gaussian_mixture,0.5784850001335144,0.030250352485458605,0.568574994802475,0.018249988555908203,9.131247405335307,0.605366796111071
diffusion_edm_ve,sde-two_step-adaptive,time_mlp,sir,0.5608699917793274,0.02602000075766375,0.5622249841690063,0.019225001335144043,10.232321723923087,0.42190366126378487
diffusion_edm_ve,sde-two_step-adaptive,time_mlp,gaussian_linear,0.7356750011444092,0.023839379919548372,0.7327750027179718,0.011725008487701416,8.558670141454787,0.30666539083032
diffusion_edm_ve,sde-two_step-adaptive,time_mlp,gaussian_linear_uniform,0.6988499999046326,0.024423222987606914,0.7032749950885773,0.01780000329017639,8.354910702258348,0.18338658975510008
diffusion_edm_ve,sde-two_step-adaptive,time_mlp,lotka_volterra,0.7010299980640411,0.0856462849958721,0.6841999888420105,0.057874977588653564,9.62895028302446,0.3874069996939359
diffusion_edm_ve,sde-two_step-adaptive,time_mlp,slcp,0.7437149941921234,0.048580904023613605,0.7523750066757202,0.04002499580383301,10.936668018903584,0.8687940094940134
diffusion_edm_ve,sde-two_step-adaptive,time_mlp,two_moons,0.5908050000667572,0.05288262751113524,0.5863499939441681,0.03357499837875366,9.990289503335953,1.017118957176948
diffusion_edm_ve,sde-two_step-adaptive,time_mlp,bernoulli_glm,0.6898600041866303,0.09357537345838614,0.6967000067234039,0.09395000338554382,9.074004254769534,0.19277826344314805
diffusion_edm_ve,sde-two_step-adaptive,time_mlp,slcp_distractors,0.7458450019359588,0.041124748504301374,0.7439749836921692,0.032799988985061646,10.925965114217252,0.7957663788464358
diffusion_edm_ve,sde-two_step-adaptive,time_mlp,bernoulli_glm_raw,0.6864500045776367,0.09215222500280139,0.6875500082969666,0.08760002255439758,9.103086113184691,0.1308669654734226
diffusion_cosine_F,sde-two_step-adaptive,mlp,gaussian_mixture,0.6281800031661987,0.059346028500885,0.6248500049114227,0.06357499957084656,6.477945703454315,0.5935468529001264
diffusion_cosine_F,sde-two_step-adaptive,mlp,sir,0.6222100019454956,0.07480908765099126,0.5815750062465668,0.011449992656707764,6.4387009521946315,0.33900672371499335
diffusion_cosine_F,sde-two_step-adaptive,mlp,gaussian_linear,0.5026800006628036,0.001153080245412018,0.5029250085353851,0.0005750060081481934,5.454149003140628,0.18118241800913776
diffusion_cosine_F,sde-two_step-adaptive,mlp,gaussian_linear_uniform,0.5046449959278106,0.003011425304218446,0.5044749975204468,0.002124994993209839,5.902537976205349,0.12166771224620437
diffusion_cosine_F,sde-two_step-adaptive,mlp,lotka_volterra,0.8556250035762787,0.06613818882570546,0.8629249930381775,0.05410000681877136,7.732496214751154,0.3923145623927924
diffusion_cosine_F,sde-two_step-adaptive,mlp,slcp,0.7443300008773803,0.09020425300242949,0.7365750074386597,0.08680000901222229,7.779456439055503,0.5657644874517096
diffusion_cosine_F,sde-two_step-adaptive,mlp,two_moons,0.5978549957275391,0.052497836861875966,0.5880749821662903,0.03622499108314514,7.516994169633835,0.6937069452185746
diffusion_cosine_F,sde-two_step-adaptive,mlp,bernoulli_glm,0.5733400046825409,0.04942009279123372,0.5703000128269196,0.048575013875961304,6.644475748296827,0.2496778724540678
diffusion_cosine_F,sde-two_step-adaptive,mlp,slcp_distractors,0.7826799988746643,0.078767777903948,0.7492499947547913,0.055900007486343384,7.758953432459384,0.7139477162007308
diffusion_cosine_F,sde-two_step-adaptive,mlp,bernoulli_glm_raw,0.5587350070476532,0.03399241302651718,0.5617749989032745,0.0354749858379364,6.542381503526121,0.18543496967507148
diffusion_cosine_F,sde-two_step-adaptive,time_mlp,gaussian_mixture,0.5224699914455414,0.012273696886442127,0.5179249942302704,0.009750008583068848,10.536666979733855,0.8514745798728959
diffusion_cosine_F,sde-two_step-adaptive,time_mlp,sir,0.5380899965763092,0.021429819254117233,0.5327499806880951,0.023225009441375732,11.183282573055475,0.5503626128667191
diffusion_cosine_F,sde-two_step-adaptive,time_mlp,gaussian_linear,0.5029100030660629,0.0015620252018705711,0.5030499994754791,0.0012000203132629395,8.544889916852117,0.17119093649708464
diffusion_cosine_F,sde-two_step-adaptive,time_mlp,gaussian_linear_uniform,0.5045100063085556,0.003908700286480692,0.5035249888896942,0.0027249902486801147,9.668414409272373,0.23855242457257286
diffusion_cosine_F,sde-two_step-adaptive,time_mlp,lotka_volterra,0.727779996395111,0.0704610360844841,0.7020500004291534,0.030774980783462524,11.175547758489847,0.47321191207051944
diffusion_cosine_F,sde-two_step-adaptive,time_mlp,slcp,0.6599950015544891,0.1123995415340994,0.5950500071048737,0.04210001230239868,13.041158696077764,1.084363303885703
diffusion_cosine_F,sde-two_step-adaptive,time_mlp,two_moons,0.5068599969148636,0.005879837467119993,0.5040999948978424,0.003849998116493225,12.078713007923216,1.0735478178183089
diffusion_cosine_F,sde-two_step-adaptive,time_mlp,bernoulli_glm,0.5101150035858154,0.007015514925561599,0.5086749792098999,0.005649954080581665,10.051405289955436,0.3339315908472835
diffusion_cosine_F,sde-two_step-adaptive,time_mlp,slcp_distractors,0.6587750017642975,0.10174177928128754,0.6058500111103058,0.04159998893737793,13.645938611589372,0.9160847319527661
diffusion_cosine_F,sde-two_step-adaptive,time_mlp,bernoulli_glm_raw,0.5122750014066696,0.007674647911795881,0.5119999945163727,0.005250006914138794,10.168085449840873,0.2859545983873142
diffusion_cosine_v,sde-two_step-adaptive,mlp,gaussian_mixture,0.6221300005912781,0.058739494822231356,0.6197749972343445,0.06522500514984131,6.475597258098423,0.6350994560379793
diffusion_cosine_v,sde-two_step-adaptive,mlp,sir,0.6095750033855438,0.08527852215401203,0.5677500069141388,0.02950000762939453,6.904104205965996,0.35219200750381396
diffusion_cosine_v,sde-two_step-adaptive,mlp,gaussian_linear,0.5029449999332428,0.002288498792017226,0.5024250000715256,0.0018500089645385742,4.9938123195432125,0.16729582822543562
diffusion_cosine_v,sde-two_step-adaptive,mlp,gaussian_linear_uniform,0.5053900003433227,0.0034093123900504965,0.504600003361702,0.003375023603439331,5.805440330691636,0.18906969767044082
diffusion_cosine_v,sde-two_step-adaptive,mlp,lotka_volterra,0.8588850021362304,0.05513100227159306,0.856124997138977,0.04807502031326294,6.978584481216967,0.34677291720082587
diffusion_cosine_v,sde-two_step-adaptive,mlp,slcp,0.7178499937057495,0.09158324848375904,0.6891500055789948,0.05772501230239868,7.320336173567921,0.6048355476683922
diffusion_cosine_v,sde-two_step-adaptive,mlp,two_moons,0.5937799990177155,0.05611828108136995,0.5875249803066254,0.054099977016448975,7.244080956652761,0.5837109521449333
diffusion_cosine_v,sde-two_step-adaptive,mlp,bernoulli_glm,0.5676100015640259,0.04759727311093167,0.5670499801635742,0.04580000042915344,6.27671634554863,0.18710434927204922
diffusion_cosine_v,sde-two_step-adaptive,mlp,slcp_distractors,0.7781200051307678,0.0814510815572657,0.7494499981403351,0.05660000443458557,7.293363572657109,0.42945410367087944
diffusion_cosine_v,sde-two_step-adaptive,mlp,bernoulli_glm_raw,0.5555199980735779,0.03228398121897016,0.5528500080108643,0.030675023794174194,6.512466669734567,0.266802270655482
diffusion_cosine_v,sde-two_step-adaptive,time_mlp,gaussian_mixture,0.5218949973583221,0.014756356336864222,0.5169999897480011,0.0051499903202056885,11.022036064974964,1.0091243818868953
diffusion_cosine_v,sde-two_step-adaptive,time_mlp,sir,0.5390999972820282,0.020125250217098375,0.5324499905109406,0.015899986028671265,11.452641621325165,0.5307142101713628
diffusion_cosine_v,sde-two_step-adaptive,time_mlp,gaussian_linear,0.5030999988317489,0.002380021696250893,0.502575010061264,0.0018000006675720215,8.451362581923604,0.2237533001380742
diffusion_cosine_v,sde-two_step-adaptive,time_mlp,gaussian_linear_uniform,0.5013050019741059,0.0010664105409514167,0.5010000169277191,0.0005250275135040283,9.377309345453977,0.13477619659370993
diffusion_cosine_v,sde-two_step-adaptive,time_mlp,lotka_volterra,0.7308799982070923,0.09804371923872462,0.7027249932289124,0.06047499179840088,11.050032120756805,0.49739361523298126
diffusion_cosine_v,sde-two_step-adaptive,time_mlp,slcp,0.645660001039505,0.11082199958936399,0.5908249914646149,0.03737500309944153,12.468072189949453,0.7302239545405296
diffusion_cosine_v,sde-two_step-adaptive,time_mlp,two_moons,0.5042849987745285,0.0024321857724033972,0.5039499998092651,0.001900002360343933,11.84990348117426,1.2580677023591238
diffusion_cosine_v,sde-two_step-adaptive,time_mlp,bernoulli_glm,0.5101900041103363,0.006812924030073105,0.5103499889373779,0.0031000077724456787,9.87341718254611,0.34285079284734016
diffusion_cosine_v,sde-two_step-adaptive,time_mlp,slcp_distractors,0.631499993801117,0.09749840864557083,0.5710499882698059,0.01707497239112854,13.740920431911945,1.1166793910271713
diffusion_cosine_v,sde-two_step-adaptive,time_mlp,bernoulli_glm_raw,0.5108500063419342,0.006330722827352763,0.5100000202655792,0.00437501072883606,10.677648176625372,0.5846806685963537
diffusion_cosine_v_lw,sde-two_step-adaptive,mlp,gaussian_mixture,0.6421499967575073,0.062327326076819727,0.6283749938011169,0.04115000367164612,6.907321361079812,0.6392087184997197
diffusion_cosine_v_lw,sde-two_step-adaptive,mlp,sir,0.6116400063037872,0.08078906078818217,0.569350004196167,0.02544999122619629,6.673253992572427,0.38873293137666914
diffusion_cosine_v_lw,sde-two_step-adaptive,mlp,gaussian_linear,0.501825001835823,0.0015962844776115262,0.5014500021934509,0.0010000020265579224,5.271876931656152,0.15524751350516602
diffusion_cosine_v_lw,sde-two_step-adaptive,mlp,gaussian_linear_uniform,0.5061850070953369,0.002644811129800668,0.5061500072479248,0.0020000040531158447,5.689413712639362,0.15743309306581565
diffusion_cosine_v_lw,sde-two_step-adaptive,mlp,lotka_volterra,0.8749750077724456,0.043386670875679746,0.8797999918460846,0.029750019311904907,6.955493530631065,0.2170627808874143
diffusion_cosine_v_lw,sde-two_step-adaptive,mlp,slcp,0.7310649931430817,0.10376174397298457,0.7177999913692474,0.06257498264312744,7.7377052038908,0.7142047859061397
diffusion_cosine_v_lw,sde-two_step-adaptive,mlp,two_moons,0.6034199953079223,0.0564843422002442,0.6108749806880951,0.041700005531311035,7.081665915623307,0.6538583964362715
diffusion_cosine_v_lw,sde-two_step-adaptive,mlp,bernoulli_glm,0.5676400005817414,0.046311755148143556,0.5649999976158142,0.046549975872039795,6.281455702148378,0.15295023529776725
diffusion_cosine_v_lw,sde-two_step-adaptive,mlp,slcp_distractors,0.7525250017642975,0.08598787459056532,0.7053500115871429,0.04272499680519104,7.394455142132938,0.6664725231104147
diffusion_cosine_v_lw,sde-two_step-adaptive,mlp,bernoulli_glm_raw,0.5510200023651123,0.02797467959321313,0.5394749939441681,0.016799986362457275,6.305105722602457,0.11169489913791268
diffusion_cosine_v_lw,sde-two_step-adaptive,time_mlp,gaussian_mixture,0.5286749958992004,0.015232680665500719,0.522475004196167,0.004824995994567871,10.414269900042564,0.9171093137083772
diffusion_cosine_v_lw,sde-two_step-adaptive,time_mlp,sir,0.5362650036811829,0.019267681801697675,0.5282250046730042,0.009700000286102295,10.681390872690827,0.6938354133357086
diffusion_cosine_v_lw,sde-two_step-adaptive,time_mlp,gaussian_linear,0.502975007891655,0.002507018522651372,0.5028000175952911,0.0017249882221221924,8.483731446415186,0.14595353196942445
diffusion_cosine_v_lw,sde-two_step-adaptive,time_mlp,gaussian_linear_uniform,0.502835002541542,0.0023883125616143185,0.5020500123500824,0.0014999955892562866,9.689592678193003,0.17489067361760446
diffusion_cosine_v_lw,sde-two_step-adaptive,time_mlp,lotka_volterra,0.7292749941349029,0.08256629450780827,0.710999995470047,0.03334999084472656,11.226149169169366,0.6550784986604841
diffusion_cosine_v_lw,sde-two_step-adaptive,time_mlp,slcp,0.6488700032234191,0.10265729673498464,0.6153500080108643,0.06644999980926514,12.699801284167915,1.1257921534935862
diffusion_cosine_v_lw,sde-two_step-adaptive,time_mlp,two_moons,0.5093699991703033,0.006804080778229469,0.5079250037670135,0.0024499893188476562,11.513348548673093,1.1078969570044654
diffusion_cosine_v_lw,sde-two_step-adaptive,time_mlp,bernoulli_glm,0.5115749955177307,0.005472076687860881,0.5107249915599823,0.003049999475479126,9.783773985132575,0.34808088141658344
diffusion_cosine_v_lw,sde-two_step-adaptive,time_mlp,slcp_distractors,0.6486199975013733,0.10621588694173036,0.6092250049114227,0.06477499008178711,13.22502592857927,1.1000135527936623
diffusion_cosine_v_lw,sde-two_step-adaptive,time_mlp,bernoulli_glm_raw,0.5126249969005585,0.0065085835739321024,0.512499988079071,0.0045500099658966064,9.797384400479496,0.2405750686866602
diffusion_cosine_noise,sde-two_step-adaptive,mlp,gaussian_mixture,0.6248499989509583,0.056708371867759594,0.6244249939918518,0.04422500729560852,6.40082837222144,0.6197523368485234
diffusion_cosine_noise,sde-two_step-adaptive,mlp,sir,0.6161249995231628,0.0807636219372026,0.5866250097751617,0.035800009965896606,6.671723448392004,0.43564368018154304
diffusion_cosine_noise,sde-two_step-adaptive,mlp,gaussian_linear,0.5022550016641617,0.0007782820341155364,0.5021249949932098,0.000599980354309082,5.300454424507916,0.12926025149024262
diffusion_cosine_noise,sde-two_step-adaptive,mlp,gaussian_linear_uniform,0.504685002565384,0.0028453447548262563,0.5034500062465668,0.002025008201599121,5.736470814421773,0.13646661911361838
diffusion_cosine_noise,sde-two_step-adaptive,mlp,lotka_volterra,0.8724399983882904,0.05085787325582947,0.8643499910831451,0.04905000329017639,6.879928100388497,0.29451331509475215
diffusion_cosine_noise,sde-two_step-adaptive,mlp,slcp,0.7418300032615661,0.10233280873590804,0.7113749980926514,0.06594997644424438,8.024835329595954,0.714809275805498
diffusion_cosine_noise,sde-two_step-adaptive,mlp,two_moons,0.5776850044727325,0.049855950586420186,0.5722250044345856,0.045725017786026,7.064217817783356,0.6095567982047493
diffusion_cosine_noise,sde-two_step-adaptive,mlp,bernoulli_glm,0.5580499947071076,0.039616614882939286,0.5544499754905701,0.03689998388290405,6.182888613734394,0.2800724953838231
diffusion_cosine_noise,sde-two_step-adaptive,mlp,slcp_distractors,0.7790050089359284,0.07852295486939334,0.75,0.047825008630752563,7.1474006526172165,0.5199419178687884
diffusion_cosine_noise,sde-two_step-adaptive,mlp,bernoulli_glm_raw,0.5543250024318696,0.029880550567091536,0.5479750037193298,0.035374999046325684,6.401663370057941,0.1931077328562751
diffusion_cosine_noise,sde-two_step-adaptive,time_mlp,gaussian_mixture,0.520944994688034,0.01165331866025692,0.5176999866962433,0.006150007247924805,10.477309758961201,0.8741012865783069
diffusion_cosine_noise,sde-two_step-adaptive,time_mlp,sir,0.5346699953079224,0.01665551446393863,0.5301249921321869,0.012724995613098145,10.717168322764337,0.5432953548037768
diffusion_cosine_noise,sde-two_step-adaptive,time_mlp,gaussian_linear,0.5043599963188171,0.003459898652737808,0.5039249956607819,0.0022249817848205566,8.662117773573845,0.13610405175317147
diffusion_cosine_noise,sde-two_step-adaptive,time_mlp,gaussian_linear_uniform,0.502400004863739,0.0026871032851747247,0.5013750046491623,0.001225009560585022,9.425899091921746,0.1920385096349773
diffusion_cosine_noise,sde-two_step-adaptive,time_mlp,lotka_volterra,0.7194799900054931,0.10240944946436137,0.6945749819278717,0.043825000524520874,11.298772735334932,0.48016090334349304
diffusion_cosine_noise,sde-two_step-adaptive,time_mlp,slcp,0.6431049942970276,0.09024607030863313,0.6092999875545502,0.04292500019073486,14.765906942356377,1.4549937903224373
diffusion_cosine_noise,sde-two_step-adaptive,time_mlp,two_moons,0.5077700078487396,0.008414197147831835,0.5056500136852264,0.0034500062465667725,11.872506670560687,0.9320134121780607
diffusion_cosine_noise,sde-two_step-adaptive,time_mlp,bernoulli_glm,0.5102250069379807,0.006877328550272682,0.5097500085830688,0.006374984979629517,10.937054184824229,0.30061529307637447
diffusion_cosine_noise,sde-two_step-adaptive,time_mlp,slcp_distractors,0.6514900028705597,0.10683992564549953,0.6132250130176544,0.05252501368522644,13.335066974256188,0.9848325870527963
diffusion_cosine_noise,sde-two_step-adaptive,time_mlp,bernoulli_glm_raw,0.5121849954128266,0.008111171992684978,0.51112499833107,0.004274994134902954,10.049504023976624,0.2520964377825006
diffusion_edm_vp,sde-two_step-adaptive-joint,mlp,gaussian_mixture,0.6183500111103057,0.0583025994575808,0.6000000238418579,0.04247501492500305,6.0887261079624295,0.0
diffusion_edm_vp,sde-two_step-adaptive-joint,mlp,sir,0.609229999780655,0.08094176375017254,0.5670999884605408,0.029150009155273438,6.922321749851108,0.0
diffusion_edm_vp,sde-two_step-adaptive-joint,mlp,gaussian_linear,0.5029900044202804,0.0019492117708926112,0.5024749934673309,0.0009999871253967285,4.461354010738432,0.0
diffusion_edm_vp,sde-two_step-adaptive-joint,mlp,gaussian_linear_uniform,0.504405003786087,0.0031040651229384333,0.5036250054836273,0.0017000138759613037,5.126834993250668,0.0
diffusion_edm_vp,sde-two_step-adaptive-joint,mlp,lotka_volterra,0.8489150047302246,0.05610197351220955,0.8611499965190887,0.06047499179840088,6.38771138805896,0.0
diffusion_edm_vp,sde-two_step-adaptive-joint,mlp,slcp,0.6977800011634827,0.09033936018935974,0.677825003862381,0.06515002250671387,8.345761891454458,0.0
diffusion_edm_vp,sde-two_step-adaptive-joint,mlp,two_moons,0.562080004811287,0.047998070231315755,0.5641250014305115,0.04805001616477966,7.890916159376502,0.0
diffusion_edm_vp,sde-two_step-adaptive-joint,mlp,bernoulli_glm,0.5861450016498566,0.06000473258233073,0.5794000029563904,0.057925015687942505,5.610302026383579,0.0
diffusion_edm_vp,sde-two_step-adaptive-joint,mlp,slcp_distractors,0.7238099992275238,0.09611132719677956,0.6979749798774719,0.05634996294975281,7.8079465022310615,0.0
diffusion_edm_vp,sde-two_step-adaptive-joint,mlp,bernoulli_glm_raw,0.5589599907398224,0.03802066232708465,0.5510749816894531,0.029024988412857056,5.866401552222669,0.0
diffusion_edm_vp,sde-two_step-adaptive-joint,time_mlp,gaussian_mixture,0.5247949957847595,0.00925625636766899,0.527349978685379,0.005899995565414429,11.486686188727617,0.0
diffusion_edm_vp,sde-two_step-adaptive-joint,time_mlp,sir,0.5278049945831299,0.01650133861477774,0.5234250128269196,0.012924998998641968,11.941936284303665,0.0
diffusion_edm_vp,sde-two_step-adaptive-joint,time_mlp,gaussian_linear,0.5031350016593933,0.0024359818747422607,0.5026500076055527,0.0021750032901763916,8.958801944740117,0.0
diffusion_edm_vp,sde-two_step-adaptive-joint,time_mlp,gaussian_linear_uniform,0.5051150053739548,0.0033676429619123563,0.50450000166893,0.003250017762184143,10.243329137563705,0.0
diffusion_edm_vp,sde-two_step-adaptive-joint,time_mlp,lotka_volterra,0.7115149915218353,0.09644848941945594,0.6714499890804291,0.044200003147125244,12.661494813859463,0.0
diffusion_edm_vp,sde-two_step-adaptive-joint,time_mlp,slcp,0.6370400011539459,0.09569969137966114,0.6064500212669373,0.06195002794265747,18.059790467843413,0.0
diffusion_edm_vp,sde-two_step-adaptive-joint,time_mlp,two_moons,0.5151249974966049,0.0110039558736132,0.5112999975681305,0.0029750168323516846,15.501313132233918,0.0
diffusion_edm_vp,sde-two_step-adaptive-joint,time_mlp,bernoulli_glm,0.5090150088071823,0.0063229697734597575,0.506974995136261,0.0033999979496002197,11.346036175265908,0.0
diffusion_edm_vp,sde-two_step-adaptive-joint,time_mlp,slcp_distractors,0.6416200041770935,0.08504854893037261,0.6274000108242035,0.07540002465248108,17.729857740923762,0.0
diffusion_edm_vp,sde-two_step-adaptive-joint,time_mlp,bernoulli_glm_raw,0.5109299957752228,0.004629910813843076,0.508774995803833,0.0033999979496002197,11.392037030309439,0.0
diffusion_edm_vp_ema,sde-two_step-adaptive-joint,mlp,gaussian_mixture,0.6279099941253662,0.055592886034696976,0.6165749728679657,0.04824995994567871,5.9491128558292985,0.0
diffusion_edm_vp_ema,sde-two_step-adaptive-joint,mlp,sir,0.6217249929904938,0.08216511047809133,0.5766249895095825,0.02399998903274536,6.177243314683437,0.0
diffusion_edm_vp_ema,sde-two_step-adaptive-joint,mlp,gaussian_linear,0.5041149973869323,0.002948733070771691,0.5033999979496002,0.0016750097274780273,4.343430312350392,0.0
diffusion_edm_vp_ema,sde-two_step-adaptive-joint,mlp,gaussian_linear_uniform,0.5049999952316284,0.0027546364106600355,0.5044999867677689,0.001949995756149292,4.924309349618852,0.0
diffusion_edm_vp_ema,sde-two_step-adaptive-joint,mlp,lotka_volterra,0.8622450053691864,0.06438704288013233,0.8867999911308289,0.03887501358985901,6.202790412120521,0.0
diffusion_edm_vp_ema,sde-two_step-adaptive-joint,mlp,slcp,0.6933199942111969,0.10203687150558875,0.6467500030994415,0.04150000214576721,7.582166772335768,0.0
diffusion_edm_vp_ema,sde-two_step-adaptive-joint,mlp,two_moons,0.5575000047683716,0.04879504723895859,0.5521250069141388,0.04587501287460327,8.198935495689511,0.0
diffusion_edm_vp_ema,sde-two_step-adaptive-joint,mlp,bernoulli_glm,0.5853099882602691,0.06547020965039918,0.5884749889373779,0.06710001826286316,5.6033524153754115,0.0
diffusion_edm_vp_ema,sde-two_step-adaptive-joint,mlp,slcp_distractors,0.729924988746643,0.08732328519876772,0.6900749802589417,0.060874998569488525,7.468421169556677,0.0
diffusion_edm_vp_ema,sde-two_step-adaptive-joint,mlp,bernoulli_glm_raw,0.557354998588562,0.03495966135084821,0.5577000081539154,0.031749993562698364,5.6505104480311275,0.0
diffusion_edm_vp_ema,sde-two_step-adaptive-joint,time_mlp,gaussian_mixture,0.5255699992179871,0.00828001374120721,0.5258750021457672,0.007624983787536621,11.460620390251279,0.0
diffusion_edm_vp_ema,sde-two_step-adaptive-joint,time_mlp,sir,0.5338649988174439,0.01721202832289632,0.5356000065803528,0.008124977350234985,11.827225905843079,0.0
diffusion_edm_vp_ema,sde-two_step-adaptive-joint,time_mlp,gaussian_linear,0.5043900012969971,0.0021182308024132734,0.5047249794006348,0.0012499690055847168,8.84300512354821,0.0
diffusion_edm_vp_ema,sde-two_step-adaptive-joint,time_mlp,gaussian_linear_uniform,0.5045949995517731,0.0018824812448566329,0.5043749809265137,0.0012000054121017456,10.07439893297851,0.0
diffusion_edm_vp_ema,sde-two_step-adaptive-joint,time_mlp,lotka_volterra,0.7019750058650971,0.08547098198957967,0.6622250080108643,0.03025001287460327,12.613688848912716,0.0
diffusion_edm_vp_ema,sde-two_step-adaptive-joint,time_mlp,slcp,0.6267599999904633,0.07344945950151494,0.6010250151157379,0.0347750186920166,19.251997442916036,0.0
diffusion_edm_vp_ema,sde-two_step-adaptive-joint,time_mlp,two_moons,0.5077249974012374,0.006245813418058434,0.5068749785423279,0.0051000118255615234,16.32140456698835,0.0
diffusion_edm_vp_ema,sde-two_step-adaptive-joint,time_mlp,bernoulli_glm,0.5106249988079071,0.006029111069085641,0.5103999972343445,0.002025008201599121,11.20468301139772,0.0
diffusion_edm_vp_ema,sde-two_step-adaptive-joint,time_mlp,slcp_distractors,0.6484600007534027,0.09389888758453807,0.6006250083446503,0.048200011253356934,19.17118465527892,0.0
diffusion_edm_vp_ema,sde-two_step-adaptive-joint,time_mlp,bernoulli_glm_raw,0.5120000034570694,0.004896482012204433,0.5124250054359436,0.004274994134902954,11.199427125044167,0.0
diffusion_edm_ve,sde-two_step-adaptive-joint,mlp,gaussian_mixture,0.6888300061225892,0.08094422374339862,0.6820000112056732,0.07872501015663147,6.304681754671037,0.0
diffusion_edm_ve,sde-two_step-adaptive-joint,mlp,sir,0.6240649938583374,0.0636624665608469,0.6187750101089478,0.04385000467300415,6.352679343894124,0.0
diffusion_edm_ve,sde-two_step-adaptive-joint,mlp,gaussian_linear,0.7335150063037872,0.020185152983161998,0.7304250001907349,0.013675004243850708,4.682010332122445,0.0
diffusion_edm_ve,sde-two_step-adaptive-joint,mlp,gaussian_linear_uniform,0.7104050040245056,0.024271549591967787,0.7114749848842621,0.018699973821640015,5.916386345401406,0.0
diffusion_edm_ve,sde-two_step-adaptive-joint,mlp,lotka_volterra,0.8653249979019165,0.05661938210906666,0.8847000002861023,0.022450000047683716,6.474565265700221,0.0
diffusion_edm_ve,sde-two_step-adaptive-joint,mlp,slcp,0.7653450012207031,0.05449065721865345,0.769650012254715,0.037025004625320435,7.445162311196327,0.0
diffusion_edm_ve,sde-two_step-adaptive-joint,mlp,two_moons,0.6239549994468689,0.06869445920365988,0.5965000092983246,0.03237500786781311,7.4167260294780135,0.0
diffusion_edm_ve,sde-two_step-adaptive-joint,mlp,bernoulli_glm,0.764490008354187,0.11668347332146217,0.7791500091552734,0.1045750081539154,5.8802023734897375,0.0
diffusion_edm_ve,sde-two_step-adaptive-joint,mlp,slcp_distractors,0.7723049998283387,0.06207568603306835,0.7640500068664551,0.05817502737045288,8.111220315098763,0.0
diffusion_edm_ve,sde-two_step-adaptive-joint,mlp,bernoulli_glm_raw,0.7624149978160858,0.11754518810503946,0.789000004529953,0.08879998326301575,6.080564743839204,0.0
diffusion_edm_ve,sde-two_step-adaptive-joint,time_mlp,gaussian_mixture,0.5769449949264527,0.029345200467526387,0.5688000023365021,0.021075010299682617,11.928564995527267,0.0
diffusion_edm_ve,sde-two_step-adaptive-joint,time_mlp,sir,0.5614549934864044,0.02719461650114242,0.5626749992370605,0.01759999990463257,12.84470138233155,0.0
diffusion_edm_ve,sde-two_step-adaptive-joint,time_mlp,gaussian_linear,0.7362150073051452,0.02392437189174389,0.7346749901771545,0.020824968814849854,10.223860372789204,0.0
diffusion_edm_ve,sde-two_step-adaptive-joint,time_mlp,gaussian_linear_uniform,0.6957100033760071,0.021587793461094386,0.6981000006198883,0.02092498540878296,10.82218894828111,0.0
diffusion_edm_ve,sde-two_step-adaptive-joint,time_mlp,lotka_volterra,0.6986949980258942,0.08772612874910382,0.6872999966144562,0.06669998168945312,12.819753722287714,0.0
diffusion_edm_ve,sde-two_step-adaptive-joint,time_mlp,slcp,0.742849999666214,0.04749984736597069,0.7499499917030334,0.04142501950263977,16.638555367477238,0.0
diffusion_edm_ve,sde-two_step-adaptive-joint,time_mlp,two_moons,0.5909449994564057,0.05423555012362374,0.5869750082492828,0.035275012254714966,14.353923259302974,0.0
diffusion_edm_ve,sde-two_step-adaptive-joint,time_mlp,bernoulli_glm,0.6871599912643432,0.09138794383908945,0.6929250061511993,0.09252500534057617,11.735533578321338,0.0
diffusion_edm_ve,sde-two_step-adaptive-joint,time_mlp,slcp_distractors,0.7453199982643127,0.040467573477445694,0.743274986743927,0.030249983072280884,17.56101385783404,0.0
diffusion_edm_ve,sde-two_step-adaptive-joint,time_mlp,bernoulli_glm_raw,0.6896699965000153,0.09093368677668556,0.6902999877929688,0.08257502317428589,11.624658760614693,0.0
diffusion_cosine_F,sde-two_step-adaptive-joint,mlp,gaussian_mixture,0.6277549922466278,0.0591930764694186,0.6259500086307526,0.06365001201629639,7.155245172791183,0.0
diffusion_cosine_F,sde-two_step-adaptive-joint,mlp,sir,0.6193600058555603,0.07346859079778625,0.5827000141143799,0.014375001192092896,7.223829713650048,0.0
diffusion_cosine_F,sde-two_step-adaptive-joint,mlp,gaussian_linear,0.5043000012636185,0.002669459525886004,0.5037250220775604,0.0020000040531158447,5.481327487155795,0.0
diffusion_cosine_F,sde-two_step-adaptive-joint,mlp,gaussian_linear_uniform,0.5030650049448013,0.002125566311489807,0.502575010061264,0.0017500072717666626,5.967917851172388,0.0
diffusion_cosine_F,sde-two_step-adaptive-joint,mlp,lotka_volterra,0.8567050039768219,0.0647192111087372,0.8627000153064728,0.049549996852874756,8.165423797443509,0.0
diffusion_cosine_F,sde-two_step-adaptive-joint,mlp,slcp,0.7466299891471863,0.08899717638357892,0.7362749874591827,0.08305001258850098,9.67127444408834,0.0
diffusion_cosine_F,sde-two_step-adaptive-joint,mlp,two_moons,0.5978299915790558,0.05199464567384572,0.5954999923706055,0.03667500615119934,9.907674994319677,0.0
diffusion_cosine_F,sde-two_step-adaptive-joint,mlp,bernoulli_glm,0.5695150017738342,0.048669908917859606,0.5699499845504761,0.04694998264312744,6.736224233172834,0.0
diffusion_cosine_F,sde-two_step-adaptive-joint,mlp,slcp_distractors,0.7822599947452545,0.07935348557714691,0.7418749928474426,0.04440000653266907,9.426683043129742,0.0
diffusion_cosine_F,sde-two_step-adaptive-joint,mlp,bernoulli_glm_raw,0.5552650094032288,0.03334848923635412,0.5574250221252441,0.036424994468688965,6.822485090233386,0.0
diffusion_cosine_F,sde-two_step-adaptive-joint,time_mlp,gaussian_mixture,0.5204849988222122,0.014916115855998785,0.5132249891757965,0.009274974465370178,13.853692090138793,0.0
diffusion_cosine_F,sde-two_step-adaptive-joint,time_mlp,sir,0.5374949991703033,0.018175904698405104,0.5338000059127808,0.015025019645690918,14.113400196656585,0.0
diffusion_cosine_F,sde-two_step-adaptive-joint,time_mlp,gaussian_linear,0.5043449997901917,0.003704551955849888,0.5034500062465668,0.0031500011682510376,10.329707999713719,0.0
diffusion_cosine_F,sde-two_step-adaptive-joint,time_mlp,gaussian_linear_uniform,0.5048549979925155,0.0035134267277309797,0.5040499866008759,0.0021999776363372803,11.650610868819058,0.0
diffusion_cosine_F,sde-two_step-adaptive-joint,time_mlp,lotka_volterra,0.7262300014495849,0.0719433855292511,0.6962999999523163,0.032049983739852905,14.093663641251624,0.0
diffusion_cosine_F,sde-two_step-adaptive-joint,time_mlp,slcp,0.6596849918365478,0.11068627547694601,0.594650000333786,0.04115000367164612,18.87659725546837,0.0
diffusion_cosine_F,sde-two_step-adaptive-joint,time_mlp,two_moons,0.5058399945497513,0.0056173774880553945,0.5029249936342239,0.0022750049829483032,17.797226124443114,0.0
diffusion_cosine_F,sde-two_step-adaptive-joint,time_mlp,bernoulli_glm,0.5098099946975708,0.008413360090958617,0.5072499811649323,0.005924999713897705,12.856415534392,0.0
diffusion_cosine_F,sde-two_step-adaptive-joint,time_mlp,slcp_distractors,0.6566249966621399,0.10210245185804308,0.6041499972343445,0.044050008058547974,20.042702292092144,0.0
diffusion_cosine_F,sde-two_step-adaptive-joint,time_mlp,bernoulli_glm_raw,0.512650004029274,0.006275102988434808,0.5134000182151794,0.004774987697601318,12.520803613588214,0.0
diffusion_cosine_v,sde-two_step-adaptive-joint,mlp,gaussian_mixture,0.6251099944114685,0.058290083643323824,0.6181249916553497,0.06032499670982361,6.836734537966549,0.0
diffusion_cosine_v,sde-two_step-adaptive-joint,mlp,sir,0.6128199994564056,0.08263041068291638,0.5730499923229218,0.027824997901916504,7.434293785132468,0.0
diffusion_cosine_v,sde-two_step-adaptive-joint,mlp,gaussian_linear,0.5024050027132034,0.001531737170124917,0.5017500072717667,0.000849992036819458,5.139926296658814,0.0
diffusion_cosine_v,sde-two_step-adaptive-joint,mlp,gaussian_linear_uniform,0.5028100073337555,0.002212448000487565,0.5029750019311905,0.0018250048160552979,5.743219714611769,0.0
diffusion_cosine_v,sde-two_step-adaptive-joint,mlp,lotka_volterra,0.8602699935436249,0.0547360665058567,0.8603249788284302,0.04330000281333923,6.959556151181459,0.0
diffusion_cosine_v,sde-two_step-adaptive-joint,mlp,slcp,0.7207599937915802,0.08907107063147773,0.6916750073432922,0.05970001220703125,9.008688542991877,0.0
diffusion_cosine_v,sde-two_step-adaptive-joint,mlp,two_moons,0.592264997959137,0.05785171518806503,0.59375,0.06399998068809509,8.877618317492306,0.0
diffusion_cosine_v,sde-two_step-adaptive-joint,mlp,bernoulli_glm,0.5663949906826019,0.04738769841917748,0.5711749792098999,0.04862499237060547,6.502699523232877,0.0
diffusion_cosine_v,sde-two_step-adaptive-joint,mlp,slcp_distractors,0.7804049968719482,0.0808311538626329,0.7537000179290771,0.055800020694732666,8.19554185681045,0.0
diffusion_cosine_v,sde-two_step-adaptive-joint,mlp,bernoulli_glm_raw,0.5544799983501434,0.03179071567977902,0.5507999956607819,0.028325021266937256,6.656589648686349,0.0
diffusion_cosine_v,sde-two_step-adaptive-joint,time_mlp,gaussian_mixture,0.5195150077342987,0.010985689472556315,0.5159250199794769,0.005349993705749512,14.025721229612827,0.0
diffusion_cosine_v,sde-two_step-adaptive-joint,time_mlp,sir,0.5351200044155121,0.019263423019777477,0.5247749984264374,0.0062499940395355225,14.482736135832965,0.0
diffusion_cosine_v,sde-two_step-adaptive-joint,time_mlp,gaussian_linear,0.5023499965667725,0.0021071355865542075,0.5015499889850616,0.0013750046491622925,10.538141967728734,0.0
diffusion_cosine_v,sde-two_step-adaptive-joint,time_mlp,gaussian_linear_uniform,0.5042899966239929,0.0028092580023376217,0.5045250058174133,0.0027749836444854736,11.44981090631336,0.0
diffusion_cosine_v,sde-two_step-adaptive-joint,time_mlp,lotka_volterra,0.7303249955177307,0.0972959570946085,0.7014999985694885,0.060274988412857056,14.332115625962615,0.0
diffusion_cosine_v,sde-two_step-adaptive-joint,time_mlp,slcp,0.6464050114154816,0.11098296326711021,0.5947250127792358,0.03970000147819519,20.0859553553164,0.0
diffusion_cosine_v,sde-two_step-adaptive-joint,time_mlp,two_moons,0.5056449949741364,0.004900585040150983,0.5041749775409698,0.0038499832153320312,17.368413352407515,0.0
diffusion_cosine_v,sde-two_step-adaptive-joint,time_mlp,bernoulli_glm,0.5089750051498413,0.004103607786901755,0.5097750127315521,0.0012500286102294922,12.862014376558363,0.0
diffusion_cosine_v,sde-two_step-adaptive-joint,time_mlp,slcp_distractors,0.6315250039100647,0.09685263252006901,0.5759750008583069,0.023874998092651367,19.96212070249021,0.0
diffusion_cosine_v,sde-two_step-adaptive-joint,time_mlp,bernoulli_glm_raw,0.5135499954223632,0.007530174085720058,0.5134999752044678,0.005750000476837158,12.87263280712068,0.0
diffusion_cosine_v_lw,sde-two_step-adaptive-joint,mlp,gaussian_mixture,0.6430400013923645,0.06061431330364216,0.6287750005722046,0.04092499613761902,7.227042565122247,0.0
diffusion_cosine_v_lw,sde-two_step-adaptive-joint,mlp,sir,0.6112699985504151,0.07923117329232288,0.5698499977588654,0.022549986839294434,7.081705250777304,0.0
diffusion_cosine_v_lw,sde-two_step-adaptive-joint,mlp,gaussian_linear,0.5036849975585938,0.002844561328094371,0.5029499977827072,0.0017500072717666626,5.386095076799393,0.0
diffusion_cosine_v_lw,sde-two_step-adaptive-joint,mlp,gaussian_linear_uniform,0.5032249927520752,0.0025068186814654883,0.5025999844074249,0.0017749816179275513,5.829835913144052,0.0
diffusion_cosine_v_lw,sde-two_step-adaptive-joint,mlp,lotka_volterra,0.8749100089073181,0.04444521679336911,0.8770500123500824,0.03382501006126404,7.1481880359351635,0.0
diffusion_cosine_v_lw,sde-two_step-adaptive-joint,mlp,slcp,0.7303849935531617,0.10524586661656075,0.7106499969959259,0.07112500071525574,9.153929115273058,0.0
diffusion_cosine_v_lw,sde-two_step-adaptive-joint,mlp,two_moons,0.6034999907016754,0.05678344565533308,0.6068499982357025,0.050975024700164795,9.169505355879664,0.0
diffusion_cosine_v_lw,sde-two_step-adaptive-joint,mlp,bernoulli_glm,0.5683449923992157,0.0447965763980216,0.567124992609024,0.04475000500679016,6.507917846553028,0.0
diffusion_cosine_v_lw,sde-two_step-adaptive-joint,mlp,slcp_distractors,0.7515650033950806,0.08716562101506692,0.7054750025272369,0.042225003242492676,9.047991142608225,0.0
diffusion_cosine_v_lw,sde-two_step-adaptive-joint,mlp,bernoulli_glm_raw,0.5521650016307831,0.02738561973126416,0.5470249950885773,0.02204999327659607,6.337762803770602,0.0
diffusion_cosine_v_lw,sde-two_step-adaptive-joint,time_mlp,gaussian_mixture,0.5237900078296661,0.010930590999143182,0.5204249918460846,0.0018000304698944092,14.37763752322644,0.0
diffusion_cosine_v_lw,sde-two_step-adaptive-joint,time_mlp,sir,0.539454996585846,0.020447235499334627,0.5352999866008759,0.014899998903274536,14.088477494195104,0.0
diffusion_cosine_v_lw,sde-two_step-adaptive-joint,time_mlp,gaussian_linear,0.5020699977874756,0.0012143290687201113,0.5017000138759613,0.0007250010967254639,10.513400851748884,0.0
diffusion_cosine_v_lw,sde-two_step-adaptive-joint,time_mlp,gaussian_linear_uniform,0.5031400054693222,0.0021023564878202444,0.5026749968528748,0.001274988055229187,11.952830428257585,0.0
diffusion_cosine_v_lw,sde-two_step-adaptive-joint,time_mlp,lotka_volterra,0.720880001783371,0.08531199736125665,0.6924000084400177,0.03814998269081116,14.428261005319655,0.0
diffusion_cosine_v_lw,sde-two_step-adaptive-joint,time_mlp,slcp,0.647790002822876,0.10301450295577037,0.6183250248432159,0.06452497839927673,19.77247153967619,0.0
diffusion_cosine_v_lw,sde-two_step-adaptive-joint,time_mlp,two_moons,0.5123149931430817,0.005756085567491888,0.5135999917984009,0.0035499930381774902,18.614619585685432,0.0
diffusion_cosine_v_lw,sde-two_step-adaptive-joint,time_mlp,bernoulli_glm,0.5113450080156327,0.0068886710148291005,0.5124500095844269,0.004950016736984253,12.27991416491568,0.0
diffusion_cosine_v_lw,sde-two_step-adaptive-joint,time_mlp,slcp_distractors,0.6474349915981292,0.10273185474997924,0.609375,0.06322500109672546,21.058958008885384,0.0
diffusion_cosine_v_lw,sde-two_step-adaptive-joint,time_mlp,bernoulli_glm_raw,0.513459998369217,0.005052718751953645,0.5132000148296356,0.004449993371963501,12.85397364012897,0.0
diffusion_cosine_noise,sde-two_step-adaptive-joint,mlp,gaussian_mixture,0.6258600056171417,0.055912587919772855,0.6238499879837036,0.04500001668930054,7.120297593995929,0.0
diffusion_cosine_noise,sde-two_step-adaptive-joint,mlp,sir,0.6131549954414368,0.08212739917619928,0.580700010061264,0.031725019216537476,7.094142500311136,0.0
diffusion_cosine_noise,sde-two_step-adaptive-joint,mlp,gaussian_linear,0.503289994597435,0.0021835528025059667,0.5026999861001968,0.0014499872922897339,5.3868736801669,0.0
diffusion_cosine_noise,sde-two_step-adaptive-joint,mlp,gaussian_linear_uniform,0.5078250020742416,0.0037911946287942895,0.5067499876022339,0.003899991512298584,5.870082963258028,0.0
diffusion_cosine_noise,sde-two_step-adaptive-joint,mlp,lotka_volterra,0.8714250147342681,0.05082816489037749,0.8638499975204468,0.052275002002716064,7.150952489115298,0.0
diffusion_cosine_noise,sde-two_step-adaptive-joint,mlp,slcp,0.7415300011634827,0.10245413473337882,0.7085500061511993,0.06265002489089966,10.059901840984821,0.0
diffusion_cosine_noise,sde-two_step-adaptive-joint,mlp,two_moons,0.5774899959564209,0.0447152606526704,0.5722250044345856,0.04152500629425049,9.432577069848776,0.0
diffusion_cosine_noise,sde-two_step-adaptive-joint,mlp,bernoulli_glm,0.5557799994945526,0.043169307358641724,0.5489749908447266,0.041474997997283936,6.287612939253449,0.0
diffusion_cosine_noise,sde-two_step-adaptive-joint,mlp,slcp_distractors,0.7807699918746949,0.07791385376367076,0.7514999806880951,0.050300002098083496,8.450428990647197,0.0
diffusion_cosine_noise,sde-two_step-adaptive-joint,mlp,bernoulli_glm_raw,0.5533999979496003,0.02916613434801524,0.5518749952316284,0.025550007820129395,6.526847094297409,0.0
diffusion_cosine_noise,sde-two_step-adaptive-joint,time_mlp,gaussian_mixture,0.5193750023841858,0.01089091808920558,0.5164749920368195,0.004574984312057495,13.79588454309851,0.0
diffusion_cosine_noise,sde-two_step-adaptive-joint,time_mlp,sir,0.5333849966526032,0.017511969978849497,0.5329500138759613,0.013124972581863403,14.692542558535933,0.0
diffusion_cosine_noise,sde-two_step-adaptive-joint,time_mlp,gaussian_linear,0.5038599967956543,0.0029407265145610993,0.5032249987125397,0.0018999874591827393,10.790571508929133,0.0
diffusion_cosine_noise,sde-two_step-adaptive-joint,time_mlp,gaussian_linear_uniform,0.502335000038147,0.002617260376480617,0.5016499906778336,0.0012249946594238281,11.709979156032205,0.0
diffusion_cosine_noise,sde-two_step-adaptive-joint,time_mlp,lotka_volterra,0.7242399990558624,0.09875442983128635,0.7023999989032745,0.0392250120639801,14.902473538182676,0.0
diffusion_cosine_noise,sde-two_step-adaptive-joint,time_mlp,slcp,0.6454800009727478,0.09122956056489118,0.6140999794006348,0.0445999801158905,20.733855664730072,0.0
diffusion_cosine_noise,sde-two_step-adaptive-joint,time_mlp,two_moons,0.5055749952793122,0.006443730032688819,0.5034499913454056,0.0020500123500823975,18.32455387059599,0.0
diffusion_cosine_noise,sde-two_step-adaptive-joint,time_mlp,bernoulli_glm,0.509815001487732,0.0036945976725180087,0.5095749795436859,0.0024499893188476562,13.212235507555306,0.0
diffusion_cosine_noise,sde-two_step-adaptive-joint,time_mlp,slcp_distractors,0.6505649983882904,0.10788640376240906,0.6186500191688538,0.06332501769065857,20.382291020825505,0.0
diffusion_cosine_noise,sde-two_step-adaptive-joint,time_mlp,bernoulli_glm_raw,0.5138050079345703,0.007071157465713641,0.5136750042438507,0.007299989461898804,13.266140852123499,0.0
diffusion_edm_vp,sde-langevin,mlp,gaussian_mixture,0.6564350068569184,0.03651979577648546,0.6398250162601471,0.022100001573562622,36.00473471954465,0.09847582741471037
diffusion_edm_vp,sde-langevin,mlp,sir,0.6498049974441529,0.04450627245388604,0.6307500004768372,0.026399999856948853,36.67063692752272,0.3454618154094484
diffusion_edm_vp,sde-langevin,mlp,gaussian_linear,0.5468500077724456,0.011715478722707373,0.5456749796867371,0.010049968957901001,36.62865518052131,0.17222594360416593
diffusion_edm_vp,sde-langevin,mlp,gaussian_linear_uniform,0.5613550007343292,0.0071984902630329705,0.5630750060081482,0.005024999380111694,36.2122566761449,0.10174797293932522
diffusion_edm_vp,sde-langevin,mlp,lotka_volterra,0.883540004491806,0.044681187102164927,0.8900000154972076,0.03632500767707825,36.849923537950964,0.09772270221112642
diffusion_edm_vp,sde-langevin,mlp,slcp,0.751954996585846,0.06983884223391501,0.7241249978542328,0.04567500948905945,35.56449617557227,0.14598249249754913
diffusion_edm_vp,sde-langevin,mlp,two_moons,0.6129600048065186,0.035625118641851396,0.6117250025272369,0.025024980306625366,36.00400417484343,0.13392312500641393
diffusion_edm_vp,sde-langevin,mlp,bernoulli_glm,0.6902999997138977,0.07267542587349794,0.6817499995231628,0.07277500629425049,36.70480286031962,0.08671147483297033
diffusion_edm_vp,sde-langevin,mlp,slcp_distractors,0.7680049955844879,0.08012999751468595,0.7347750067710876,0.05247500538825989,36.31677353642881,0.23487167726365601
diffusion_edm_vp,sde-langevin,mlp,bernoulli_glm_raw,0.6735350072383881,0.06263544233438692,0.6728250086307526,0.062099993228912354,36.383408861979845,0.09893194897962428
diffusion_edm_vp,sde-langevin,time_mlp,gaussian_mixture,0.6201650142669678,0.007667041265161077,0.620375007390976,0.004824995994567871,63.513868771772835,0.719772118764796
diffusion_edm_vp,sde-langevin,time_mlp,sir,0.5989500045776367,0.010085680181254547,0.6028000116348267,0.004950016736984253,62.04501342335716,0.6672444777934047
diffusion_edm_vp,sde-langevin,time_mlp,gaussian_linear,0.5426349997520447,0.009473100044927348,0.5412999987602234,0.007625013589859009,56.87479597795755,5.10184587037024
diffusion_edm_vp,sde-langevin,time_mlp,gaussian_linear_uniform,0.5583349943161011,0.00664910005258982,0.5570500195026398,0.0035250186920166016,67.58560261297971,1.4617643062500392
diffusion_edm_vp,sde-langevin,time_mlp,lotka_volterra,0.7764649987220764,0.07365268278134893,0.7550249993801117,0.04122501611709595,69.05662929676473,1.3525380794373902
diffusion_edm_vp,sde-langevin,time_mlp,slcp,0.6901350021362305,0.08225497304232443,0.6566500067710876,0.045700013637542725,66.48788800034671,2.0387952218197922
diffusion_edm_vp,sde-langevin,time_mlp,two_moons,0.5495349943637848,0.021764803105452653,0.5475749969482422,0.02007502317428589,63.88601714689285,0.0947971361437862
diffusion_edm_vp,sde-langevin,time_mlp,bernoulli_glm,0.6092150032520294,0.02412315409638705,0.602150022983551,0.020850032567977905,68.54459434859454,0.7595943799504206
diffusion_edm_vp,sde-langevin,time_mlp,slcp_distractors,0.6933999955654144,0.06955191046446271,0.6739250123500824,0.05117499828338623,56.47925607347861,2.298125242401187
diffusion_edm_vp,sde-langevin,time_mlp,bernoulli_glm_raw,0.6135100066661835,0.025111390354023395,0.6108750104904175,0.02120000123977661,56.77962876101956,2.5423697690843823
diffusion_edm_vp_ema,sde-langevin,mlp,gaussian_mixture,0.6593800067901612,0.03422049021003309,0.6457000076770782,0.015350013971328735,31.655896148178726,2.579504437128827
diffusion_edm_vp_ema,sde-langevin,mlp,sir,0.6557200014591217,0.04853226374680285,0.6344499886035919,0.02219998836517334,35.88680570470169,0.11302130198760256
diffusion_edm_vp_ema,sde-langevin,mlp,gaussian_linear,0.5477550029754639,0.012261073424769548,0.5435499846935272,0.01057499647140503,37.43138987487182,0.09291601059434303
diffusion_edm_vp_ema,sde-langevin,mlp,gaussian_linear_uniform,0.5608299970626831,0.006704517702101736,0.5620499849319458,0.005374997854232788,30.180688485410066,0.08397470133082141
diffusion_edm_vp_ema,sde-langevin,mlp,lotka_volterra,0.888934999704361,0.046622625765215975,0.9017750024795532,0.029199987649917603,36.084457380604,0.1065362732104484
diffusion_edm_vp_ema,sde-langevin,mlp,slcp,0.7377199947834014,0.0908543975321382,0.6962499916553497,0.05140000581741333,36.5882289997302,0.028351098890922966
diffusion_edm_vp_ema,sde-langevin,mlp,two_moons,0.610354995727539,0.04193231067476081,0.6128999888896942,0.03110000491142273,35.91774156773463,0.06020268535035499
diffusion_edm_vp_ema,sde-langevin,mlp,bernoulli_glm,0.692249995470047,0.07388757851077903,0.6900499761104584,0.07042500376701355,36.89623304000124,0.1664361739680518
diffusion_edm_vp_ema,sde-langevin,mlp,slcp_distractors,0.7787349998950959,0.0696461648646496,0.7402249872684479,0.029849976301193237,36.51373054133728,0.08590059394484577
diffusion_edm_vp_ema,sde-langevin,mlp,bernoulli_glm_raw,0.6709049999713897,0.05643445106255273,0.6717000007629395,0.055575013160705566,36.68448197320104,0.05984832763583102
diffusion_edm_vp_ema,sde-langevin,time_mlp,gaussian_mixture,0.6148499965667724,0.008191634003569115,0.6151250004768372,0.004449993371963501,63.85529770525172,0.17160093550487962
diffusion_edm_vp_ema,sde-langevin,time_mlp,sir,0.5981249988079071,0.011333688723536238,0.6028999984264374,0.005049973726272583,61.89952337127179,0.1379987971354446
diffusion_edm_vp_ema,sde-langevin,time_mlp,gaussian_linear,0.5430850088596344,0.00917123706551372,0.5426750183105469,0.00657498836517334,69.01110220439732,0.3217117486136349
diffusion_edm_vp_ema,sde-langevin,time_mlp,gaussian_linear_uniform,0.5578349947929382,0.005304241237016953,0.558474987745285,0.002624988555908203,63.62057974198833,0.12748304269258556
diffusion_edm_vp_ema,sde-langevin,time_mlp,lotka_volterra,0.776784998178482,0.06852326643015265,0.7579500079154968,0.04379996657371521,52.88930611666292,0.12911610735058476
diffusion_edm_vp_ema,sde-langevin,time_mlp,slcp,0.6837599992752075,0.0718423159857441,0.6569499969482422,0.02967497706413269,64.05490003721789,0.09575985542044695
diffusion_edm_vp_ema,sde-langevin,time_mlp,two_moons,0.5582599937915802,0.02200729005684303,0.5589750111103058,0.021474987268447876,63.837796029355374,0.1959576673689589
diffusion_edm_vp_ema,sde-langevin,time_mlp,bernoulli_glm,0.6141400039196014,0.022589972535626484,0.6077249944210052,0.01827499270439148,63.81275102384389,0.28420830414601206
diffusion_edm_vp_ema,sde-langevin,time_mlp,slcp_distractors,0.6920350015163421,0.08182191040444178,0.6546500027179718,0.047975003719329834,61.475009883753955,0.5565392546103397
diffusion_edm_vp_ema,sde-langevin,time_mlp,bernoulli_glm_raw,0.6207450032234192,0.022867628643501798,0.6249499917030334,0.021100014448165894,68.59342998312786,1.6208121961115878
diffusion_edm_ve,sde-langevin,mlp,gaussian_mixture,0.6964300036430359,0.05631596220916595,0.6828249990940094,0.045024991035461426,35.673965111747385,0.06170723806290681
diffusion_edm_ve,sde-langevin,mlp,sir,0.6620700061321259,0.04226335242151944,0.6557250022888184,0.027600020170211792,36.52631654990837,0.2805778976016406
diffusion_edm_ve,sde-langevin,mlp,gaussian_linear,0.7081049978733063,0.040418037358640434,0.7008000016212463,0.03337499499320984,37.53021219978109,0.22295407216971835
diffusion_edm_ve,sde-langevin,mlp,gaussian_linear_uniform,0.6922549962997436,0.030327383292461284,0.6917500197887421,0.02407500147819519,36.937642838899045,0.14364878418708382
diffusion_edm_ve,sde-langevin,mlp,lotka_volterra,0.8914099931716919,0.04534312965062193,0.9078249931335449,0.022825002670288086,36.948546323738995,0.2483232022104266
diffusion_edm_ve,sde-langevin,mlp,slcp,0.7802899956703186,0.05429133777674482,0.7610499858856201,0.038075000047683716,36.50130531154573,0.31887931330393254
diffusion_edm_ve,sde-langevin,mlp,two_moons,0.6422249913215637,0.052686311015072575,0.6235499978065491,0.017750024795532227,36.012878706119956,0.11554017898870565
diffusion_edm_ve,sde-langevin,mlp,bernoulli_glm,0.7946599960327149,0.11029327209027225,0.8098249733448029,0.09597498178482056,36.41526757171378,0.19229896650852882
diffusion_edm_ve,sde-langevin,mlp,slcp_distractors,0.7971149981021881,0.06235900966765914,0.7861250042915344,0.049250006675720215,30.100532118976115,0.16162222771338125
diffusion_edm_ve,sde-langevin,mlp,bernoulli_glm_raw,0.7912800014019012,0.1114119627001983,0.8103749752044678,0.09522503614425659,36.4627877288498,0.11570331642770684
diffusion_edm_ve,sde-langevin,time_mlp,gaussian_mixture,0.6452800035476685,0.03208943583489868,0.6342500150203705,0.019574999809265137,63.19347376860678,0.15211172416914523
diffusion_edm_ve,sde-langevin,time_mlp,sir,0.6071900010108948,0.0205235492586653,0.6042749881744385,0.012849986553192139,63.231806970667094,0.19140621886008496
diffusion_edm_ve,sde-langevin,time_mlp,gaussian_linear,0.7029150009155274,0.042125698466818254,0.6987249851226807,0.02957502007484436,62.948002885375175,0.19462604013458612
diffusion_edm_ve,sde-langevin,time_mlp,gaussian_linear_uniform,0.6822999954223633,0.0324556915484675,0.6845249831676483,0.02664998173713684,62.359406348969785,0.2167662393271166
diffusion_edm_ve,sde-langevin,time_mlp,lotka_volterra,0.7773100018501282,0.06717451594955062,0.7772749960422516,0.05349999666213989,63.13788012051955,0.1404699072548172
diffusion_edm_ve,sde-langevin,time_mlp,slcp,0.7523949980735779,0.05360699564256227,0.7329750061035156,0.04317501187324524,69.21582547854632,1.6616669963401933
diffusion_edm_ve,sde-langevin,time_mlp,two_moons,0.6017599999904633,0.04935496066541035,0.5912500023841858,0.022100001573562622,61.84604662405327,0.6578202388792129
diffusion_edm_ve,sde-langevin,time_mlp,bernoulli_glm,0.7460850000381469,0.0987184482897819,0.7531000077724457,0.09970000386238098,62.28753609927371,0.3150705423313939
diffusion_edm_ve,sde-langevin,time_mlp,slcp_distractors,0.7521850109100342,0.04892117252343714,0.7530250251293182,0.035275012254714966,62.756378260813655,0.16751844114689826
diffusion_edm_ve,sde-langevin,time_mlp,bernoulli_glm_raw,0.7504449963569642,0.09965963768381882,0.7558499872684479,0.09150001406669617,63.49842865150422,0.31614124880193367
diffusion_cosine_F,sde-langevin,mlp,gaussian_mixture,0.6926650106906891,0.01936624927556463,0.6883500218391418,0.010374993085861206,31.688883299566804,0.1691523307602544
diffusion_cosine_F,sde-langevin,mlp,sir,0.7593199968338012,0.03623801265762777,0.7770749926567078,0.006125003099441528,37.967363433446735,0.1409339789664788
diffusion_cosine_F,sde-langevin,mlp,gaussian_linear,0.509529995918274,0.004411296008125283,0.5087999999523163,0.0022749900817871094,40.616510468628256,1.6092432443209428
diffusion_cosine_F,sde-langevin,mlp,gaussian_linear_uniform,0.5229099988937378,0.005185496863264938,0.5240499973297119,0.0021750032901763916,38.11675307424739,0.24600185149897577
diffusion_cosine_F,sde-langevin,mlp,lotka_volterra,0.9434399962425232,0.0235426109243122,0.9484750032424927,0.013799995183944702,38.168933269102126,0.14202373336558463
diffusion_cosine_F,sde-langevin,mlp,slcp,0.7951550006866455,0.07926620846524984,0.7688249945640564,0.054625004529953,41.81467990297824,1.1174575323232894
diffusion_cosine_F,sde-langevin,mlp,two_moons,0.722350001335144,0.039728154371641865,0.7228249907493591,0.02807500958442688,38.91388731691986,0.19729329957789987
diffusion_cosine_F,sde-langevin,mlp,bernoulli_glm,0.6534450054168701,0.05347152512864076,0.6446000039577484,0.046000003814697266,41.93806672189385,1.223367843271
diffusion_cosine_F,sde-langevin,mlp,slcp_distractors,0.8210099995136261,0.07209787074436286,0.7854750156402588,0.0471000075340271,37.976794813293964,0.18680168459804852
diffusion_cosine_F,sde-langevin,mlp,bernoulli_glm_raw,0.6413900017738342,0.03750207891474593,0.6402499973773956,0.034074991941452026,38.52474667951465,0.34501684069635075
diffusion_cosine_F,sde-langevin,time_mlp,gaussian_mixture,0.6645250082015991,0.022800996511213367,0.6735750138759613,0.008799999952316284,65.53040289822965,0.18475314860040776
diffusion_cosine_F,sde-langevin,time_mlp,sir,0.7397599995136261,0.04226354896538955,0.7649999856948853,0.014275014400482178,71.85526206828654,0.645548968576129
diffusion_cosine_F,sde-langevin,time_mlp,gaussian_linear,0.5235900044441223,0.005172524204851924,0.5226750075817108,0.003475010395050049,64.29897522944957,1.1995654252957022
diffusion_cosine_F,sde-langevin,time_mlp,gaussian_linear_uniform,0.5273250043392181,0.005818311991180163,0.5254999995231628,0.004400014877319336,64.48066404378042,0.19348177629511168
diffusion_cosine_F,sde-langevin,time_mlp,lotka_volterra,0.9183749973773956,0.023312134676688575,0.9225749969482422,0.0165250301361084,64.61607375768945,0.12268317444589097
diffusion_cosine_F,sde-langevin,time_mlp,slcp,0.7299849987030029,0.10760736519350296,0.684924989938736,0.09719997644424438,64.90098143992945,0.24229213531940905
diffusion_cosine_F,sde-langevin,time_mlp,two_moons,0.6785249948501587,0.04601574546362747,0.6847749948501587,0.03870001435279846,64.86688874503598,0.7507715741884271
diffusion_cosine_F,sde-langevin,time_mlp,bernoulli_glm,0.5838450074195862,0.010907875479936713,0.5833500027656555,0.005924999713897705,66.21313014840707,0.34549971636891397
diffusion_cosine_F,sde-langevin,time_mlp,slcp_distractors,0.7290799915790558,0.10507183597517614,0.6976999938488007,0.09732499718666077,54.912685284111646,0.187344472201848
diffusion_cosine_F,sde-langevin,time_mlp,bernoulli_glm_raw,0.588465005159378,0.012519004916332403,0.5838000178337097,0.006125003099441528,54.499100458528844,0.2358341335795413
diffusion_cosine_v,sde-langevin,mlp,gaussian_mixture,0.6910699903964996,0.01927808371838192,0.6857249736785889,0.009324997663497925,36.13310683974996,0.1561576850926318
diffusion_cosine_v,sde-langevin,mlp,sir,0.7594599962234497,0.03268150169689805,0.7748500108718872,0.00657498836517334,36.021240384317935,0.16149477401822
diffusion_cosine_v,sde-langevin,mlp,gaussian_linear,0.5103000044822693,0.004465582953374176,0.5095250010490417,0.001949995756149292,36.02405777852982,0.10345145565277343
diffusion_cosine_v,sde-langevin,mlp,gaussian_linear_uniform,0.5274549961090088,0.004814947905244679,0.5278750061988831,0.0031999945640563965,36.76897169584409,0.11440866701402215
diffusion_cosine_v,sde-langevin,mlp,lotka_volterra,0.9438050031661988,0.02201286853710769,0.9501749873161316,0.0104999840259552,36.43913714149967,0.21092751730631534
diffusion_cosine_v,sde-langevin,mlp,slcp,0.7811099946498871,0.07813783303298566,0.7394749820232391,0.03542497754096985,35.650331342406574,0.10472575331629684
diffusion_cosine_v,sde-langevin,mlp,two_moons,0.7183100044727325,0.042939537018530385,0.722775012254715,0.026174992322921753,35.50902111772448,0.1409616909695792
diffusion_cosine_v,sde-langevin,mlp,bernoulli_glm,0.65174999833107,0.04966303028640914,0.6487999856472015,0.04815000295639038,36.200300495512785,0.13773501688129133
diffusion_cosine_v,sde-langevin,mlp,slcp_distractors,0.8186650097370147,0.0696134008376593,0.7846750020980835,0.04074999690055847,36.42368771797046,0.12106291355618791
diffusion_cosine_v,sde-langevin,mlp,bernoulli_glm_raw,0.6409599900245666,0.03729098753232139,0.6426249742507935,0.028724998235702515,30.16642653737217,0.06721997488207881
diffusion_cosine_v,sde-langevin,time_mlp,gaussian_mixture,0.6645550072193146,0.02103444635717646,0.6741500198841095,0.007824987173080444,62.90038060126826,0.21275630953728245
diffusion_cosine_v,sde-langevin,time_mlp,sir,0.7404249966144562,0.04139054796811987,0.7658250033855438,0.013274997472763062,52.568529094662516,0.3317530140439967
diffusion_cosine_v,sde-langevin,time_mlp,gaussian_linear,0.5121899992227554,0.0067106923023673,0.5125750005245209,0.005625009536743164,52.46614557383582,0.32375963037454153
diffusion_cosine_v,sde-langevin,time_mlp,gaussian_linear_uniform,0.526230001449585,0.005691624605530856,0.5273500084877014,0.0020999908447265625,62.59059070739895,0.09462064839335967
diffusion_cosine_v,sde-langevin,time_mlp,lotka_volterra,0.9197650074958801,0.026565867008711046,0.923550009727478,0.021474987268447876,61.5496883014217,0.1169978283803427
diffusion_cosine_v,sde-langevin,time_mlp,slcp,0.7266349971294404,0.10857974583548442,0.6920750141143799,0.08380001783370972,63.08503719065338,0.3338803519253365
diffusion_cosine_v,sde-langevin,time_mlp,two_moons,0.6785049915313721,0.045053053488546095,0.6906749904155731,0.03472501039505005,64.20492307189852,0.20639772013098792
diffusion_cosine_v,sde-langevin,time_mlp,bernoulli_glm,0.584595000743866,0.006453850242638737,0.5852749943733215,0.0031999945640563965,64.43340696850791,0.23486399108936487
diffusion_cosine_v,sde-langevin,time_mlp,slcp_distractors,0.7203399956226348,0.10272427992722193,0.6718249917030334,0.06972500681877136,62.85283153057098,0.1729622728264012
diffusion_cosine_v,sde-langevin,time_mlp,bernoulli_glm_raw,0.5872400045394898,0.010149528902605372,0.5913250148296356,0.0036250054836273193,64.04257328659295,0.22241687380322137
diffusion_cosine_v_lw,sde-langevin,mlp,gaussian_mixture,0.6963349997997283,0.022844879371864902,0.68545001745224,0.007124990224838257,30.442869534995406,0.10142037025438165
diffusion_cosine_v_lw,sde-langevin,mlp,sir,0.760304993391037,0.03370688253515612,0.7781499922275543,0.0032750070095062256,38.195214248634876,0.795340516986287
diffusion_cosine_v_lw,sde-langevin,mlp,gaussian_linear,0.5100199997425079,0.0017771008696909057,0.5102750062942505,0.0012499988079071045,39.22215355718508,0.6613841550756685
diffusion_cosine_v_lw,sde-langevin,mlp,gaussian_linear_uniform,0.5215049922466278,0.005028892202144164,0.5208999812602997,0.0037499964237213135,36.25939636444673,0.08675884060278417
diffusion_cosine_v_lw,sde-langevin,mlp,lotka_volterra,0.945184999704361,0.019329371745292766,0.9475249946117401,0.012024998664855957,36.11729311915114,0.2123525318604549
diffusion_cosine_v_lw,sde-langevin,mlp,slcp,0.7893900036811828,0.08168274536830442,0.7602500021457672,0.046825021505355835,36.1650374930352,0.12499313141064554
diffusion_cosine_v_lw,sde-langevin,mlp,two_moons,0.7185699939727783,0.04418158210927087,0.728674978017807,0.0247499942779541,30.000303910672663,0.17574184078615196
diffusion_cosine_v_lw,sde-langevin,mlp,bernoulli_glm,0.65031498670578,0.04652462995890094,0.6440249979496002,0.04247501492500305,35.8383234500885,0.1474642692669916
diffusion_cosine_v_lw,sde-langevin,mlp,slcp_distractors,0.7998949944972992,0.0741636471798485,0.7604999840259552,0.034699976444244385,36.21322895400226,0.26385569206869547
diffusion_cosine_v_lw,sde-langevin,mlp,bernoulli_glm_raw,0.6389400064945221,0.031699477555692815,0.6310000121593475,0.033699989318847656,36.01383033636957,0.1882752359754334
diffusion_cosine_v_lw,sde-langevin,time_mlp,gaussian_mixture,0.6650799989700318,0.01980012859648786,0.6721749901771545,0.009775012731552124,63.84748939722776,0.18545097534571792
diffusion_cosine_v_lw,sde-langevin,time_mlp,sir,0.7383399903774261,0.040474072985372166,0.7628499865531921,0.012800008058547974,62.67487634215504,0.33713880138336116
diffusion_cosine_v_lw,sde-langevin,time_mlp,gaussian_linear,0.5081950008869172,0.0023911874352812064,0.5091000199317932,0.0010249912738800049,64.22750971065834,0.4928961225815064
diffusion_cosine_v_lw,sde-langevin,time_mlp,gaussian_linear_uniform,0.5262199997901916,0.006597688856254255,0.5245499908924103,0.004274964332580566,62.674499886855486,0.23949528211549434
diffusion_cosine_v_lw,sde-langevin,time_mlp,lotka_volterra,0.9206700026988983,0.02080960413723372,0.923675000667572,0.011299997568130493,63.394331599771974,0.25166434064297044
diffusion_cosine_v_lw,sde-langevin,time_mlp,slcp,0.7225449979305267,0.10422159388810065,0.678074985742569,0.07372498512268066,63.58305763741955,0.17114951942392082
diffusion_cosine_v_lw,sde-langevin,time_mlp,two_moons,0.6717000067234039,0.04864658618401791,0.6834000051021576,0.037799984216690063,64.19972521243616,0.3533040022323861
diffusion_cosine_v_lw,sde-langevin,time_mlp,bernoulli_glm,0.5904699921607971,0.011513503047920379,0.5929499864578247,0.007074981927871704,63.46531928349286,0.19752759761728522
diffusion_cosine_v_lw,sde-langevin,time_mlp,slcp_distractors,0.7231300055980683,0.1010090551814671,0.6988250017166138,0.09804999828338623,63.541828830726445,0.42416519492041715
diffusion_cosine_v_lw,sde-langevin,time_mlp,bernoulli_glm_raw,0.5909350037574768,0.012569865086018431,0.5901249945163727,0.005199998617172241,63.72547225728631,0.2012131467121841
diffusion_cosine_noise,sde-langevin,mlp,gaussian_mixture,0.6901300013065338,0.022331594172933626,0.6830250024795532,0.010275006294250488,35.838950853981075,0.25317881566976813
diffusion_cosine_noise,sde-langevin,mlp,sir,0.7619100093841553,0.034761869989763744,0.7792499959468842,0.005850017070770264,35.307495578937235,0.09385336499223944
diffusion_cosine_noise,sde-langevin,mlp,gaussian_linear,0.5100799977779389,0.0035959186047731244,0.5104750096797943,0.003500014543533325,36.29346454543993,0.10504296608459149
diffusion_cosine_noise,sde-langevin,mlp,gaussian_linear_uniform,0.5195400059223175,0.006138552815560068,0.5173999965190887,0.003999978303909302,36.05615679379552,0.12736182951862626
diffusion_cosine_noise,sde-langevin,mlp,lotka_volterra,0.9453349947929383,0.02127781882339252,0.9461999833583832,0.016325026750564575,35.96876293765381,0.09475740407459113
diffusion_cosine_noise,sde-langevin,mlp,slcp,0.7929900109767913,0.0908806731183457,0.7605000138282776,0.05504998564720154,36.69429503148422,0.0841917369149366
diffusion_cosine_noise,sde-langevin,mlp,two_moons,0.7108950078487396,0.04303363173162831,0.7115499973297119,0.03157499432563782,39.69442434646189,1.236804662111337
diffusion_cosine_noise,sde-langevin,mlp,bernoulli_glm,0.6453700065612793,0.048510833500585444,0.6359750032424927,0.040124982595443726,41.0555927220732,0.14979683345002487
diffusion_cosine_noise,sde-langevin,mlp,slcp_distractors,0.8194400012493134,0.07033682120002885,0.7983750104904175,0.060725003480911255,36.480246811453256,0.3281269120413431
diffusion_cosine_noise,sde-langevin,mlp,bernoulli_glm_raw,0.6434199988842011,0.037269534977765195,0.6413249969482422,0.0361500084400177,36.19811729229987,0.2088492094947319
diffusion_cosine_noise,sde-langevin,time_mlp,gaussian_mixture,0.6657549977302551,0.021467213108509638,0.6755000054836273,0.005075007677078247,68.77631187085062,2.0188030405345505
diffusion_cosine_noise,sde-langevin,time_mlp,sir,0.7363850057125092,0.041209309917589934,0.7602500021457672,0.015974998474121094,54.14406574610621,0.11045576954009917
diffusion_cosine_noise,sde-langevin,time_mlp,gaussian_linear,0.5130599975585938,0.0068613353737926285,0.513049989938736,0.004124999046325684,63.43238663375378,0.37446855596710266
diffusion_cosine_noise,sde-langevin,time_mlp,gaussian_linear_uniform,0.5237799942493438,0.0033801743867361736,0.5239249765872955,0.0030249953269958496,62.32239248501137,0.6838726170575746
diffusion_cosine_noise,sde-langevin,time_mlp,lotka_volterra,0.9194399952888489,0.025846795661444332,0.9211750030517578,0.012875020503997803,65.35284657971934,1.3027524523581147
diffusion_cosine_noise,sde-langevin,time_mlp,slcp,0.7277649998664856,0.10177096246318472,0.6842249929904938,0.07532498240470886,68.24972145445645,1.6129607711635772
diffusion_cosine_noise,sde-langevin,time_mlp,two_moons,0.6763850092887879,0.0471670431191914,0.6889249980449677,0.037249982357025146,62.40772193400189,0.8075534266434827
diffusion_cosine_noise,sde-langevin,time_mlp,bernoulli_glm,0.584469997882843,0.00872273321226608,0.5872499942779541,0.0073499977588653564,68.95111966421828,2.1165569767370256
diffusion_cosine_noise,sde-langevin,time_mlp,slcp_distractors,0.7247699975967408,0.10616815830353307,0.6935250163078308,0.0840499997138977,68.70840600142256,0.62831035809256
diffusion_cosine_noise,sde-langevin,time_mlp,bernoulli_glm_raw,0.5874549984931946,0.007554339168864385,0.5861499905586243,0.00694999098777771,61.887244685180484,0.1287222670627142
diffusion_edm_vp,sde-langevin-pc,mlp,gaussian_mixture,0.7217699944972992,0.0270037698816248,0.7141750156879425,0.009075015783309937,214.6203454585746,0.185546452931249
diffusion_edm_vp,sde-langevin-pc,mlp,sir,0.7576750040054321,0.018821194002298026,0.7551499903202057,0.013675004243850708,218.96219277139753,1.6086369658173953
diffusion_edm_vp,sde-langevin-pc,mlp,gaussian_linear,0.5661400079727172,0.010464943924082877,0.5665750205516815,0.009375005960464478,218.25785232521594,0.3016765806357501
diffusion_edm_vp,sde-langevin-pc,mlp,gaussian_linear_uniform,0.5586649954319001,0.0071221760849222516,0.5564749836921692,0.005524963140487671,215.83827859256417,0.4357633757778742
diffusion_edm_vp,sde-langevin-pc,mlp,lotka_volterra,0.9001799941062927,0.042227528513470024,0.9024749994277954,0.03819999098777771,218.9900469886139,1.4100287037578816
diffusion_edm_vp,sde-langevin-pc,mlp,slcp,0.8076849997043609,0.049867495784623246,0.7852250039577484,0.027750015258789062,211.82212995178998,0.056068833885985915
diffusion_edm_vp,sde-langevin-pc,mlp,two_moons,0.7379200041294098,0.03204743676501427,0.7458249926567078,0.02120000123977661,214.9054141155444,0.5261180431679322
diffusion_edm_vp,sde-langevin-pc,mlp,bernoulli_glm,0.6793500006198883,0.0755002596673749,0.6742250025272369,0.07032498717308044,218.5718026152812,0.11404898158703752
diffusion_edm_vp,sde-langevin-pc,mlp,slcp_distractors,0.8173649966716766,0.060074631175317694,0.7897500097751617,0.030025005340576172,215.91437322897838,2.76919911903679
diffusion_edm_vp,sde-langevin-pc,mlp,bernoulli_glm_raw,0.6633950054645539,0.06225940478511644,0.6635749936103821,0.05502498149871826,216.92783104628325,0.361009221810605
diffusion_edm_vp,sde-langevin-pc,time_mlp,gaussian_mixture,0.706199997663498,0.017191673432664038,0.7136499881744385,0.010249972343444824,378.57207441618664,4.7649632517823575
diffusion_edm_vp,sde-langevin-pc,time_mlp,sir,0.7382849991321564,0.013906022467588626,0.7406249940395355,0.008424997329711914,370.2051102413796,4.691986437528188
diffusion_edm_vp,sde-langevin-pc,time_mlp,gaussian_linear,0.5814149975776672,0.004658968561180252,0.5820249915122986,0.004224985837936401,336.2524607588537,25.777019023065858
diffusion_edm_vp,sde-langevin-pc,time_mlp,gaussian_linear_uniform,0.5874700009822845,0.007966750122063233,0.5860249996185303,0.004274994134902954,402.3637550008483,2.3328356242880166
diffusion_edm_vp,sde-langevin-pc,time_mlp,lotka_volterra,0.8123099982738495,0.06682778958035526,0.8039250075817108,0.04360002279281616,411.1096322534606,2.202045860213832
diffusion_edm_vp,sde-langevin-pc,time_mlp,slcp,0.7379800021648407,0.07422427020863676,0.7241999804973602,0.05102497339248657,399.2532764834352,11.988343759022586
diffusion_edm_vp,sde-langevin-pc,time_mlp,two_moons,0.7186749994754791,0.024233043876856014,0.7158249914646149,0.021900027990341187,381.6830586266704,0.33549477469202543
diffusion_edm_vp,sde-langevin-pc,time_mlp,bernoulli_glm,0.6150799989700317,0.023845539009815068,0.6083000004291534,0.021400004625320435,407.3918957434595,2.818781218812497
diffusion_edm_vp,sde-langevin-pc,time_mlp,slcp_distractors,0.7488200008869171,0.05597221480574033,0.7177000045776367,0.02695000171661377,334.61426859823985,7.2851660966133265
diffusion_edm_vp,sde-langevin-pc,time_mlp,bernoulli_glm_raw,0.6201549947261811,0.026832448172062078,0.6184999942779541,0.02347499132156372,336.50117190945895,7.562290933202494
diffusion_edm_vp_ema,sde-langevin-pc,mlp,gaussian_mixture,0.7238950073719025,0.02417410629139772,0.7170999944210052,0.007600009441375732,184.82405241914094,11.272669550926551
diffusion_edm_vp_ema,sde-langevin-pc,mlp,sir,0.7503150045871735,0.012515794986839501,0.7506749927997589,0.006900012493133545,214.04739184351638,0.1813210366724922
diffusion_edm_vp_ema,sde-langevin-pc,mlp,gaussian_linear,0.5632799983024597,0.0047689739829363045,0.5625250041484833,0.00392499566078186,222.64950952902436,0.11512304111967361
diffusion_edm_vp_ema,sde-langevin-pc,mlp,gaussian_linear_uniform,0.5619599997997284,0.009430903606029342,0.5601000189781189,0.007899999618530273,179.91600068146363,0.15987381397201783
diffusion_edm_vp_ema,sde-langevin-pc,mlp,lotka_volterra,0.9031800091266632,0.04155077522969183,0.9147250056266785,0.02567499876022339,215.1601481720805,0.5676160174668641
diffusion_edm_vp_ema,sde-langevin-pc,mlp,slcp,0.7979450047016143,0.06698289158084661,0.7683750092983246,0.05077502131462097,218.3815604129806,0.10338970003805087
diffusion_edm_vp_ema,sde-langevin-pc,mlp,two_moons,0.7319250047206879,0.037721168018533285,0.7477750182151794,0.01162499189376831,213.83757273592056,0.16466595820034996
diffusion_edm_vp_ema,sde-langevin-pc,mlp,bernoulli_glm,0.6816449940204621,0.07470355400643726,0.6809749901294708,0.07249999046325684,219.71796310916542,0.5043284829869414
diffusion_edm_vp_ema,sde-langevin-pc,mlp,slcp_distractors,0.8317999958992004,0.05203288620037304,0.804874986410141,0.02432498335838318,217.64290715437383,0.23186080119882588
diffusion_edm_vp_ema,sde-langevin-pc,mlp,bernoulli_glm_raw,0.6587599992752076,0.05466055164133265,0.6620250046253204,0.0513249933719635,218.5666070380248,0.09029829296366193
diffusion_edm_vp_ema,sde-langevin-pc,time_mlp,gaussian_mixture,0.6975250005722046,0.016836223805760664,0.695499986410141,0.011899977922439575,381.52063711844386,0.9668244359429634
diffusion_edm_vp_ema,sde-langevin-pc,time_mlp,sir,0.7335449934005738,0.015273398484486271,0.7320999801158905,0.012924998998641968,368.5316030619666,0.32577966227465827
diffusion_edm_vp_ema,sde-langevin-pc,time_mlp,gaussian_linear,0.5907000005245209,0.005144606269706429,0.592074990272522,0.004200011491775513,410.87640912178904,1.1132795036275982
diffusion_edm_vp_ema,sde-langevin-pc,time_mlp,gaussian_linear_uniform,0.5755649983882904,0.010041673598916908,0.5743999779224396,0.00662502646446228,380.4685543381609,0.32329396689123857
diffusion_edm_vp_ema,sde-langevin-pc,time_mlp,lotka_volterra,0.8223049938678741,0.05711448824372624,0.8104999959468842,0.04217499494552612,315.97914679171515,0.38381483973166436
diffusion_edm_vp_ema,sde-langevin-pc,time_mlp,slcp,0.7451849997043609,0.05918307906187134,0.7168000042438507,0.020325005054473877,382.7788908585906,0.304601941648677
diffusion_edm_vp_ema,sde-langevin-pc,time_mlp,two_moons,0.6979550123214722,0.026259604068900867,0.7042999863624573,0.00792500376701355,381.7876710456796,0.822652084513404
diffusion_edm_vp_ema,sde-langevin-pc,time_mlp,bernoulli_glm,0.6074650049209595,0.025106805012504726,0.605774998664856,0.02054998278617859,381.55712739964946,1.322992073405195
diffusion_edm_vp_ema,sde-langevin-pc,time_mlp,slcp_distractors,0.741839998960495,0.07002203539722862,0.7263249754905701,0.053799986839294434,367.48117654547093,3.4023517584890812
diffusion_edm_vp_ema,sde-langevin-pc,time_mlp,bernoulli_glm_raw,0.6299799978733063,0.025175829268524075,0.6227749884128571,0.025249987840652466,407.4612813580781,8.658262548119584
diffusion_edm_ve,sde-langevin-pc,mlp,gaussian_mixture,0.7352649986743927,0.030866543071171915,0.7361499965190887,0.023000001907348633,212.36379843782635,0.13984566295911588
diffusion_edm_ve,sde-langevin-pc,mlp,sir,0.7585097551345825,0.03219570819078195,0.7636917233467102,0.018700003623962402,217.3700090485625,0.8697245307244551
diffusion_edm_ve,sde-langevin-pc,mlp,gaussian_linear,0.6726550102233887,0.041207272263890045,0.6651250123977661,0.033699989318847656,223.69336075698956,1.5738666294794557
diffusion_edm_ve,sde-langevin-pc,mlp,gaussian_linear_uniform,0.6801699995994568,0.027814616168059757,0.6856000125408173,0.021849989891052246,219.6510310861282,0.7502995883998157
diffusion_edm_ve,sde-langevin-pc,mlp,lotka_volterra,0.9052549958229065,0.0423857491093829,0.912324994802475,0.014999985694885254,219.53096995111554,0.6890963648202494
diffusion_edm_ve,sde-langevin-pc,mlp,slcp,0.8187099993228912,0.04720785002270682,0.8049499988555908,0.04582497477531433,216.96489367252215,1.5800481354747238
diffusion_edm_ve,sde-langevin-pc,mlp,two_moons,0.7408050000667572,0.0312199992191713,0.7521249949932098,0.015799999237060547,214.46059434367345,0.7640734704227833
diffusion_edm_ve,sde-langevin-pc,mlp,bernoulli_glm,0.7881049931049346,0.1126473066578114,0.8075999915599823,0.09975001215934753,216.71325143352152,0.2869457960975494
diffusion_edm_ve,sde-langevin-pc,mlp,slcp_distractors,0.8305400013923645,0.05504470778255478,0.8253749907016754,0.05157497525215149,179.87069717524574,0.6887599009957666
diffusion_edm_ve,sde-langevin-pc,mlp,bernoulli_glm_raw,0.7816499948501587,0.1137024414381825,0.8022249937057495,0.09430000185966492,217.32097543431445,0.1307249722954161
diffusion_edm_ve,sde-langevin-pc,time_mlp,gaussian_mixture,0.7105900049209595,0.015973669110024135,0.7055250108242035,0.007225006818771362,377.22196879796684,0.4722147010772809
diffusion_edm_ve,sde-langevin-pc,time_mlp,sir,0.730664998292923,0.013061774018784172,0.7265999913215637,0.006475001573562622,377.83720932789146,0.8529687565233648
diffusion_edm_ve,sde-langevin-pc,time_mlp,gaussian_linear,0.6581900000572205,0.04026009030043404,0.647475004196167,0.03180000185966492,375.88551241122184,1.0517138447643197
diffusion_edm_ve,sde-langevin-pc,time_mlp,gaussian_linear_uniform,0.6652050018310547,0.030621053352386938,0.6618750095367432,0.024475008249282837,373.0424125215039,0.408062073122906
diffusion_edm_ve,sde-langevin-pc,time_mlp,lotka_volterra,0.8163250088691711,0.059222771640224915,0.8173500001430511,0.039599984884262085,377.0955383981578,0.8459307969492764
diffusion_edm_ve,sde-langevin-pc,time_mlp,slcp,0.7742550134658813,0.05337508546731856,0.7571250200271606,0.0440250039100647,413.56478529274466,3.979649265975216
diffusion_edm_ve,sde-langevin-pc,time_mlp,two_moons,0.7101100027561188,0.04441268792951899,0.7232999801635742,0.02927502989768982,369.0432282699272,4.557687673970865
diffusion_edm_ve,sde-langevin-pc,time_mlp,bernoulli_glm,0.7404750049114227,0.10016172301103365,0.7479999959468842,0.10060000419616699,372.6444524951279,1.8052621113921412
diffusion_edm_ve,sde-langevin-pc,time_mlp,slcp_distractors,0.767600005865097,0.04893492197026738,0.7575249969959259,0.05035001039505005,375.57501619309187,0.7408379783589171
diffusion_edm_ve,sde-langevin-pc,time_mlp,bernoulli_glm_raw,0.7451299965381623,0.09742501614049318,0.7541249990463257,0.08980000019073486,379.6938618837856,2.2339846286499006
diffusion_cosine_F,sde-langevin-pc,mlp,gaussian_mixture,0.738919997215271,0.017326189556227705,0.7358250021934509,0.008475005626678467,188.99217209629714,0.7457979670784707
diffusion_cosine_F,sde-langevin-pc,mlp,sir,0.8387950003147125,0.03520653942710552,0.8631750047206879,0.008874982595443726,226.36052465308458,0.8498393775194913
diffusion_cosine_F,sde-langevin-pc,mlp,gaussian_linear,0.5378850042819977,0.0039177187427895405,0.5380000174045563,0.003600001335144043,247.69688711697236,6.742691607860366
diffusion_cosine_F,sde-langevin-pc,mlp,gaussian_linear_uniform,0.5453149974346161,0.0058812805285525975,0.5453499853610992,0.00550001859664917,226.93548704674467,0.7922186343853139
diffusion_cosine_F,sde-langevin-pc,mlp,lotka_volterra,0.953410005569458,0.02012470242101165,0.9601750075817108,0.012549996376037598,227.80361803965644,0.5446352693009983
diffusion_cosine_F,sde-langevin-pc,mlp,slcp,0.8315999984741211,0.06989168255529649,0.818450003862381,0.06132498383522034,249.9079616662115,2.3561800548492875
diffusion_cosine_F,sde-langevin-pc,mlp,two_moons,0.8046050012111664,0.04047134172532933,0.8079250156879425,0.03797498345375061,231.70146606713533,0.7117572207350837
diffusion_cosine_F,sde-langevin-pc,mlp,bernoulli_glm,0.6632849991321563,0.05052055831778621,0.6572249829769135,0.04944998025894165,250.5362862624228,2.712412051770099
diffusion_cosine_F,sde-langevin-pc,mlp,slcp_distractors,0.8545199990272522,0.06033777468363903,0.8337250053882599,0.04665002226829529,226.1338756904006,0.605832448923871
diffusion_cosine_F,sde-langevin-pc,mlp,bernoulli_glm_raw,0.65102499127388,0.03835675638230734,0.6545249819755554,0.03525000810623169,229.11944484049454,0.7917339361575815
diffusion_cosine_F,sde-langevin-pc,time_mlp,gaussian_mixture,0.7231350004673004,0.02024029718501592,0.7251000106334686,0.008324980735778809,392.98232086980715,1.6125129776160432
diffusion_cosine_F,sde-langevin-pc,time_mlp,sir,0.8247099995613099,0.03350155883038779,0.8427249789237976,0.01787501573562622,427.42605990180743,4.634400570068948
diffusion_cosine_F,sde-langevin-pc,time_mlp,gaussian_linear,0.5759350061416626,0.004793859917708509,0.5757499933242798,0.0028249919414520264,384.36014857729896,7.1571468550241075
diffusion_cosine_F,sde-langevin-pc,time_mlp,gaussian_linear_uniform,0.5550850093364715,0.006051822679508338,0.5544250011444092,0.0017000138759613037,384.885589915514,2.634779435373929
diffusion_cosine_F,sde-langevin-pc,time_mlp,lotka_volterra,0.9309449970722199,0.022334592477298913,0.9343999922275543,0.016474992036819458,386.3716421945952,0.36679126028154563
diffusion_cosine_F,sde-langevin-pc,time_mlp,slcp,0.784894996881485,0.08116434579638494,0.7526000142097473,0.06232500076293945,387.9765483156778,1.6339777650653295
diffusion_cosine_F,sde-langevin-pc,time_mlp,two_moons,0.7910100042819976,0.030700900018074108,0.7985750138759613,0.0247499942779541,388.2465552070178,4.493402881666005
diffusion_cosine_F,sde-langevin-pc,time_mlp,bernoulli_glm,0.6021099984645844,0.01139938029361424,0.6026749908924103,0.009074985980987549,395.5849936637096,2.082088704238298
diffusion_cosine_F,sde-langevin-pc,time_mlp,slcp_distractors,0.7763249993324279,0.08453697877359286,0.7536250054836273,0.07977497577667236,329.0185063696466,1.0570307696713412
diffusion_cosine_F,sde-langevin-pc,time_mlp,bernoulli_glm_raw,0.606630003452301,0.011434115882834254,0.6045999825000763,0.006449997425079346,325.84090517153965,0.8345499817900229
diffusion_cosine_v,sde-langevin-pc,mlp,gaussian_mixture,0.735685008764267,0.02093088956009247,0.7320750057697296,0.01012498140335083,214.72842923402786,0.7917881391547724
diffusion_cosine_v,sde-langevin-pc,mlp,sir,0.8419800043106079,0.03029009341797202,0.8576750159263611,0.015574991703033447,214.24748952165245,0.5635774840282479
diffusion_cosine_v,sde-langevin-pc,mlp,gaussian_linear,0.5360500037670135,0.0030286161270780365,0.536175012588501,0.0022749900817871094,214.62959361309186,0.24952520424430075
diffusion_cosine_v,sde-langevin-pc,mlp,gaussian_linear_uniform,0.5440000057220459,0.005452113627755723,0.5428000092506409,0.004824995994567871,218.67791076265274,0.23998170584864478
diffusion_cosine_v,sde-langevin-pc,mlp,lotka_volterra,0.9539399981498718,0.01812556558802269,0.9594749808311462,0.010250002145767212,216.58102099597454,0.8565793773648959
diffusion_cosine_v,sde-langevin-pc,mlp,slcp,0.8217099905014038,0.06502302027181318,0.7966499924659729,0.04567500948905945,212.21055123675615,0.23680223909922263
diffusion_cosine_v,sde-langevin-pc,mlp,two_moons,0.8085249960422516,0.035949980759710946,0.8124749958515167,0.035299986600875854,211.53121862970292,0.4442321312964234
diffusion_cosine_v,sde-langevin-pc,mlp,bernoulli_glm,0.6646700143814087,0.04909948795323196,0.6643750071525574,0.04737502336502075,215.23602358112112,0.37287550262345753
diffusion_cosine_v,sde-langevin-pc,mlp,slcp_distractors,0.8520650029182434,0.05521302834964012,0.8301750123500824,0.03772500157356262,216.82859378186987,0.31661986708504464
diffusion_cosine_v,sde-langevin-pc,mlp,bernoulli_glm_raw,0.6501500010490417,0.03627932119062722,0.6491750180721283,0.036274999380111694,179.48044166518375,0.37812683481935533
diffusion_cosine_v,sde-langevin-pc,time_mlp,gaussian_mixture,0.7276900053024292,0.014097269664184217,0.7286250293254852,0.006474971771240234,376.1645255743526,1.0185649243084192
diffusion_cosine_v,sde-langevin-pc,time_mlp,sir,0.8253650009632111,0.03057311948871676,0.8425750136375427,0.015374988317489624,313.1532630946487,1.0174291783791927
diffusion_cosine_v,sde-langevin-pc,time_mlp,gaussian_linear,0.5352100014686585,0.002907648109727837,0.5353000164031982,0.0021750032901763916,313.4188520604745,1.0662998423378576
diffusion_cosine_v,sde-langevin-pc,time_mlp,gaussian_linear_uniform,0.5521149933338165,0.004852980911310385,0.5525749921798706,0.0034499764442443848,374.3184434607625,0.40380235887971283
diffusion_cosine_v,sde-langevin-pc,time_mlp,lotka_volterra,0.9313249886035919,0.023014277941174152,0.9359749853610992,0.016849994659423828,368.0210937181488,0.3171279003409479
diffusion_cosine_v,sde-langevin-pc,time_mlp,slcp,0.7782299995422364,0.08650242983713244,0.7551249861717224,0.06402501463890076,375.943944985047,2.7082716511338325
diffusion_cosine_v,sde-langevin-pc,time_mlp,two_moons,0.7955000042915344,0.034690377627651155,0.8041250109672546,0.009849995374679565,381.9717750265263,1.4457863954031203
diffusion_cosine_v,sde-langevin-pc,time_mlp,bernoulli_glm,0.6038899958133698,0.006460263596350485,0.6061000227928162,0.003474980592727661,384.97048949534076,0.8353555698968932
diffusion_cosine_v,sde-langevin-pc,time_mlp,slcp_distractors,0.7796049952507019,0.07561285451645176,0.7470999956130981,0.04732498526573181,374.75739700589327,1.7705982757531598
diffusion_cosine_v,sde-langevin-pc,time_mlp,bernoulli_glm_raw,0.6065400063991546,0.008708847792272396,0.6079249978065491,0.0068250298500061035,382.0300884947181,1.0388420635180882
diffusion_cosine_v_lw,sde-langevin-pc,mlp,gaussian_mixture,0.7368149995803833,0.020167080892357594,0.729324996471405,0.007050007581710815,181.2025145366788,0.5093318611350388
diffusion_cosine_v_lw,sde-langevin-pc,mlp,sir,0.8432249963283539,0.03543558577909345,0.8653500080108643,0.011824965476989746,227.07051792582496,3.421737123397165
diffusion_cosine_v_lw,sde-langevin-pc,mlp,gaussian_linear,0.5336600005626678,0.006668077706470573,0.5343250036239624,0.006074994802474976,233.7405177904293,3.8075384473903306
diffusion_cosine_v_lw,sde-langevin-pc,mlp,gaussian_linear_uniform,0.5420499920845032,0.006065974734513939,0.5417250096797943,0.0033250153064727783,215.6872746651061,0.14311895406296615
diffusion_cosine_v_lw,sde-langevin-pc,mlp,lotka_volterra,0.9534149944782258,0.017772052613409667,0.9587499797344208,0.00942501425743103,214.85755464015529,0.925058814091755
diffusion_cosine_v_lw,sde-langevin-pc,mlp,slcp,0.824150002002716,0.06812297545563817,0.8010750114917755,0.05224999785423279,215.1350327248685,0.41520340034527997
diffusion_cosine_v_lw,sde-langevin-pc,mlp,two_moons,0.8032600045204162,0.0374016602389,0.7990249991416931,0.026024997234344482,178.45282508237287,0.26365211974922226
diffusion_cosine_v_lw,sde-langevin-pc,mlp,bernoulli_glm,0.6583950042724609,0.04554203008733251,0.6511250138282776,0.04610002040863037,213.65904673822223,0.6091907895367046
diffusion_cosine_v_lw,sde-langevin-pc,mlp,slcp_distractors,0.8376800060272217,0.06354726242217967,0.8127500116825104,0.04182499647140503,215.21363157201557,0.44555406948308973
diffusion_cosine_v_lw,sde-langevin-pc,mlp,bernoulli_glm_raw,0.6514200031757355,0.02748761070249557,0.6447499990463257,0.024725019931793213,214.28241686420515,0.655169960230385
diffusion_cosine_v_lw,sde-langevin-pc,time_mlp,gaussian_mixture,0.729764997959137,0.014010457527496826,0.732574999332428,0.009075015783309937,381.63054995313286,0.7678285216063686
diffusion_cosine_v_lw,sde-langevin-pc,time_mlp,sir,0.8261850118637085,0.03170608716953175,0.8405250012874603,0.016025006771087646,373.58718334957956,1.484987931947052
diffusion_cosine_v_lw,sde-langevin-pc,time_mlp,gaussian_linear,0.5375750005245209,0.0032289485083683797,0.5389750003814697,0.0011250078678131104,383.2633202231489,2.8718253108553298
diffusion_cosine_v_lw,sde-langevin-pc,time_mlp,gaussian_linear_uniform,0.5542600095272064,0.007661450332498983,0.5499000251293182,0.004250019788742065,374.64963504541663,0.8811482323902694
diffusion_cosine_v_lw,sde-langevin-pc,time_mlp,lotka_volterra,0.9335650026798248,0.019727217588770638,0.9399749934673309,0.012624979019165039,378.34970321254804,2.5716698430847003
diffusion_cosine_v_lw,sde-langevin-pc,time_mlp,slcp,0.7844800055027008,0.07597498917370672,0.7410750091075897,0.0335250198841095,380.0351576477289,0.7985845516698252
diffusion_cosine_v_lw,sde-langevin-pc,time_mlp,two_moons,0.7837449848651886,0.03926765483914433,0.7976000010967255,0.022474974393844604,383.69593949299303,2.3362260586247254
diffusion_cosine_v_lw,sde-langevin-pc,time_mlp,bernoulli_glm,0.6079700112342834,0.014212491551553864,0.6010250151157379,0.008799999952316284,379.2217809645459,1.011648037561396
diffusion_cosine_v_lw,sde-langevin-pc,time_mlp,slcp_distractors,0.7769649982452392,0.07744332786620359,0.7541249990463257,0.07095000147819519,379.2835159616545,0.9873042660688246
diffusion_cosine_v_lw,sde-langevin-pc,time_mlp,bernoulli_glm_raw,0.6085750043392182,0.00995321837577678,0.6088750064373016,0.006074994802474976,380.3810240611434,1.4351972155779336
diffusion_cosine_noise,sde-langevin-pc,mlp,gaussian_mixture,0.733605009317398,0.020211395621414656,0.730525016784668,0.011775016784667969,213.13983518444002,1.264104535958831
diffusion_cosine_noise,sde-langevin-pc,mlp,sir,0.8421649992465973,0.033936786838258994,0.862975001335144,0.012349992990493774,209.96508030304685,0.130432220861765
diffusion_cosine_noise,sde-langevin-pc,mlp,gaussian_linear,0.5306849956512452,0.004059069533156874,0.5301750004291534,0.0031499862670898438,216.0231081242673,0.29256143416425257
diffusion_cosine_noise,sde-langevin-pc,mlp,gaussian_linear_uniform,0.5406549990177154,0.005606891936495596,0.5402750074863434,0.004099994897842407,214.65407295878975,0.6649355789425888
diffusion_cosine_noise,sde-langevin-pc,mlp,lotka_volterra,0.9534849941730499,0.018107462967009158,0.9581499993801117,0.010924994945526123,214.15744812982157,0.1329370656535227
diffusion_cosine_noise,sde-langevin-pc,mlp,slcp,0.8298250019550324,0.07321069744272853,0.8049249947071075,0.05299997329711914,218.50560053372755,0.22042655515456963
diffusion_cosine_noise,sde-langevin-pc,mlp,two_moons,0.8115399956703186,0.032288980764841574,0.8077249825000763,0.03095000982284546,235.81298471018673,4.1445105423578745
diffusion_cosine_noise,sde-langevin-pc,mlp,bernoulli_glm,0.6574949979782104,0.047998012554594696,0.6487999856472015,0.04514998197555542,243.44666926851497,0.7918558141815609
diffusion_cosine_noise,sde-langevin-pc,mlp,slcp_distractors,0.850285005569458,0.058900013794087366,0.8327000141143799,0.054474979639053345,216.98244684413075,0.9851028353620814
diffusion_cosine_noise,sde-langevin-pc,mlp,bernoulli_glm_raw,0.654025000333786,0.037515344948084825,0.6546249985694885,0.038599997758865356,215.2885122353211,0.39268080938057015
diffusion_cosine_noise,sde-langevin-pc,time_mlp,gaussian_mixture,0.7345350027084351,0.014361902060112253,0.7365500032901764,0.007499992847442627,412.45693330373615,4.825535642614977
diffusion_cosine_noise,sde-langevin-pc,time_mlp,sir,0.8260700047016144,0.0306337000847084,0.8390749990940094,0.020425021648406982,323.97509929658844,0.40696763963092114
diffusion_cosine_noise,sde-langevin-pc,time_mlp,gaussian_linear,0.540389996767044,0.00595447999061394,0.5420249998569489,0.0045999884605407715,379.4771944537759,1.287436843778735
diffusion_cosine_noise,sde-langevin-pc,time_mlp,gaussian_linear_uniform,0.5488700032234192,0.0052007330160218435,0.5480750203132629,0.0039000213146209717,372.4078695011325,3.496064091679305
diffusion_cosine_noise,sde-langevin-pc,time_mlp,lotka_volterra,0.9313549995422363,0.02177245449191777,0.93299999833107,0.012549996376037598,389.9395186775364,4.631599984409917
diffusion_cosine_noise,sde-langevin-pc,time_mlp,slcp,0.7828299939632416,0.07963731248438502,0.7536499798297882,0.05797499418258667,409.10973095595836,7.693591918088039
diffusion_cosine_noise,sde-langevin-pc,time_mlp,two_moons,0.7900099992752075,0.04063571584587314,0.8000499904155731,0.021900027990341187,373.50957911387087,3.872663744205752
diffusion_cosine_noise,sde-langevin-pc,time_mlp,bernoulli_glm,0.6055599987506867,0.011011180301834725,0.6071249842643738,0.008175015449523926,410.0815309781581,11.706348928619017
diffusion_cosine_noise,sde-langevin-pc,time_mlp,slcp_distractors,0.7758349895477294,0.08484388086039767,0.745375007390976,0.06194999814033508,411.28975960751995,1.924491452300608
diffusion_cosine_noise,sde-langevin-pc,time_mlp,bernoulli_glm_raw,0.6079599976539611,0.007928576172348286,0.6094249784946442,0.0057250261306762695,369.8001640892588,0.4791992849216778
